"V1","V2","V3","V4","V5","V6","V7","V8","V9","V10","V11","V12","V13","V14","V15","V16","V17","V18","V19","V20","V21","V22","V23","V24","V25","V26","V27","V28","V29","V30","V31","V32","V33","V34","V35","V36","V37","V38","V39","V40","V41","V42","V43","V44","V45","V46","V47","V48","V49","V50","V51","V52","V53","V54"
4.43816338032074,0.803938439138172,1.94727914375429,1.50048343572243,0.379566538785509,0.966359171095846,0.456870473838743,5.65417113886512,0.355831840603927,0.50484485848025,0.406764578662881,0.695622112836127,2.44702133975485,1.2422161188938,0.635606306297212,2.09689783107118,0.733073862035103,0.57949738037584,0.956652861204333,0.404713759535152,0.426663782818349,1.32304850844443,1.22108176887639,0.145372787939162,0.731017879708909,0.32978468286704,0.350650850798201,0.0531374246466703,0.402330154814866,0.254389004331695,1.70392361688051,2.07813256622033,1.67905382795067,0.724158518182498,0.817776544216128,0.561953827266143,0.902149238937224,0.28497838367162,0.0623099142221915,0.16592329759217,1.53397470703575,0.877545757429259,0.125408083713468,0.59413924190848,0.612728598903983,0.654040071983749,0.262847207194829,0.620128547315237,0.24707907951211,1.15839759817505,1.55473313775537,0.148374340069583,0.759632101576019,3.42756037577041
2.30145325119791,4.25178817624904,0.169860794958483,0.966044238757747,3.49350362922315,0.284474031284928,0.843649495402368,0.126185484281346,0.680801570946442,0.33504558146208,0.522056692418973,0.232731419598625,8.37273938380199,0.920632532439041,6.25130677115739,3.95798902258994,0.330801031188786,0.332304583207672,2.33093868003364,0.257013081128575,0.534423911109657,0.121206810040978,1.57096989819149,0.300174938131482,0.322600970733508,0.13849362994756,0.690553023971641,0.214777669854646,0.155958669481597,0.951690955550538,0.610368459518378,0.936538360244819,1.08697371498847,0.381942929411315,0.275277620056654,0.899017484272653,0.563737656016882,0.0364194695748938,0.128500635416685,0.356922655316466,0.0541507534888793,0.497152655460624,0.0371226105236174,0.777272763452403,0.120522480365366,0.915424554206793,0.187435056330405,0.382331503131046,1.15584265386244,0.232539631114423,0.409892684276413,0.791954843153782,1.1856529762537,0.0148359212216744
1.12744947779434,5.87375663014842,1.94722255009364,1.648993477522,0.893397840658253,1.11000124549467,0.80799351727299,0.23755815161724,0.244021830660262,0.913211513592808,0.63857267631557,0.17357796422063,0.615547057205608,0.296467662218497,1.84927462525692,1.03468408599936,0.577376266611737,0.0626675400894792,1.40539666933852,0.233219431153389,0.171389087279202,0.164618266735441,1.11589303697058,1.60946798555328,0.82295205382473,0.85154282228654,0.445267786099642,0.350591096813923,1.42410656422627,0.0293754122582534,0.853872927847228,2.79279186659995,5.37262435877706,1.52867695802138,1.35902363861974,0.201925746259995,0.336455605534632,0.60323470122427,0.433732493426478,0.0620904131088417,1.0715151585003,0.596680180955694,0.129609237784538,0.93301561614906,0.224333376148853,1.19438986958978,0.203059419075243,0.0896642419530124,0.470305462032899,0.576423156521684,1.4047160493593,0.647793526779925,3.62379479346413,0.614676876953808
2.28998302596738,2.29197300745516,1.50754997773807,0.711525958271945,1.88302851085445,0.43900774234731,0.486642194820351,1.1570210995993,0.849742557103973,0.509680943116347,2.5623397099525,1.48618725516552,3.06733279919485,1.01579496533744,5.71953896926626,1.69037606827225,0.656354047673332,0.403218871775145,0.59809616806835,0.259819273003428,0.046681453455334,0.286292621410608,0.625301773361016,1.6902565026349,0.217781159546357,0.154291025565122,0.126585457845079,0.142590981954024,1.61924060334688,0.266051206232214,0.216231146293798,1.23463810686577,2.14855073617505,1.10639444614097,0.252329325514361,0.268373761711891,0.0932449159065559,0.101463739748829,0.547416172423745,0.993251694979102,0.0907499482524957,1.67593286939961,0.810002318871036,0.303217253636929,0.740656277269224,0.0981669655956626,0.256214217073674,0.00632198931394658,0.398837974512984,0.353933415815815,0.493579032245323,3.03998094072901,2.1237431242306,1.88648369695873
1.24934612960279,2.64242619922286,0.205608952065828,2.20351446222673,0.438115769358376,0.823014741354966,0.996120631474892,0.474124046548895,0.482615848422252,1.03069698258887,0.805571531379902,1.18985086970163,1.37349503993979,4.0835409307746,5.59556560232204,0.0685224869615498,0.398812634003589,0.0807621909350152,0.18619457836789,0.308856450140159,0.320147407091301,0.962376717484586,0.481127804481454,0.821617284719261,0.22043944138683,0.654154027957962,0.663243672687401,0.407268694535154,0.937054574123826,1.34597476361637,1.58776500194395,1.68718968045821,1.22025409417849,1.71277575957891,1.99196042788732,0.920279271471831,0.417088792317156,0.382475209334178,0.0914637158857814,0.875870882250462,0.298388695308858,1.4670564329029,0.79542185543042,1.57152630373754,0.894459542316137,0.261292035348589,0.563204687717634,0.406258378447488,1.16049082113907,0.431758452487137,0.630104392140717,0.747268156411866,0.697852529835534,1.73763441599305
3.72343010110873,6.1412270796631,1.18452929400173,1.23915357889727,0.790001145086683,0.717903676724938,0.144190795576991,1.34013511897124,0.347308965181864,0.388698673751504,0.345582673267522,0.108837102379471,0.734994088739212,4.11627192740323,2.19809827973544,0.0749019791596214,0.396864414307842,0.492706274189607,0.656565936086545,0.815352138719274,0.543503579683464,0.340332593004288,0.595398262275881,0.28533258434954,0.23424174989886,0.421225804999877,1.18382507709283,0.529427227803679,0.0476891541850592,0.699302116021226,0.198208856623067,0.509523208831831,0.632054626138207,2.84776537591105,0.612001059140843,0.443821029082985,0.00550172826375756,0.80514081340708,0.846465153424866,0.385155587878504,1.32508306434525,3.26469016847332,0.328554634064772,1.87834982294024,0.841903749949344,0.184320960519586,0.456742949540183,0.746175431779128,1.25526928006614,0.521498644193119,0.0792771421201631,1.79465202183624,2.4865274274074,0.714285871796418
4.91206557366235,0.672398946781366,1.05881821169488,1.62747473836915,0.646225191905888,0.520307906818515,0.600174211617993,0.597213988654373,0.357409148287083,4.73767396973467,1.92947132016273,0.213193236487285,4.28956604180397,0.42496522369547,0.47249491259323,0.678688347441368,0.079778165181836,0.27236633489798,0.547972815333089,0.630125971884664,1.1227750070476,0.718999298572859,0.66113847036208,1.10460946344211,0.132832482075523,0.280315520667992,0.46540283107883,0.449012425826461,0.0866243838930114,0.723942691039011,1.0306220476679,2.88530501764496,3.33612187876459,0.158702196399028,0.0581548799744204,0.641153239311629,0.574490600103823,0.357649691541873,0.479008036973754,0.308928376026104,0.803754992370571,0.91320100208153,1.09456756541969,3.3111405320653,0.51575994705816,1.04726626753008,0.501025745036735,0.401588544659431,0.2289916263861,0.923746793934996,0.855988632903804,0.978911887926927,0.86767130179761,0.712212365407626
1.92876700365101,5.19126066204228,0.966986657125736,0.316912771122361,1.94949492051164,2.90533828352654,1.92201112971417,2.02796683132075,0.932971058878902,0.78117765706478,0.127337396646271,0.0187400155280984,2.88913121543432,1.60327338539509,1.01373226041003,0.752409070636559,0.00481384224099605,0.200695154629937,1.67219509362677,0.424297604680055,1.58432543789314,0.176357921353744,0.893195848619821,0.595297381510477,0.740360918225125,0.407392077944608,0.286461991637105,0.990968765983477,0.518982338946673,1.96979948101999,1.22299560738125,0.167957628420778,1.53837869728883,0.481074556236403,0.729157481496299,0.683690612724693,0.856554086080288,0.246657453031032,2.36264887073027,0.0738549730141707,1.05126136120207,0.808734232104818,0.225689570047658,2.17030528823088,0.610937001785173,0.28468490454119,1.03891649231306,1.41302880901749,0.0337738406246128,0.788782187036269,0.88951321811903,0.291353616891741,0.0558206422811413,0.181574692080404
4.65987298639652,6.06679638316966,0.47785499181788,0.209188844639635,0.24208198081332,0.231982872433621,0.832332227136021,0.484748383280818,2.04424519829599,0.520314363834134,0.716144953717295,0.222174619928846,7.7698349856749,0.289619598946627,3.94592880651077,0.0847474628869087,0.247574499459419,0.798698694787136,0.264556488502215,0.0408161993843488,0.35829714105496,0.055374998167535,0.19230040801737,0.170156191188811,0.4084240033484,0.350467099426266,0.598680259485098,0.633090810571191,0.0759636939905313,0.785300666067199,0.278424852705844,2.70564836838335,5.28006256361517,1.62378470642761,0.256031792207361,0.505926147892648,0.666964374135755,0.459403388894045,0.2245873413202,0.280631995391548,0.189813720781845,0.756976138591043,0.66704026343041,2.42883666620471,0.294196269126373,0.410025049579375,0.416007775899245,1.37266475679324,0.0408673645098746,0.0898229823206708,0.121166814269398,0.0724350368118388,0.338024459824065,0.743087357950951
8.43238591753344,1.58479121131656,3.27757678237653,0.173401131359299,0.411775943969745,0.421284513968326,0.527121944066361,1.54084310523911,0.349708761791066,0.599031549603536,0.0761852373733941,0.209036348429069,2.33750070088288,0.861154896964701,0.378973106215835,0.99906222657562,0.347139012351069,0.0993272682734572,0.490023503764586,0.999676268347965,1.30466464367416,0.143927035983153,0.978949124597578,0.486598106675172,0.261779640860821,0.226968321633916,0.650618164527585,0.236776370560776,0.181748466459916,1.2591660287211,0.592622533332167,4.0371635386441,1.04928138411816,0.475443306372443,0.693122287316621,0.111057725095688,0.967304977575661,1.46897981571783,0.791839724859357,0.734034660571197,1.27218665802167,1.120308430244,2.41848679054686,1.96733796915402,1.49879505241988,0.690306394329826,0.423229573206216,0.281248691360185,0.494824695459851,1.58467903056345,0.124316580213434,0.220033925530281,0.991057265412972,0.145143655837418
2.49227705816993,1.05319275545027,1.06224641243955,1.4119186217418,0.839814985698702,0.27492882627937,0.287751825886331,0.567101202528656,0.170731633433701,1.08517823504116,1.01390492116766,1.02444147019977,0.3050789434659,2.7181756649573,3.07732751457712,1.39553535623641,0.0312591866448611,0.940178104011954,0.221773213812186,0.331238685011797,2.09392923965425,0.502814342349336,0.324008743082281,0.648538587354141,0.226507779062455,1.29605542482551,0.165951811216533,0.969344260114553,1.31041927865311,0.296940974332288,0.316143716744668,4.34064858893197,0.555795315287236,0.746996204000118,1.44571734675195,0.768234974871468,0.230772437163545,0.31272419120789,0.441086154870768,1.63222230732587,0.6707617760234,1.14915147602505,1.42067052788693,1.46004907935437,0.477839712915349,0.991728316738643,1.0452866973257,0.284102158032806,0.239445720958208,0.919672514650963,2.05673452662871,0.454637613477469,0.799922188140161,3.10109139728788
2.07677299539362,1.08713446018286,0.957590212960515,0.924614884287716,0.18298120424206,0.415630365368226,1.24107695217919,0.510566225843874,0.511218288394837,0.843577557736452,1.45531909687679,0.570380877334922,3.11979947101801,0.794041057436289,0.978766042866541,0.437086243619368,0.347688796332347,0.502941191528152,0.935427266996905,0.467048042852748,0.80184687489245,0.312693904901199,0.696452208855095,0.0257729135258288,0.526301656779354,0.217212998316812,4.07285395601283,1.84241804020408,2.11047800214903,0.925838042332153,1.70071043550445,2.56238244816226,1.16241479998786,0.449121087632758,1.65688302110162,0.981361502511537,0.731003154238723,0.750899706129861,0.268877446202908,1.59742635800206,0.503104023492069,0.529844082764088,0.992714378797437,1.90086306422696,0.935604585888912,0.59989738578403,0.834891507519768,0.0493286744158687,0.651911641124705,1.40474002602471,0.258865127155489,1.48666112225264,1.2585299378406,0.840434651818442
3.81882490754887,2.8324536169495,6.73041303948718,2.60797708671583,1.01997588005677,0.0958664322705537,0.0981814631755139,0.54299345013653,0.648833716507964,0.447769002316114,0.875874006316691,0.0552636291939478,3.27681531360107,0.873095584490616,0.740153832163059,3.6509659560869,0.240584487990523,0.164807230634452,0.287288461125097,0.578973739822196,0.365970981013421,0.430898569707201,1.51151952662673,0.713698332393361,0.181889773561663,0.524517787138474,0.187996722747102,0.720056819992062,0.616114234441924,1.01396890794513,1.86756743062656,1.36231583724174,0.308921348313471,0.767435442309594,0.66652606467134,0.0273282052810636,0.0279145131304918,0.234777121045294,0.893285717330958,0.0952795785408247,1.87389592990734,2.60573295847678,0.352172775237457,0.331116903106829,0.952263855081266,0.300767899034325,0.458363335728231,0.387730235207478,0.336556105492824,0.231602219752771,2.03376793497303,0.826657697687953,0.773141226695958,0.431137172969977
0.0674509087850735,1.06210467697476,1.18474330801327,1.29509379373852,0.0963400850559857,0.728051677409688,1.34826619649561,1.10994440269219,1.37394637165301,0.0328574431870975,1.06112951200031,0.938380513087575,1.69940262221962,1.64472345709993,7.51478301361166,0.994475129776356,0.360869252398974,0.416135887204348,0.0887829357853706,1.54015189486027,0.099523147049456,0.471954296604492,0.348255244551562,0.138835421603478,0.0628444273097895,0.663225451401337,0.579323708506889,0.542251905358405,0.494019615241307,0.522251426772188,0.90746642945781,1.55002000886877,1.73207531412311,0.715350950872415,0.195563863946249,0.584594658564751,0.344382880969013,1.40568801766866,0.275637125037151,0.178640174332591,2.78560175212514,0.161669674753149,1.38073243218687,0.0134927744896668,1.54683654726909,1.00920667416158,0.338628996525671,0.165626161259527,0.0890236015685731,1.87919603413458,0.988331782395205,3.40405282863498,1.08315525479973,2.7849083354072
6.15515208211725,0.249175799051119,0.819055184973457,3.68020704599706,3.45738836718994,0.180120391775768,0.41187848510508,0.438913995519863,1.9743169940621,0.30610804177648,1.86608685530137,0.807189207876048,4.55520380897347,0.0861965120023502,0.233690104952436,1.246390522068,0.131972524761647,0.589678570834686,0.0306279393407382,0.697448124640908,0.198522143334545,0.491060749688607,0.176933726189706,0.586163094946304,1.22888629549749,0.397237120165164,0.192162284464268,0.592010858252799,0.407173489988876,0.120345452532308,1.69249893572709,1.03907196720767,2.43751080695715,0.232366185567681,0.420733148575253,0.103468315647299,0.0914182690665944,0.649995166386894,0.0947898358195752,0.335600454883692,0.112879901083692,2.2655743343784,0.38922265084656,0.96566180131838,0.12817845334091,0.935871650572053,0.438889654445843,1.38681457976475,0.102265930366968,1.39602725947375,1.32272038898424,2.16314311452232,2.04178030505696,0.946221116626438
0.971262860008529,3.17562558669576,1.07599174809063,1.77846699524157,0.522830482857385,0.232208262577832,0.302454803270158,1.28303507713318,0.161599198231343,0.208025772479893,0.658301542981257,0.663655141898049,3.50094230904874,2.44074969148635,0.801114391265659,1.23852561456936,0.261793856587942,0.0919639002860812,1.79120182194599,0.758410635428446,0.630286366410554,1.2982491669148,0.295196754560104,0.815425607318799,1.15112077513226,0.126963851593413,1.25698615410293,0.206176173623346,1.2387655517197,1.89930478605037,0.873147064563799,1.06876177629083,5.8194342998611,0.590827953732105,0.257557771200524,2.04681271931279,0.821698518801711,0.373016071115273,0.375360107546373,0.243349358436629,0.183836317490003,1.26165098651498,1.13513112412998,1.49444454987551,0.7526707431964,0.166230571600734,0.209434112895829,0.658980115103333,0.157746978649885,0.636947936902568,0.167681345082945,0.740096072996497,1.88486741385292,1.24368121133685
6.05371014609149,0.889266401703525,3.76592263979231,1.35080361556357,0.536448378608606,0.554834644937331,0.797914973804911,0.310001599258818,0.168330531567758,1.07783445821622,2.41157486025521,0.394529480485576,5.50181409989294,2.20610045816138,1.33623751671901,2.50818282097039,0.400000825522302,0.212706466980615,0.399511048611448,0.62459446791121,0.585443124785605,1.44226084349379,0.280208987527292,0.208371245206245,0.836068391150078,0.0528224747861787,0.468968780632591,0.575335060814551,0.320173827013957,0.697426221077785,0.293886688835758,1.42734609401638,1.21000633605758,1.27992775411506,0.312254676799738,0.0625183107113958,0.0822280716984959,0.371257467714662,0.408022474218499,0.30440610660906,0.433235897697155,0.321364914534513,0.294696046385434,2.83317234283719,0.392064470583042,0.523991731576405,1.11039658432859,0.0921817313970994,0.551667050398492,0.257012823214591,0.354020014617956,1.27499574067293,2.24022723940689,0.601721040030401
5.27883987719629,1.86843126548941,0.938981761722222,0.311075174555006,0.205234501175771,0.540720674634721,0.467087017503748,0.549737687488188,0.282469280602735,0.27536162147859,0.637847741292229,0.49995539947576,1.12165759062843,0.979870410849038,0.541793504156341,0.901565386244782,0.432005918202407,0.0527198010697102,1.1669129313122,0.131555042179943,0.635034324916431,0.430088249250141,0.635623776389735,1.60830314841314,0.0389907529959034,0.524205723408208,0.446469034695174,0.330295130581389,0.460305260279076,0.186838551694483,0.240220827196076,0.812662828473572,9.21554319702714,1.283975569025,2.56371755348857,0.0744684950588349,1.34360221349364,0.218614427054955,0.137166931963879,0.0902790473521954,2.48511326124359,0.966666219726918,2.03086985004485,2.1999222742378,0.74141065923272,0.694405955800026,0.463098226946422,0.0717310478180566,0.431348012767383,0.413576904650361,3.47912058613153,0.295671403198376,0.622790120156275,0.64404784803062
1.6674966953699,0.571063913911536,1.25540252425866,0.107987588818099,0.24201153947054,0.230498971223561,1.59865534804813,0.633194967986467,1.26743243932163,0.69079003539982,0.514386678890975,0.386460759016218,0.453930011965822,0.114906711631729,2.33870139869539,0.740889054425558,0.185033118632367,0.142089040061914,0.19593599384356,0.0408342147108938,0.144065144590489,0.799113986098004,0.53554753385861,0.331788578845397,0.714987813827397,0.079782755863372,0.571590761545451,1.08200818045442,0.364662578548335,0.233971734938634,0.87811187540776,4.38811313713517,5.39995997023494,8.04567386836018,0.844301929110626,0.387001019081109,0.364948532621745,0.526480103276212,0.519434377797592,0.66747482252901,0.238379410984044,1.93809972851913,0.108778137983706,0.860195617876544,1.03879277054957,0.148861836484689,0.684246448130186,0.547775872589832,0.51129741893808,0.604421596266203,0.448267856956655,5.44031256319614,0.395610796645288,0.77824023507269
8.18566926993928,1.86022063545385,1.6650284311857,0.254736293823241,0.581444276858943,0.466545715551298,0.292782699892256,0.774327264887701,0.103876809621295,0.222962684940031,0.44957962707913,0.396795179690433,10.3574440252816,1.6077294107843,0.957601758521611,1.62045933729452,0.226034631017655,0.515402370892864,0.57857520048617,0.212724393452542,0.245329801442225,1.27104565743498,0.488999688493213,0.458776868530156,0.384288866019895,0.107633199621095,0.387015328181152,0.419362846619705,0.188108444071448,0.492093718523685,0.651626595908667,0.800976110484851,2.18244307365761,2.57912792307191,1.73351775807675,0.158077524732008,1.2888849282369,0.484211210193035,0.0848130042898786,0.227420256608571,0.47933218665881,0.41829090482912,1.08130430609206,0.0284121594845151,0.485197676843273,0.445473196515224,0.225498305415235,0.422711028267557,0.953050685253561,0.425549162978721,0.359735778021148,1.67414445129691,0.282354769029838,0.755252568461906
3.57227012136299,1.67197787222804,0.696246037085615,0.529702168815553,0.0808369296595481,0.542016278447223,0.632274519410313,1.27565636242437,0.0627991218346023,0.600587453493041,0.968068254777207,0.252279823899524,0.39518389429383,1.32333736518749,0.548068525178948,3.84866272090235,0.936193124919624,0.680194951301027,1.3285986159143,0.0326726352552382,0.367615726330636,3.04827458349792,4.32680209921741,0.704079187129441,0.88216407801075,0.138340369165541,0.778605995972487,0.492772486077531,0.186320467195231,0.559249562197356,0.915855393464344,3.18300164647531,1.43221793899189,1.06252503857619,0.894885001224255,0.428538587696047,0.482940406273256,0.222683019469617,0.65108498661292,1.25669514345448,1.27978488536311,3.58190454784998,0.462706741204866,0.494990495929226,0.30698535085644,0.224492252805522,0.518322776141647,0.521507355092248,0.0408523887852235,1.49892846497312,0.435258379541905,0.835614728015983,0.249897978238529,1.55647516177876
3.29721606515991,0.873665429438915,2.06950784078158,0.9216733858409,0.155253103963555,1.22152746050978,0.883563564650271,0.422451809735745,2.77543111557215,0.536561015697935,0.846216052447567,0.162080527134889,2.16523153833426,2.57870546785815,1.31493691429019,0.0687876042671373,1.50345821910466,0.344072457110685,0.455577687891302,1.17923886491092,0.152386619159885,2.74392576942543,0.217398419083108,0.0778123613343322,0.992124012312602,0.584042851018709,2.36228677365612,0.419756578884147,1.68892046249698,1.02579475969961,2.09772502869779,0.608816841062481,1.95619874164528,1.85733750676076,0.164616196889323,0.44453549330359,0.479826910283004,0.311706277162495,0.70856325174229,0.128223503462688,0.21348293193674,0.0568577689295941,0.476530284603213,1.52692715034419,0.350436766380171,0.359184971615882,0.61197748826325,0.34650087666277,0.506179915736401,0.331554546158596,1.69739142624546,0.990547622204847,1.1654060485108,2.56986771962697
14.662243095817,3.17485067727643,3.2222644780997,1.11644338013587,1.36069126161027,0.544544643068262,0.301661329315575,0.579079751383371,2.05812084786125,1.29202607113758,0.287231515718702,0.0481896369731684,0.103240122739019,3.84505368168197,4.67225753860088,0.12347916933724,0.189189426004393,0.0550504571116705,0.35521246575655,0.120194654856935,0.105865882245025,0.412165886743215,0.718385821911375,0.585245081857989,1.32747353122529,0.546978536880256,0.843172550979272,0.100117835015817,0.270530349743542,0.134351043050611,0.539352391291677,1.02072327331715,0.555042307385004,0.410933557261467,0.272934208736178,0.404996441893753,0.207746290506591,0.121505854474279,0.52318286646595,0.988085006494679,0.463042639754543,0.49462884532952,0.366525377167907,0.397348732758747,0.591084527998964,0.293124289447038,0.387467010155983,0.443570664226164,0.601717466906406,0.010737993175693,0.478762336470826,0.530715349229906,0.727802681707963,0.0136591637053304
4.69813943866082,1.97830659376415,1.8063215542951,0.871055668500422,1.38625782947011,2.86285381252079,1.29291507007065,0.661727954171629,0.915208322085683,1.46873249947253,2.6924437292852,1.0622234623326,9.88308749504909,1.30712367185857,0.0750181674031527,0.163312619465502,0.543355278795274,1.3601418378899,0.928067983378085,0.433725767921868,0.0936772862641932,0.238405788817402,0.0963811917692821,0.384536079313073,0.313394481452789,0.392443003587413,0.0609090803695223,1.1411914367936,0.259449339315787,0.322481265214998,0.127429679634169,0.702976010682536,1.73088466981297,0.258288816945838,0.168166587898166,0.344588856666101,0.259741779157784,0.426324482863915,0.644438594938219,0.411697067312787,0.115284192406148,0.125031412276464,0.543682029270532,0.0769814858524344,1.212657847371,0.124344206767441,0.448897815706271,0.460111817002412,0.283642365906287,1.08021582910487,3.38453241330559,1.01506978302449,0.213984510183972,0.148140036620418
0.15855099446756,0.296191590679586,0.163492028505686,0.762696993920792,0.0244808403993446,0.250246374861553,1.8309630307305,1.18945727618431,0.480186462921754,0.283525723412912,1.45814127732656,0.38766092000828,7.75153949899154,0.658853519396282,3.66597345719056,0.0640035503525422,0.342744564055823,1.1645006392931,0.672649823737001,0.322705528288327,1.3114618177974,0.943160283301012,0.530143472140405,0.070230028711429,0.689233212724104,2.20154959259415,0.23435108955169,0.0194728062369678,0.17524945785207,2.1748657475571,2.11941851712035,1.44606749197604,4.32378806323739,0.395424584762047,0.691219825224253,0.0986113472771744,1.50595053366594,0.12575182915605,0.203893837601813,0.394981540556825,0.499263399850794,2.1710406556571,0.358988182883921,1.76939315266626,0.913014443830823,0.197734940515412,0.574992364294523,0.813587355583731,0.141085533404381,1.15487228161714,0.324632294337651,0.882550375705255,0.448149812630231,2.16730603325456
6.20139228874211,2.40837192097265,1.87455915866634,3.7763077451706,2.28489568209875,0.29661525833987,0.826924857838157,0.975653103793748,1.59012159879258,0.826513248527665,0.507372536939762,0.201657210097525,2.37732609245796,0.616479193245618,0.667299717926389,0.79926735245559,0.325897702092456,0.132707380556715,1.90293321337869,0.603719343823249,0.187497467245408,0.668244859793391,0.848735895842112,1.05746118698225,0.857822355731814,0.482576262456871,1.10607505590935,0.121381697169132,0.111134269001366,1.20679502338003,2.77639039946329,0.342101619218006,1.68059095885646,0.237423632047039,0.512630752752945,0.31367210316095,0.427111329017084,0.0343004003659765,1.38196845558707,0.575982047083518,0.16823009247352,0.981842778136141,0.57897750097669,0.657215936953359,1.1339747004735,1.39891228568231,0.63507158387801,0.516574827969894,0.972186760532725,0.0608724291756494,0.31643923559252,1.3204814407655,0.147786545550041,0.985523504859638
11.6034302681459,1.75372851026418,5.33740644267117,3.03424516387471,0.51487003829788,0.494223534632818,1.07025885014463,1.1412820306008,0.0911143489467428,0.376285889488533,3.74222019735653,0.721784943358663,4.04810212613409,0.156701277195605,1.08599912489577,1.12383477241744,0.117867434560989,0.232809866120671,0.823343451046172,0.815332954431219,0.982368671707187,0.204011085769422,0.0418321125860407,0.142957603473265,1.32340052432744,0.171773937385944,0.102443256561602,0.0396948293575469,0.573214350231188,1.39149232909096,0.555741258120678,0.350383473508592,1.24048909795087,0.340524517499662,0.275094165318145,0.119703018269556,0.390826818388051,0.0502088922650427,0.230243648704329,0.0886996293442084,0.441032180464788,0.329433669635907,0.544903833087251,0.581907812138165,0.330292221684293,1.22140308549039,0.118120328195795,0.427255557586104,0.251100249083043,0.219614653202935,0.497517241387034,0.0185287107675114,1.52619927824389,0.592746734588671
10.3998590882719,0.029721691845628,3.84735958077898,1.42293321404394,2.36379095295997,1.62031920412931,0.646858359758985,0.8601653386758,0.57045962168879,0.17116288640642,0.727342945371662,0.284902462477281,0.925472321644642,0.785883691109618,0.613757975101094,0.237585599593368,0.601708117183998,0.194525940774327,0.148515698222116,1.14090610642655,0.202207584772739,0.8475250616287,0.324177853100185,0.510616825148849,0.249468261604846,0.242832891391769,0.5077840933772,0.614903653921022,0.171202356739924,1.22871246313494,0.583099975449073,2.33927490063173,2.89041043821451,1.04569877752144,0.606954263072261,0.212330045859149,0.695965273538871,0.913310902228991,1.44666407348219,0.862742753942093,1.08811145103753,1.51424897837075,0.233646454149802,0.391821893007875,1.39345080502563,1.28035040043321,0.253262196298045,0.307873527206141,0.54649853760923,0.952821426997537,0.262017186935755,0.123162495752539,1.27501239578025,0.288609006170796
5.55225225793568,0.103297816780973,1.44996271458864,5.64894466779561,1.72671147106686,0.130866087909478,1.38050082412651,0.104037747031007,1.20145080049635,0.314906607926881,0.51615795834116,0.132747359472873,4.10073257207155,3.15942037828747,0.604972002847992,0.20051687299067,0.0422983904528485,1.03170135154992,0.683853399442662,0.589979152701247,0.178202776066121,3.6701463393775,0.128732539543504,0.98588386816151,1.92141535550442,0.317337702545275,0.565706532440049,0.0641938518387501,0.517556015631543,1.11010033376665,0.722194281615473,2.9687978013355,0.77357650681024,0.904557018365374,0.282348296538827,1.14732822578121,0.61254884952724,0.685735444044181,0.236378071592436,0.24280658303372,0.73564426232473,0.772164351277759,0.0258711026237108,0.562433233764722,0.186814901557345,0.10021385609322,0.295453537736426,0.10660276761908,0.251076096077569,0.535343244462219,0.186377164348881,1.27260332291554,1.76880762214866,0.48973770971424
1.44377907710976,2.11607762765244,0.775247339018058,1.02806263051312,0.396132311697874,0.603965270160446,0.0527077519434562,0.749227878030214,1.59018122521216,0.545502231399693,0.80855642172438,0.154898011892871,4.33189556310105,4.09861788750095,0.552016070826793,1.53969600977483,0.699019611543335,1.88962993495223,1.0003044966034,0.955087570010629,0.507061134158107,1.21052147797638,1.71946465764447,0.376369545933385,0.778552556805168,0.401723530462141,0.338581017124356,0.409861976781931,0.91187403652212,1.10209297667337,0.664107441178262,0.154267732405889,1.22425223915059,3.58051393859647,0.148618658390762,0.0910318108967831,0.065425376930296,0.30386411499168,2.20733403487894,0.202340154724179,0.621705120089888,1.5552148578298,0.0825967338077413,3.730730317367,0.459568764763811,0.292642004913689,0.0829629203152124,0.0904913129222798,0.87344575634565,0.329566902550051,0.563129964085784,1.34968525836372,0.929382664717233,1.31041408903516
2.67449799179756,0.693987207597487,1.63904769724437,0.27291078288361,1.53573502711022,1.20675043509285,0.354031411419741,0.733187081908996,1.8823506528865,0.185981639807632,0.779542738345631,2.55770021767984,3.86058337119429,2.72692647132383,1.01591033161892,0.918363502908408,0.108957903788736,1.19737523365616,0.466567772981185,0.150442110085078,0.00388845832866283,0.0707702458346409,0.742444076734491,0.096066053947075,0.294633381119075,0.177121437207071,0.414873673841701,0.53765727170904,0.12968915747057,1.25632462711997,0.124218120143515,1.15864507118007,2.80674937437254,1.7665263174457,0.241891815880777,1.78970706281096,1.57448568338977,0.606846093277101,0.304944581128788,0.535732292866575,0.984847741947159,3.16628241525045,0.696664120278915,0.276088169850944,1.73518883015451,1.02784285639189,0.93816162165489,1.42649001540435,0.526511433753491,0.506654969345068,1.14938839201526,0.831634427210837,0.913710605063639,0.226470024539459
3.18961240643938,0.22300475639622,1.61951411372141,1.11239143142222,0.952279768237219,0.314804280252199,0.463453843058807,0.356722776612217,1.00389787302591,0.574747478303859,3.26525320478141,0.878273853249808,0.782244976851085,0.846486250912423,1.88487067303283,1.57947425668907,0.405222034442882,0.351140202337434,0.167121987003765,0.182199245545665,0.229991013151041,0.665494482577104,0.905726663475258,0.701202817632317,0.611968471921243,0.841930536875147,1.4424183372304,1.01873639599943,0.187061487233816,0.960518405858997,1.09756713944356,1.50002280628127,1.26948827639254,0.808648194869171,0.807460288964301,0.693324876646658,0.27533267894868,0.53253530898063,0.0532029174282494,0.264458363433376,0.825544854060814,4.10074588261638,1.20764025506149,5.1409150918061,0.0621363750226354,0.0191090691717579,1.24682237571165,1.21190950658596,0.42211957051938,0.415636341050021,1.63800160702394,1.50114009562556,0.802124921395236,0.38634917869007
2.7259642779642,1.19077680029686,0.477261329502497,0.890560046995262,1.51017910625551,0.528912574004357,0.314886352593083,0.146165532123519,0.907410595255712,0.627655311999164,0.708487630243573,2.37727973116282,12.3717896542879,1.40345184111354,0.173082356822834,0.403892891337104,0.450972069179736,0.287077880617637,0.524308509013567,1.38030804145817,0.984792187672784,1.45565681451928,0.190568951049735,0.184551871438253,0.309629387787869,0.216010855149379,0.493218723521823,0.9816417903962,0.669901568961222,0.353856451825737,0.373722699541071,1.07849140807634,2.32920973412704,0.977294144462056,0.73138396483452,0.375837205169058,0.679035393293262,0.631424335402681,1.03943623683338,0.594156211804188,0.0343004207634846,0.170803466306147,2.35091684139748,1.0810188049772,0.521558059449773,0.102400839114834,0.0507564492254395,0.136246729453282,0.555654931584208,0.543397615354389,1.84470936853353,0.433735717816549,1.60337593389943,0.520882354031358
5.69335719922271,3.97233810671525,2.49933002897312,0.467365862348017,0.419798839280329,0.423075977804785,0.757340414550001,1.47842561694937,1.36390597627772,0.878386988908589,0.599644850748065,0.183334508244503,2.63117084750673,0.61447377992998,1.06508543134566,1.44805251300516,0.0429628312442167,0.493055443338366,0.686334975661026,0.986772871230556,0.293772235147925,0.226517531461753,0.813362119451676,0.320115232271763,0.275410487413195,0.0222451717099514,0.531103394185494,0.0756640590144054,0.0975758980513153,1.25114671090922,0.898824425443445,2.46048291101648,8.76943986758956,0.737501457820881,0.375710547976995,1.19958454935815,0.150077349574806,0.0507485480364048,0.386515906119267,0.502621740956979,0.743997305419917,0.137288606707105,0.0290694990550541,0.506267228982783,1.20564759578121,0.153573554990121,0.112035313928724,0.0321813040926063,0.0918087611120698,0.831344130163612,0.73453887509554,1.24753994981459,0.548352617199632,1.48372205086322
1.16920751950975,0.485494573991033,0.463455539521396,1.33583137786384,2.3345066759306,0.364586580889444,1.20870454392506,0.132416580909437,0.562161845625118,0.634232648343001,1.55033855257151,0.00705116585769579,1.11542820822819,0.542684459076629,6.26217771497688,0.565876089691643,0.478003270033454,0.0147311143719522,1.04249035410764,0.0416413275575413,2.1463989241434,1.58856351213514,0.976553799772077,0.829783166049392,0.21081491880863,0.891948404974804,0.0994563632301615,0.644281451136453,1.26373449734613,0.0226889026928359,0.721400860401887,3.20234258693416,0.716765851932664,1.15228503171363,0.684111719781272,0.104464163785849,0.14150628016514,1.40112580608472,0.426369094426347,0.555116306280176,0.268514593438626,0.612711559256786,0.0563068147107576,2.04459707424062,2.34852049959986,0.220024486779116,0.258240005953414,0.214800400229614,0.141672746931961,0.0942999051847669,3.49686512493088,2.59877832539112,2.27987732847557,1.27405935010022
11.4335972436174,4.2010757033053,2.39939506657143,1.99341231382853,0.102230006130449,0.339706842365814,0.489359346027505,2.39703916021388,0.131316668852038,0.245919777754768,0.557127782028272,0.394444379035766,0.120475526707419,2.59060726205293,0.580079206048523,0.200242222443635,0.119503906683854,0.0500682536314718,0.3056354431756,0.609871312416216,0.234352013525144,1.07476079957953,0.440969671064967,0.101765807618779,0.164673893235996,0.205970460673066,0.425330037057121,0.731789629394795,0.17809484899654,1.39089156744596,2.05139221673542,1.12353374520646,1.40290307922421,3.07725952319346,0.374287481944527,0.260100813089022,0.143310848375941,1.0068970918623,0.351962840120189,0.909433561129538,0.195060757123256,0.452100930418578,1.46887787495712,0.426522402285758,1.80593099702563,0.439786935841111,0.899189798282344,0.176160808850183,0.0688535570104828,0.135200658335652,1.1357932853199,0.704529957382607,0.723956516802203,0.457248168001402
6.58176666377372,1.13874917179297,4.38912773871335,0.0909742530585953,0.371677373487939,0.449112262007731,0.674930762646434,0.371129531868907,0.409718498700906,1.41535136741872,1.31773274133567,3.02977943588479,0.264230519596452,0.41012389681251,1.67982017356837,1.02216576567999,0.373190669045735,0.375615823107568,0.369780106215535,0.0489370195152589,2.48624179750638,0.694145290527915,0.279044316123422,1.36905168563625,1.63093832609754,0.430919311533545,0.10922404267375,0.0881249964692754,0.738729159277508,0.181373335603067,2.15655657900993,0.638775044043079,2.14424857182842,1.27125352103088,0.477803772944686,0.262793112927298,0.256315192233735,0.55621195096141,2.23692238455908,0.967879705296766,0.928132580416205,2.66875971705519,0.464193680933991,1.02561840194093,0.0693279708488257,0.633647353392548,0.431070680541941,0.764317322939101,0.180438314532642,1.83341742343535,0.653856604856713,0.166246701794651,0.14067474533932,0.279832631457514
5.99689262553639,2.63030746550389,0.476251316504692,1.43996046957105,0.859998204280896,0.913391514857204,0.51132117528005,0.481914956655409,0.660596024044957,0.742950571918505,0.510849287695497,0.789806289506403,14.5194561943876,2.54716068784559,2.01471281332452,1.15160776775942,0.445655655919168,0.345367448021024,0.104769669462046,0.291035303491681,0.621918318684696,0.119360910052209,0.290084533587766,0.544019296813431,0.0599123839711506,0.16559104314509,0.0345509436920475,0.0761714010558106,0.422422034292213,1.02134611993906,0.186290322031036,1.16191614617462,1.00129703772811,0.837311741413977,0.141111814535076,0.656783781635558,0.0897648890317697,0.0690199532450179,0.233484197743545,0.214411446067346,0.256121749306127,0.175477680091861,0.61255190972516,0.443302881110476,0.510353874819433,0.629544835192977,0.208113067922945,0.274382953634233,0.0375052575695796,0.417977015790399,0.160865150764289,2.97007607591228,0.577389587228299,1.34556420452646
3.42237940038452,0.0741064148382134,0.637154452333261,0.186828778683195,0.417448304282948,0.243718552833514,1.12624453479039,1.62872932774149,0.0796920432445955,0.130763017809357,1.05104396316866,0.19300510423741,3.61411511396208,0.679604032314894,1.67866110826724,2.19430998846364,0.620792022527574,0.160119573970571,0.126793527508621,0.0741918279595741,2.12938002770748,0.304411546624795,0.985260416460254,0.166348783417656,0.138833791346654,1.36735625642421,0.121191296604609,0.127833295561305,0.983926745668298,0.384043040542351,1.70517088028199,6.92388728016158,4.88229206923666,1.48914105010479,0.594874998600236,0.0695656691674863,0.232338359821431,0.604276338026744,0.0232790945212263,1.10642297961,1.86755723824496,1.75776673907519,2.46796073916141,1.2953421170618,0.275591856022206,0.148945016227229,0.294673467125256,0.154302808222679,0.14501227930498,0.483426108118422,0.37769452857464,0.67256774190031,0.652452063838876,0.727172287910538
8.24153979072894,0.732024429572319,1.25206244878085,0.958008480197064,3.10957694516998,0.534760949439929,1.08139277327436,1.14641839553286,2.36309190920431,0.178944472257199,1.09668706991005,0.424904262488429,3.9124170380755,0.201033078363333,6.93947952610782,0.41627654553407,0.329570758860267,0.0437913324866282,0.0328489003191695,0.0251192050532348,1.48523178617052,0.765963557251398,0.552948866034089,0.106162146853409,0.257279551213565,0.133979258975613,0.273221398915796,0.165623366151854,0.26648281911562,0.520256057123723,0.255134228096698,0.0842945517482295,5.84934834977938,0.886752898860462,0.0190908694352844,0.0507136145434358,0.63840023779418,0.772759919079386,0.605325056404768,0.314027996512713,0.574147869587249,0.226168921352758,1.22076061838575,0.153229368034865,0.140783918852922,0.101282262906743,0.773944231195372,0.115240757980391,0.0990038604298424,0.236920291175841,0.14842798398343,0.774958484407899,1.50698450770122,0.905202082589272
14.7897747143372,0.352771107187928,1.91799168833215,3.07622632188518,2.46994981907165,1.15071159548853,0.147729877932369,0.422469490035835,6.0906315833381,0.801418388881209,0.487459324716432,0.206538343137755,0.578633051058446,2.72857460825307,0.956672751293037,0.464728610542332,0.148872981528476,0.500976806488437,0.0395478118793183,0.177059717644714,0.272858974341019,0.38522225592815,0.647992799779064,1.10919847516565,0.114328336173097,0.116898873068718,0.651964785117802,0.354542461246106,0.256846619472434,0.151474276032162,0.305335397561226,0.538782096336267,0.162636671240529,0.296910687462453,1.1366715833175,1.1688042934938,0.0240542967185792,0.210044608073035,0.467020384568051,0.0781484018955297,0.756281700562165,0.782735849304577,1.28266858855987,0.270588116420359,0.97636552658407,0.159030756251668,0.343173205964839,0.129469351031048,0.625075289740067,0.565820651589745,0.560804969032859,0.64260185869489,0.608182666789243,0.338726599451285
7.11271379638623,0.81029181920712,0.238495542969949,3.08246632039048,0.330781284936263,0.0787477502304807,0.201335046610286,0.644414779138276,0.947050577934066,0.333536952476458,2.90024332600436,1.59151559697958,5.46963560946017,3.77332098371926,0.880839385429608,0.414445368605325,0.0502275266533614,0.205432481165606,0.3990986951966,0.588056806165493,0.398239402487149,0.110545827858329,0.221117869991635,0.372717239458156,1.26848311039777,0.50337546343174,0.979486703885519,0.244638527512515,0.135942923818037,0.506009637231389,1.15874145994501,1.41808985669086,1.41176413343077,0.224763660858699,0.435211007063013,0.558729954743546,0.692545636029952,0.229607566226459,0.880221592003719,1.20911309640811,0.400170911877191,2.96396310721382,0.865839224428258,0.350287244296499,1.27659877080439,0.116961514445488,1.15656789387932,1.21566388364648,0.45171306768131,0.754873884600159,0.568490838874565,0.301123433396829,0.414090296155776,0.151661609568576
4.6018318272679,2.33139447655919,0.497227195853999,0.0536661296494678,0.540841835236027,0.569378936876454,0.839385191877686,0.19801744725688,0.637460833426102,0.226819321386424,0.0612352614599813,2.18888106650396,1.2781433375856,1.57996531529612,1.16706218655141,0.961198466409085,0.094229341269917,0.0980935901617701,0.0660845391062456,2.32496008514777,3.06384569007551,1.69943388470788,1.66530804779801,0.447999859949456,0.527392312303887,0.608078774231916,0.541487629121324,0.27170592343685,0.0775829406106341,1.50217271084064,0.711266094995382,0.862290832476639,1.88515461412899,1.19407948308405,0.532867185922329,0.795878284516282,0.191424413934425,0.436221653644962,0.268690961944285,0.393664610190488,1.29600920413439,1.06816735978778,1.7381830277177,0.252463999718749,0.808217435906677,0.355450615764588,0.100747520278556,0.199375212853087,1.18085268005649,0.751079009686581,0.311368999573207,3.76790150638965,4.14407699158735,0.0336841437492408
2.14096909089198,2.00609602273481,0.215707217611602,3.24768655092349,1.15497708301695,0.228695646721523,1.55890181493584,0.0560043724276928,1.4317342432776,2.22444359942814,2.89018053395007,0.599468065977865,1.16580475913792,4.74414088351805,0.790953159157192,2.02384321656564,0.391845033235245,0.796718953920258,0.59425457996505,0.783584093893969,0.0655443494495135,0.0413963747201701,0.0270633943726494,0.31216552791286,0.382653769330859,0.190628235945191,0.367191957229228,0.628950234266136,0.691571497798677,1.07611526213802,1.11908856536978,1.41448568729843,2.16970940149056,0.260148707579471,0.156603446873687,1.73328642668774,0.497066503949197,0.436128589112877,0.133102716313184,0.602329766511967,2.91502007860099,0.382084363402163,1.73791459926196,1.30068664315389,1.48977176974814,0.941003077679152,0.317710198733952,0.302396763109309,0.0950373366636718,0.558721436818869,0.208776902610636,0.196211214167417,1.95331474450591,0.250111535902861
5.87122585836801,7.80469878823431,1.00538634477004,0.395147547698888,1.79153562028878,1.8034099782663,0.694241875356344,0.0677971150148866,2.14280797998997,0.114083504569799,1.15771081432071,0.106002579245264,7.03603723150483,0.714917416371982,4.1143637495152,0.0239078072520272,0.793892179076985,0.806481938940231,0.650697862695081,0.0492274272910525,2.11812804773025,0.0784722438850566,0.163133837139335,0.604992626010378,0.281355320862796,0.229927417787933,0.202208821071412,0.243236435870439,0.595123847124693,0.742164405567347,0.911218875906272,0.679208841321592,0.552680254148,0.0870815445998025,0.426769768523617,0.264899826506554,0.509984648339519,0.125421609082939,0.827865278737272,0.0187856745813161,0.389725186549192,0.334235162527086,0.712276303117427,0.732210371982425,0.780540944114599,0.102575364031783,0.36890178666664,0.240985097829039,0.254332013985952,0.14112004712338,0.305281871031099,1.22761015977287,1.20527862185614,0.398694125845173
2.10267011547934,1.27467291915948,0.356982917743809,0.19342273860533,0.484118511551956,0.866218774009084,0.886811815498651,0.56569776775893,0.0510626554957593,0.407944067427985,0.99320631870575,2.68399529752508,2.40820010601395,2.93990679510923,0.645716287310261,0.523092502185358,0.567781061715361,0.404650936576548,1.01699640522697,0.339769539250687,0.547825944952851,0.418023667528037,0.333839320001199,0.363317931223228,0.791666510404678,0.627282788418853,0.295162608980713,0.377440961332327,0.0110073094421396,0.0633522190490283,0.235812364487955,2.12109593218674,2.63731756053938,3.52211114463578,0.870579104532129,0.0661975823406391,0.304117411533956,1.68777877558874,0.804253750374887,0.0705348503460954,1.55050365169716,0.702544768058008,1.3345300227541,2.59360339993579,2.43906873198171,1.03571433161356,0.585428915072897,0.271974864243891,0.516237227096781,2.02366636629962,1.49176119510125,1.71070479077656,0.250125152121578,1.63250131299823
2.12156489828128,1.29836499528952,1.03820209609779,1.78684262521383,0.853642328615466,0.15224157745692,0.290209208639881,1.17403966581053,0.271384473970793,0.827070409699994,0.465764695525404,0.737924403219839,7.72980396863685,1.96700094920529,5.82528260870717,0.471985492160468,0.367917259840331,0.698078076784177,0.22073861181646,0.440609655665303,0.218210784357384,0.472180981621933,0.170080964380828,0.173969859513217,0.324280770946764,0.172366284719622,0.222013823209225,0.317626409019586,0.09377395095813,0.430484600202354,0.152078948135557,0.690878694464427,1.57438941261796,2.05983517569505,1.32171808710757,0.712800437768221,0.376787900648169,0.425875203540915,0.075309579916115,0.276026649354829,0.464749977481943,4.15294605897595,1.60847417802969,1.09546964639994,1.60141525415956,0.161785377409943,0.202810528521884,0.61181979280329,1.0932241733607,0.263813954530041,0.531362821228923,1.54729731355534,1.32366902558601,0.341805379141637
1.5998921186717,1.06149179470361,0.386053681392081,0.69239967925632,0.259138608048699,0.399859138185639,0.866913723503297,1.048778271439,1.1724209916356,0.980764001427188,0.745365941524333,0.178751428388003,6.44416434198341,5.01668540639681,2.83952082593316,0.54377301350224,0.212916704766391,0.229192124732068,0.798638079201948,0.510031605658716,0.220304854916594,0.554419175252662,1.11618387438858,1.20391181750486,0.155466224527239,0.200321385285259,2.10750492896198,0.342399094911991,2.82227649991314,0.408149452121237,1.2339873661298,1.68706212347684,0.444479500377486,1.20700268724681,1.51735989278203,1.09488568346571,0.114281463393029,0.696051339588159,0.213808454077327,0.555658992488383,0.56317707683681,1.77239599839589,0.952504558512803,0.442666918289801,0.226355238226686,1.32066398889913,0.591935355994681,1.17735923533191,0.0664914655560019,0.147858944516236,0.294548040537431,0.378802524269883,1.14049298639918,1.04248137707425
16.7799147193964,1.60597863631579,1.65590076025151,2.99904677360782,1.32551197641743,1.11894020946606,0.826579674477991,0.644625654271655,1.0997778137823,0.0648450141721316,1.25077092463022,0.163095046138088,3.48761190905543,1.33460402184329,1.86795353247451,0.418715696526007,0.214372212437618,0.372031521149702,0.0876496753535422,0.829379182340026,0.0586307875263395,0.340196199218927,0.934433027614924,0.377800262087701,0.557065080779643,0.440515404235267,0.166912770393639,0.509649514327978,0.0563019266209258,0.362884523855434,0.410687965997302,0.263208137464738,1.60142192560849,0.741897253877705,0.400774306176734,0.227739816676233,0.17008526067681,0.386599772571866,0.289201221825466,0.326965470791284,0.382877300508524,0.965782317524257,1.21910582338385,0.0547450394411285,0.966726380173672,0.16864391333613,0.359255831214794,0.472771916753568,0.146861753180102,0.10457261887341,1.02903108469312,0.79897378520592,0.426392810429792,0.133983842846774
0.508592510625234,4.33943251211436,0.822456476145282,0.0555245891857521,2.16661642734816,0.318633713234168,0.671763256621157,2.39771589846156,1.28221710176894,2.04737862489906,0.820913046278833,1.68231635437877,4.79204320519923,0.343614275408712,3.77013249618213,0.373012077764736,0.290675168430296,0.461241646176756,1.93594853877652,0.148146893128573,0.744979741002551,2.4066022982501,0.664466197019706,0.483937850408621,0.902030353558776,0.561599936779321,0.387216755945398,0.963207788695147,0.920584948367059,0.506618277866916,0.857649229628958,0.321856512785652,1.20148019810088,0.752955883060262,1.24993086207745,0.224000398289885,0.0935066242120099,0.54196522699908,0.540055696029175,0.57767128810565,0.0688476560696525,1.64657485198473,0.835285746018046,0.904104777403001,0.290480636748806,1.02029954133984,0.156993571812988,0.183743231428371,0.697438777277549,0.773185135156798,0.181390473245144,0.792033504431237,1.47197516350968,0.84695605426333
4.13331799903561,1.45417908304989,1.60137307189748,0.241857964776656,1.15274986159675,1.32853220981974,0.853198491148232,0.356051697123527,0.704424921893932,1.150487036001,0.86020015187098,1.45331418747465,2.63618852310317,2.23381082762084,5.13404111260893,0.753373433837548,0.314518982605722,0.207429250356853,0.178714371911159,1.62177496230077,0.827562296990327,0.455855875804589,0.179780441134255,0.52119565536868,0.14621314637117,0.573460864067012,0.34860121303091,0.163199206847032,1.8338916532288,0.10110252599779,0.485998030218058,0.794189279135158,7.62927479189296,2.61436840092341,0.0658387244247907,0.180379971966699,0.185215827393551,0.172842699030943,0.262800602903631,0.770833230076633,0.460070128943156,0.477346110881027,1.97394073136866,0.67494242168338,0.0764651900210091,0.275321880538495,0.61544933873012,0.213203542606344,0.136403464025172,0.272476987822715,0.765231819874239,0.322799738761961,0.323834150641928,0.730371917261962
3.46464358266947,0.988288016360886,1.19321778507423,0.433980966371281,0.530137490950976,0.356340847108662,1.29738121912537,1.99252232975675,0.641009709451081,0.272878267504698,0.685566352271942,0.485248681047212,5.15228600807618,0.705948392975706,1.50077860100264,0.724858589358469,0.110286916664833,0.230432886186472,0.105339179973735,0.0317255839746535,0.106182381133717,0.454500634596894,0.729941890122237,0.288434530636843,0.958963975373695,0.239990354547915,3.585658432165,0.152641211684293,0.256866568943289,1.0222144897802,1.16096681988326,3.0322588963701,3.32871252185587,0.231708206879127,0.679702077480737,0.826796816866206,1.27525776053109,0.797596096211243,0.0905328007554613,0.0575663725758419,0.11129843617868,0.995973828907243,0.97407866406092,0.616801132413787,0.502878271652036,0.650009608568038,0.226860964617134,1.56514776197068,0.068109570014322,0.315317226568314,0.961266418741928,5.19603079484932,0.778662177248819,0.858200899910537
1.90866199996418,6.23468079596845,1.50736631025486,1.99292702526025,0.0186537823904389,0.280181854234438,1.95269688281989,0.0525435856502957,0.428730869281348,0.633750845420887,2.0934446164112,0.160237392560279,2.15621867975914,1.55204961685902,4.13419226854616,0.316522155313791,0.256643549694826,0.806125895604933,0.225238923729085,0.486191918283828,0.11585409979637,1.17662921417292,1.43637337925498,0.0816776733379273,0.321352477950844,0.653388895690106,0.0515611134089667,0.100575860262408,2.31468781964823,2.98521050147976,0.31648726436577,0.810075151603201,1.99087974246773,1.19543698659309,0.736537438989247,0.175763985406349,0.589866582347342,0.152669300770325,0.353481851480891,0.71604828330336,0.241871320965274,0.907718521688197,1.10528945585033,0.230154882196926,0.337754401514228,0.329627672042556,0.163254103395917,0.914842203949637,0.316379143948139,0.113669674285934,2.18629395532479,1.99405112849392,0.700776865509246,0.986700080497792
1.60736229260829,0.656954305924446,0.943299447746311,0.337903025683037,0.355868398113149,0.329711232220896,2.1610137227794,0.207693396634871,3.56451242221868,0.664784182412955,2.46503222564444,0.997657881755675,1.23960857346996,1.72631916368006,2.36941996241851,1.55508518050971,0.766520268139396,0.0995303941224081,0.313079371398018,0.186912903308889,2.12363816356067,0.702680857512958,0.296167085171361,1.01638207076918,0.714494449417824,0.697747640226338,0.0693172903306215,0.339026239182682,0.407018936158194,1.99300501373798,3.34418739846817,0.209536696792326,0.942420942795933,1.68537150524467,2.18283912575639,0.0254485669425567,0.394221841316448,0.635627151846719,0.799949273000096,1.03486818784438,0.741097526211431,0.298786656028336,0.517246627056793,0.919603317542245,0.550435715310946,0.276008314535881,1.36344890965054,0.848835617903933,1.39264037921685,0.39759098443725,0.701246020007196,2.56134551068503,0.435369953817207,0.834127680731756
1.92425814586274,3.7041133064248,1.00033324528991,1.91179113269455,1.1152980496589,0.338056768277448,0.748059394237888,0.217765314794319,0.577937923831406,0.935944834773205,3.01031882735932,0.610391737221959,8.29663982440518,2.49652882138145,2.61380895696537,2.38098169646738,0.356977594839204,0.122849081934942,0.531389480376636,0.929358639121168,0.157342461968514,0.58762879166262,1.30940737066476,0.143642297126306,0.0391364168754776,0.378085125627994,0.0915399293266296,0.402351912155011,0.0641225938426515,0.399124058230813,0.116320433381105,2.45259379101083,1.60799562043146,0.76918889124536,0.0384080311436649,1.33479434454808,0.282305239434895,0.057000125051884,0.488543322228285,0.567979970327201,0.480663394097387,0.348426302038127,0.452422674427646,1.30882622941557,0.624554315391749,0.423728560246493,0.358388657591697,0.328536361417788,0.692403521440824,1.01978233977409,0.165274976557343,1.68119034308475,0.305234578217653,0.700254244097547
4.99911161492109,1.54059343696973,1.70125583756298,0.583970303040154,1.06668291729101,0.163760342626537,0.952368179147975,0.288252292746149,0.303972875046626,0.820895596020724,0.701236887867274,0.422894701938453,2.36191697303856,1.13247079097159,0.442545033553333,1.15274339693749,0.20881503331962,0.19906697712028,0.727092928242524,0.18181202810083,1.22831315684541,0.841614007133588,0.620504140872602,0.680453066537103,0.272501425765585,0.96776667113329,0.565496171677317,0.106923743883289,0.429483435189478,0.569043570177694,1.08345401418139,0.159880982337241,4.42863527395537,2.36270931729727,0.229147481570497,2.74594304636136,0.62057186507861,0.222363198192072,0.465982340771368,0.458493302511329,0.111527644569816,0.355755378372089,2.07894495698301,1.2757554489065,0.759771779255292,0.716784209036349,0.68428315157658,0.438204760958029,0.102491485761386,0.720729698182343,0.440356341753313,2.63843459163193,1.70655106317854,2.95967113190002
2.57423785722668,0.284150824179716,3.00441921921626,1.02827415043498,0.88392663921192,0.108188819355692,1.22218317798567,0.841096451377713,2.15553823479553,2.27747085353605,1.29033679213246,0.685890574495415,0.457485540619608,1.82331425510656,0.324989443779237,1.20667909914142,0.481306905604178,0.0684156488451295,0.346791943836303,0.454231998192772,2.1052866003103,0.596111445960224,0.906209950723254,2.4228564284408,0.0285444805194498,0.414971592891307,0.300076739005761,0.878758149890077,0.22307877380138,1.04983218872232,0.181439202319465,0.625224468173309,2.82451305942436,1.11715893885425,1.27277994982191,1.59280032485421,0.0586871687681653,0.233608531444498,1.44529087853034,0.283724581725827,0.498124189960426,0.687568960322037,1.89949259868989,1.52078937471824,1.62775879038768,0.284368021294486,0.718510477064395,1.40294395372732,0.19572634007892,0.398506105975009,1.096942966195,0.449536381415815,2.02926107254557,1.1105888843707
5.99394081204285,2.88929062574253,3.0799784785817,0.342736755874212,3.39197749675338,0.242108958023091,1.961648002707,0.847373499972729,0.936643832986534,0.633354267601306,0.82224109103289,3.85105586685687,2.33080870131681,1.93599535561782,1.83436625576665,0.664175728787464,0.282641827356668,0.00947018552975502,0.595262950460543,0.109542832639648,0.660983083167054,0.266781448877743,0.542398481401768,0.732857421594512,0.51578530086376,0.1942288523063,0.132276191029587,0.790945709562077,0.0998234426869228,0.243615067321427,2.10142469805154,0.756138461700489,0.881546584897263,2.27485690456871,1.5662288457866,0.302071806267678,0.0764880633608997,0.449623062324088,0.701477536602306,0.0101712375618141,0.591918666104566,2.10291067855685,0.199097199663673,0.742104893411718,0.426988013909354,0.1485539186733,0.236153446731143,0.207310109529245,0.516779803088463,0.101938604857945,1.57325112361094,0.844925390971628,0.0261357000442258,0.227596725263968
0.527961333224853,1.74489844799775,1.9138597862306,0.163667609164645,0.0859095682605893,1.41816637942114,1.23893543881476,1.68134077844803,0.375241619428404,1.67732615523773,4.39844667643615,0.757051990092364,2.69082369660796,3.18011595107619,2.44755077972844,0.546055327776167,0.0418733904570691,0.472123333037006,0.198943186100486,0.438970969686059,0.414518038278959,0.533728590438049,0.0832192966896279,0.71140910921895,0.413434680515964,1.14584508614442,1.51050775550588,0.0562364918071296,0.312532383906306,1.22739398421195,1.51038623524736,0.566173506912508,2.60493278286306,1.54274942211837,0.309994893838836,0.221439194847091,0.790535709380567,0.691223838820335,0.104232327514509,0.194520955359373,0.777892224244167,1.29997018727246,1.38967861537865,0.365129580060376,0.9950283051349,2.62195509849248,1.0464059286833,0.682576715249344,0.483018806626611,0.285719401735964,0.303450409947239,1.8943432787829,0.494318301432683,0.416236446113286
0.962640405007967,0.112671894411423,0.276438785519967,0.805518489868448,0.460524170610458,0.172749410210288,1.10366882400026,0.500831459908735,0.163304537285037,2.22882567273485,0.221146272183245,1.18399792369169,8.92639776559662,7.10666703337197,0.969673600977847,2.74837018162815,0.23421573430115,0.209345330566338,0.637052228342677,0.0918080840416441,0.0232946248678838,1.56783970592059,0.873016440484655,0.433217985765343,0.465932357451131,0.411176507109173,0.612116272583666,1.33919982714753,0.80132466873212,0.670322884174747,0.958111158562451,1.71767586996318,0.168879288784596,0.277625249695202,1.99385502734137,0.842539123391905,0.976976700067158,0.369882953242271,0.532774442884201,0.211772063519009,2.26354405444474,0.266202554820822,0.106640786526299,0.430540586135058,0.600273677852385,0.660632908298113,1.10116492536906,0.276017718433409,0.475642224032736,0.573972861023767,0.681416831103014,0.300289377223349,0.962068306352097,0.938212232438204
12.9807206532341,1.90512449447747,2.03902021461869,0.118050469133485,1.54213183036421,0.524829740919308,0.220801577744805,0.398016243115287,0.555818700958129,0.17760137643623,0.0769248904203718,0.562628735820608,2.85027643984574,0.570480330868156,3.20476946609983,1.88230004188361,0.181868521437985,0.0179181669356969,0.312543586771628,0.0991128739706191,0.255214763712194,0.57095468617255,0.174744954062354,0.897363836837357,1.03950441978041,0.278323573177601,1.20716133534814,0.0405313187843252,0.257981342586306,2.20075367897369,1.73215317187948,1.62476346194636,2.00352024385901,0.501969453056637,1.14267363372653,0.315647965133083,0.840297584041653,0.399274665396409,0.208686443320611,0.0848517206364939,1.34887768717437,0.226305704745587,0.949865934710113,0.831185069215273,0.811516295218209,0.150323745645244,0.426285919687844,0.101315567136298,0.636746015377339,0.0350968311909051,0.566456224600497,0.080924916076518,0.569663928637495,1.26812555309713
7.54079265306476,6.17319700796628,0.995263322057931,0.727375949632524,0.410438694958554,0.785975326046811,0.0630862025070549,0.442812609209125,0.0854115732730061,0.219411746773099,1.23310455227738,3.05606215390863,0.453125554062278,0.356599349526004,0.00856441979767666,0.350033517488359,0.3718419547118,1.316497406049,0.12948020448357,0.200343327029769,0.770030757099762,0.657780322660838,2.29708680210126,0.451279656966366,0.616031097520593,0.471550200130277,0.442471543090978,1.06922151079055,0.55207415845553,3.53539458464495,1.86828199336342,1.35083874670302,0.387270553706172,0.47247813138126,0.71677503742916,1.42766269426194,0.682645911599812,0.240462437659031,1.07040354048326,0.113757156387209,0.691529834047511,1.30561254084705,0.758974970427843,1.03158751453964,1.26823907470327,0.199097280008388,0.0139272252267999,0.186253899149019,0.195263734698364,0.110477152354542,0.84789482334279,1.82334792989767,0.641805013464825,0.813074646033287
2.06931463519428,5.33107236737015,2.25462128251625,1.03475286951489,1.06120487653973,0.229464969706083,0.0658383433839163,0.164795862240511,0.829456802147397,1.07273364503754,1.32224809632871,0.44160549535084,5.18668481907348,2.72917582803602,0.120887343530381,0.0896101842602005,0.0591338837093168,0.589014574938794,0.586876549462126,0.264391447960373,0.173342204877868,1.02306626158319,0.401470559461417,0.746417343188269,0.778332543878488,0.210903958300265,0.204412681040939,0.825785620509838,0.426590994947588,1.4847675550358,2.04281628851348,2.4777329343291,4.02749230030316,1.34586425115972,1.70366433803629,0.445021465960812,0.358457801261806,0.758846527642634,0.293814548326517,0.653903564106568,0.885141385929158,0.255981776125663,1.32338367070994,0.642493959603443,0.413595944701076,0.342413264961893,0.349457362009438,0.211249368531435,0.528749810868134,0.425879289569993,0.963955615017878,0.745826126564977,0.218335295548814,0.807949511093421
3.43671778921651,0.343236209267234,0.361101110394945,4.55141313685936,0.75351504661261,0.38099690014723,0.855333002826645,0.660901811620886,0.265419729589197,0.494480183332525,3.49356217361517,0.770125030506841,0.769280246712518,0.191409725617563,0.683590088572799,0.880327623710606,0.461906721119584,0.348309619522339,0.668521073057559,0.488043744539237,1.04237304838411,0.982465982322058,0.381316437499491,0.833117375998484,0.214873525454843,0.503905053183649,1.87420767271213,0.488709532981702,2.70258018642877,1.63320750739845,3.95134121468854,2.72274210368601,0.924714659089178,1.57528248561186,0.136231404439063,0.160251479339798,1.02156875746027,0.442873651368924,0.500368743732011,0.749895840545754,0.379908723177226,1.41778007884654,3.12263461819334,0.240823314367177,1.05971574089822,0.0971305198737188,0.635095332770709,0.0609574407993815,0.182869197744742,0.263206530104861,0.199739982576961,0.35378848293949,1.04205209517768,1.24408031336352
0.181024890991222,3.93975467955401,1.57479061764531,0.419750719888513,0.576942488591967,0.240927109155406,1.38229739640863,0.234479955610939,0.293939422373828,0.758536551174175,1.20334214372369,0.544306671560834,0.465725230017404,0.0241236865593013,2.0086021473675,1.60633731904164,0.162828716841104,0.508618430004592,1.32824300326283,0.863365723572014,1.62033003740167,1.50979289864801,0.429665646974722,0.870874365840235,0.377263183305697,1.58490547824052,1.24879589662242,0.0759622851146128,0.631675700449002,2.65378322865231,3.33865517033536,2.89708854506628,2.10564826827136,0.964029366831756,0.381952352634761,0.780380129032763,0.287172313406956,0.475133295298393,0.854870225298481,0.281627243495815,0.500654818512794,1.69282268454536,0.212784140564334,0.491529333373836,0.403424543658953,2.11023707285968,0.170787187276634,0.542799956132029,0.131850165322021,0.45503171049586,1.1463038807702,0.885445166556961,2.77642765284918,0.792359152816119
3.45147314496353,2.20206731502632,0.777455943791413,0.655051584058425,0.395582429370533,0.0619162639097629,0.243506153762501,0.133324679554926,0.669207283273021,0.0325461917732119,1.11962193027489,0.556109236723364,6.72801787080545,1.33621530606229,6.47680146229099,0.595324591637819,0.371571871558377,0.228750825391091,0.457838527541802,0.171355666249361,0.834732512512456,0.254574151674546,0.326612303614124,0.724826613264985,0.170249267088569,0.218583653144272,0.702741244719163,0.679795108508771,0.50237064060677,1.56814759231537,1.1428381621425,4.78058566887159,2.27858037353269,0.254666395970697,0.290693864861367,1.61803803253476,0.640226568236988,0.581096201202605,0.488935280877667,0.919894133243675,1.53480169635011,0.928616999101899,0.304154675141714,0.14405795526301,0.589225242144958,0.592055511303591,0.250172798922013,0.270806630923748,0.136429820955454,0.0883974188918453,1.43494138051302,1.00092994289071,0.0501644614378766,1.03331941921741
4.02826403635014,0.532073907727254,0.433487626903591,0.132428251891976,0.857570251020354,0.305722273707321,0.541709726499758,0.74096816057299,0.676868569730276,0.454419887309075,1.22525127873674,5.05321096263758,0.31401543921307,4.14800929135261,1.22206192691952,3.85509506099361,0.893113175132921,1.12910903995929,0.808263801268249,0.609194395164337,0.272319485537551,1.14717397307609,0.130305324878747,0.182709378797052,1.43430341537103,0.580351322353364,0.51448693577488,0.619118938713646,0.443209785161578,0.0448895760442168,0.475199337700517,0.840970860515183,1.21222115296247,2.21908074090865,0.472648742631011,2.20252113479664,0.312375736564668,0.297739305164822,0.688387535531581,0.143665189975768,0.988733666370797,0.40009262232486,0.382702149750643,0.141221328162736,0.797904327660278,1.45756004022085,2.09309672106122,1.39456866662635,0.11349305202682,1.02808809077351,2.5440884737726,0.0634626125678129,0.0733846081394386,0.327088704991964
5.51519430070237,4.7078501569394,3.06070512329374,2.03221278625272,1.63432161429805,1.52027653225479,0.625398352360184,0.158983776310372,0.360517744170162,0.196001047830266,3.76068486525688,2.0732522620306,0.512016582581405,0.289523143366071,5.07849659612969,1.68845996441141,0.705118068205271,0.673168170275297,0.309916924666445,0.476905074721103,0.399515109331769,0.144074939727202,0.146217824240511,0.516489723563306,0.426831028359788,0.521845434753701,0.22842911585412,1.64730925398251,1.56512247232168,0.506495577522432,0.856686630590682,0.797954580473286,0.439121562027046,1.07060668547517,0.35472893094324,0.0150271087496286,0.302252844508093,0.192544688229623,0.0936998164251875,0.0929284940619683,0.522690826537062,0.705507524620501,0.712053129537673,0.835438272850295,0.250431181425576,0.49518287333163,0.368066474312135,0.0661391639245971,0.410617283565797,0.262899611574133,2.79040247078648,0.449616141105797,0.222286417619269,0.2117837216119
7.91697642612407,1.53596062292952,4.46603356269986,2.5250786334744,1.17292304044393,0.374072933670506,0.216964785087025,0.251586536856547,0.151531248057129,0.416904070235415,1.67458781217781,1.03288507479546,3.17800571910225,1.05299603579501,7.1565264729048,2.00108160948281,0.268292190988684,0.54796334672881,0.237070980499508,0.204454097478443,0.372362441149294,0.892252684959243,0.0470891833447683,0.239486439621961,0.711459672989976,0.396040398134806,0.540592146511751,0.605057317990561,0.517127584982255,0.446134099309307,0.603385748463,0.550205063721219,0.352771980386416,0.781868428127556,0.181574365237838,0.383967594589488,0.133010317259421,0.877271123099163,0.30930242673691,0.242841339184079,0.659497088068496,0.111131094710951,0.353948796569314,1.06534433818204,0.320945208389448,0.410836655556122,0.356400262419015,0.0172380483949964,0.161059415623011,1.36108854471561,1.13476727675736,1.36611720583274,1.0368130797933,0.079117429656594
13.0503282678118,1.50620011207229,2.67805898871039,2.76295910597271,4.08346058772058,0.314055763226586,1.3038355164156,0.618315312151911,0.968387914807205,0.818812430557152,1.24091219265125,1.07400868453612,2.72404007307843,2.73090940653969,1.76049014307519,0.192529500560804,0.102118932342048,0.041620992700101,0.310747459971444,0.214003262520305,0.09038472022459,0.38128345354258,0.726320868691195,0.191606738040318,0.274558998119271,0.289005396923132,0.842831003707309,0.44369178147678,0.0999378469314303,0.071142848161757,0.778903221509119,0.372176397541651,1.92561240883454,0.562917427177783,0.0704673236322835,0.389913922352068,0.122726917857671,1.21512284555542,0.520129205931931,0.493897391744909,0.359231098727365,0.0413964849834338,0.55750187248454,0.397776625218323,0.172970215294976,0.626888641135694,0.0310488782770293,1.25090658821202,0.0577473712720448,0.311366683452238,0.632162556292922,0.147600786471708,0.974416074626504,0.0805607581738327
0.721332017333227,0.678520432358942,0.160210860210502,0.33409313733283,1.15859818475187,1.58315046376488,1.4927757384879,0.552466791362828,0.285889876745469,0.0371506961739256,2.14193669784364,4.1710179640837,1.31148026190338,0.264857227814971,11.1756035918281,0.620988079983018,0.257404935926763,0.621109445670081,1.65772851761737,0.0861091272031409,0.642059656389698,1.00043698344636,0.612543415361494,0.0991850557445481,0.478469960360184,0.747934066881684,0.20575166145729,0.137751750601677,0.244653065471439,0.715356136415781,1.80932993570362,0.165545279668312,7.0259848071736,0.261786380705219,0.397393303530756,0.501871371691554,0.648605477487757,0.0386240838076485,0.719164386617311,0.42922725329317,0.494891684941297,0.50992282919827,0.720629057798117,1.13159603948192,0.834454201623355,0.121824725372451,0.309431650170852,0.303743256488744,0.465655709960443,0.225335801354898,0.665189274355033,0.296618196413402,1.13115523732478,0.595454255310754
5.15810787351346,2.64451675534722,2.10870344780855,1.45180046486672,1.20277519200736,1.33718934744255,1.4130519466089,0.0721873976421728,1.73351323208542,1.04391298786659,1.15150501221655,0.435221529659969,3.50340785925781,0.323793789416533,1.43546716835848,1.58359416212558,0.393403949946784,1.14935138396106,1.80059222626069,1.17896967107973,0.725341959195268,0.443176352801552,0.329809094613535,0.0921414040982598,1.16687375796718,0.640533023745918,0.849810124283355,0.0278510636338555,1.31564600910585,1.57950001186787,0.889236802933474,0.504282521946188,0.579829621727168,0.122977661252614,0.66099646157263,0.146974692308731,0.660321823674934,0.47072951347347,0.398619090620313,0.555890200590818,0.202090471755678,0.605734314547764,0.795222567647426,3.69784884529217,0.67208943006949,1.41232985527678,0.2720858359537,0.827249456635269,0.0298704852388363,0.460815291466973,0.152452619392281,0.0784257824874133,0.403815189242296,1.10836326610882
7.88919187691932,0.476284561738015,3.28123333469209,0.250978615151359,0.250148139492362,0.342117661296921,0.713344497376187,3.37736708311967,1.92935142574143,0.558234575867748,1.3736624549628,0.460293693208368,0.737276741212498,0.367927132732886,1.65935376980419,0.118227538346722,0.505872663744155,0.832988950278158,0.459727535493898,1.00908226529908,0.324261987493417,0.184539914004228,0.40167608979645,1.48181316080227,0.161042436006797,0.33199502788358,0.248080317455178,0.359583798383371,0.311242060012906,0.259300004424286,1.33475960082888,3.02649433548105,0.673746258025723,0.730207229836051,1.21847328251116,0.0931649388294766,1.38497235143266,1.08553580206952,0.339330667249668,0.30341285825209,1.99540562015749,0.323326225906674,1.76699981898545,0.663457066014044,0.712391429339011,0.370041086485911,0.631284810870314,1.4387217923758,0.30945700462502,0.193522231749038,1.13516469626425,1.36065530376038,2.20345165328905,0.0498246229209701
2.3235405895012,1.77138110522957,1.88191060645952,1.07961701389597,1.46341985234918,0.371919354872678,1.12343559854803,0.526692060650472,0.886170220983515,1.55421994916204,0.257837772621431,0.36333404639689,1.37767240047997,0.257895738301151,2.15188762252124,0.42399842115243,1.4936616511209,0.269712201859556,0.666880625488402,0.953999766030837,0.0743627303174861,1.02430988760357,0.196403843109584,1.02133461543467,0.424292436051874,0.103492203901849,1.17601415992177,0.152646661586919,0.875186709099513,0.912290496149216,0.870589212782516,1.94601556269063,0.860656529473053,0.478350724978286,0.667377310466248,1.04085370739871,0.299285641962761,0.338716108171908,0.88598619617993,0.692642570414526,0.0319037358627542,3.16213293302536,1.07723618594555,6.52510630857173,2.61605241494957,1.20719402928375,1.43265451483507,0.281384269936183,0.512448679491495,0.580329494833713,0.248126506089532,0.260618365139223,0.385000130276391,0.439818526439687
4.68322722429117,0.363073970869715,0.674635363507453,1.34318579833695,0.498404474620075,0.133977646811855,1.11582440173521,0.780608385194933,1.06590548132073,0.268678558633404,1.22929114154097,0.781060662303723,8.4915044768193,0.960688363476202,1.7101271800546,0.776504292124773,0.256440575187402,0.0197880038582201,0.768672362774249,0.972987294346207,0.15420304622071,0.190986004648388,2.6551788669133,0.812840807591644,0.666889669454653,0.299644724798903,0.152848397475148,0.0834852352118043,1.05814103431769,1.09760302135395,0.27777508087202,0.624019999205018,1.98733283985159,1.82694408617644,0.207083402663935,1.02529452270996,0.085390638968778,0.523494562163856,0.917184436442828,0.310551291816079,0.182294559608794,0.837064943813744,1.35478094095711,0.455674031306281,0.104298423477973,0.141886878793506,0.221282124445762,0.291520405950001,0.558704384533786,0.596232235152481,1.23033541622429,3.98036113654371,2.1425077348168,0.0515794577119403
11.8187237173884,3.58358725938009,1.00498433925893,1.70643352909169,1.14551853088202,0.666813231154684,1.32823139642786,0.465498553219848,1.22941910252248,0.0427000547211358,4.40831194596316,0.0908842041019531,1.26142340185617,2.53163662659379,1.2345168712134,1.3765783924195,0.88082820101272,0.138178555190634,1.82688196785403,0.0168630993911929,0.212308769482975,1.47778017519427,0.551794007960565,0.510175935897793,0.44277849469884,0.199416969786356,0.153260845988399,0.0308020342587046,0.337786719172333,0.538945717911135,0.10804031896686,1.57683473071398,0.587052649345566,1.9450233974278,0.25802991418588,0.272336445008205,0.0141235918790821,0.131177720020605,0.137231275123876,0.191973371305838,0.538166203299945,0.311832167119248,0.771907312817936,0.751639675857803,0.537967288777388,0.22565144379609,0.179230521607136,0.388769205521456,0.102951496461284,0.406419268200292,0.482511672859677,1.35756371785234,0.0262177608485328,1.48428620100815
2.42615906219072,8.74291845207214,1.25009042309762,0.448586993208026,1.11950240087164,0.278167298825984,0.685938172097109,1.07830715170556,1.01135119633337,0.887439118608731,4.85910630808974,0.589168379797632,2.15959920752997,0.718747959837536,3.9502800967231,1.20691110726337,0.220122612581013,0.541568018767894,1.16638992757036,0.0121671323900233,0.173950696745227,0.751772995248289,0.328416984692489,0.390065853097901,2.91102757255005,0.412083130175105,0.933888699121623,1.08994988488305,0.137400077674333,0.449218123266384,0.471312736923414,0.558163581876965,1.07960590538156,0.206728508613493,0.514283089450019,0.499186362763471,0.116681694601696,0.0428688774331423,0.173230490083108,0.0434080902485872,0.261821551671363,0.971412866583081,0.973701099246478,1.73227278415227,0.707568908113992,0.177097503796674,0.300020627207351,0.218424928954675,0.0568373566534087,0.246732704417713,0.90701643127711,0.379881480757999,2.3668524499935,0.0645949327829168
3.20151604873119,1.99876424176046,0.229519748248359,1.46153795713707,0.734610461555022,0.702485398619997,1.41354222324903,0.264900145282245,0.594666052366115,0.094229764734625,0.359850048398731,1.63683815515703,5.86763059291298,6.24425297796201,1.12149501963634,1.0794693580578,0.673442276729383,0.336239988046823,0.146224116671753,0.968808377205482,0.305046057814683,0.480896129310574,1.19224581921171,1.07862325155423,0.128753032442883,0.182124253835272,0.61014927924793,0.596215330879479,0.288906924820767,0.249871031758353,0.285431120729542,1.33902440361463,1.30820590920301,0.55080499562389,1.46015029435908,1.26728985737292,0.455239270845706,0.442892584888749,0.384104000255398,0.0220106305734381,0.246723547063976,1.18042307219378,0.196425663811875,0.95424306338272,2.01497447776442,1.69162378960243,1.36573716067126,0.262421868314051,1.09100358078055,0.11599802147253,0.576319589202732,0.941107274873663,1.18143769196414,0.423554068097183
2.64883784999799,0.432215506542957,0.152339943847828,3.20485957996711,2.01181982594645,0.639670103030488,0.498932668201728,1.18122100940187,0.616598342648425,0.24109854092622,0.296070510028884,2.00926406516423,10.0112636076557,1.12013718906027,0.129930963481549,0.21334574014067,0.0246079329955044,0.119905137385043,0.686201144508526,0.160099763053168,0.107868923450049,0.279734249525672,0.577167277679414,1.07828504883301,0.597330251171873,0.677757520163445,1.37647413599103,0.153960754777121,0.208666816149298,1.39274885567496,0.557526102815223,3.15107560525249,2.21100756658615,0.664110829987553,0.561066638211082,1.66448591584888,0.126072486957264,1.13751507019583,1.89804226328252,0.665187456714497,0.810295360718117,0.389622220343443,3.59574081297762,0.0769572062023186,0.446248450465175,0.20074002886534,0.921191258360001,0.0979092847879597,0.331458305683986,0.480374528041036,0.42298157451372,0.106152035151002,0.22980580289241,0.406019937745856
9.07129093773231,3.77447504888707,0.0921121777647989,0.77946819034025,0.714274541900517,0.300773266060123,1.1969544702151,0.65957745156728,1.09303546946123,1.38836802615534,1.12902744905069,0.358232271003683,1.18942168644826,0.483140112677855,1.27416361446474,0.419324682401048,0.989638153841872,0.119352021580457,0.161980836927922,0.037324441489936,3.29866464913122,0.0397054408982219,0.563923923886458,0.882127702373244,0.604532326737474,1.61852642957901,1.35420408439052,0.854304252174105,0.593866896758901,1.84808132492016,0.091003494430594,0.372056248705482,0.435409410957137,0.257732052283169,0.311164856410301,0.923170339986893,0.719775169168735,0.833542218089829,0.353619410005631,0.436563924324705,0.22793985541224,0.788361983629921,0.0125659134310039,1.06599330491419,0.166538292904233,0.270360256051492,0.518380766273052,1.44618130697822,0.358111658978254,0.75583583168725,1.33709823253273,2.63285144611271,0.613653656092419,2.18221848982001
1.15148410013343,1.02611215309786,3.05526200517854,0.0876623448053407,0.993076400655072,0.0835116996372225,0.351637107276663,1.56900213032186,1.41081990779101,0.233911192617806,0.833478938678427,0.920062245967311,13.2418038019775,0.677994378944946,12.0450651119024,0.144249089047407,0.358074658881143,0.0695692274465903,0.320418129456477,0.109275569260645,0.138975176134252,0.167821626791067,0.366836799456348,0.199015361685523,0.887056813647528,0.107974459057038,0.176864532612038,0.214412344755617,0.623242901327271,1.30017656601732,0.0950631982065866,2.05558032616291,1.0732979948262,0.145510042413546,0.283648757410822,0.230451101065045,0.826616754329695,0.557183878832887,0.207349056736238,0.04508026636434,0.545013735504003,0.31338976567433,0.895779070642032,0.105587798947027,0.39361390149175,0.375181646055625,0.735022211407012,0.944472472408748,0.0428102943835239,0.0890719649982105,0.183740432304629,0.162236713539205,0.702893933858928,0.126557907875054
1.46199180837068,0.15460993158175,0.367396918467702,0.693243054882658,0.19781217498818,0.230234448716671,0.0759268213762494,0.731833346675915,0.917163589325884,0.0844488938388079,1.07365941569466,2.64958631276903,6.99914021475726,1.60151989331122,3.50843333938942,0.497286935073405,0.57044940512877,0.513633130383767,0.692877633025714,1.15165008082548,0.14606605924241,0.756749444023145,0.061537099634009,0.425372670710329,0.533347763098897,0.288397541177245,0.329514409412182,1.42660414671688,0.248737040283404,0.820910312313895,0.317192465276694,4.47461800346703,1.13317811889272,3.74636400671837,0.657843735138079,0.141461136705895,0.716845332694015,0.253259125890658,1.67096026038499,0.353346575427023,0.55479714270194,2.77691305006541,0.71732287916182,0.590185053652063,1.3766243324614,0.142154508961866,0.499663791549162,0.692565931744108,0.933535482787743,0.544760317120722,0.592420617887114,0.412933909717385,0.996246404336416,0.494673982061742
6.04890080880149,0.954597658190874,2.39770538886393,2.20036482389493,1.05348624163915,0.387697647201787,0.307821871487465,0.512175776523221,1.45416607384433,0.437916898038669,0.0393673049156406,0.934323422737705,2.14486130682734,0.11297171581591,1.30199065315636,0.33138330643097,0.229478260512391,0.268163532995863,0.363806417497461,0.948645438654692,0.524432041726824,0.509913285308939,1.24157834025695,0.589989127353623,0.358712013349184,0.204287695062729,0.496292939892288,0.0835429912616501,0.48471998922284,0.713880131843632,2.22689903813845,1.36340397576866,2.50981116210886,3.17846985991801,1.16296942447256,1.63716744494273,0.994353028515069,0.575268564215261,0.0787551216956742,0.208111898405616,0.239238450388621,0.464110490062047,0.0992509395222295,1.57047478327118,0.695143676792262,1.15340305012697,0.308912411976714,0.626189413045719,0.91243833722972,0.0875231428192614,1.95793761186664,2.36128349250893,0.24208469240016,1.70962688649983
2.32769029881579,6.15658173555398,0.627597410061803,1.46131972799444,1.40888139778806,1.11617589526788,1.00876499832961,0.327019425350431,1.117521374265,0.550106730491536,0.525479009735872,0.592322285034471,1.13553316719032,0.298492036079592,2.49266685517968,2.25164670470618,0.239316303303791,0.328074127058652,0.239391035611035,2.22561267335828,0.482925065912979,0.0985165096542803,0.0755333439851895,0.126014939656955,1.38076200974852,0.406183695336176,0.327852100500977,0.492823933622888,2.40344273606095,0.270265481294831,1.80856032455479,0.215870497713023,1.39935413445701,1.30637673182533,0.222824147498377,0.618164698325906,0.228024589172369,0.135831870270674,1.2091350235705,0.798201831121369,0.68380547741251,3.79425116836101,0.157650637483387,0.761668720247243,0.614465180855891,0.576962517355164,1.60773621883971,0.327451311654699,0.452885957305901,0.157834309749003,2.15387461233315,1.00241007142596,0.759630943409877,0.512516018106982
0.92827152447372,1.8179967400597,0.327862549758464,0.602391361419888,0.647277207212465,0.892005093284188,0.834672833082558,0.243819759032481,0.195977229140184,1.00788457894508,1.12355124508782,0.643383257106263,6.60931332418435,0.860073433936404,8.47194064975089,2.13927581491467,0.74687958819245,0.0228295511010146,0.911276701974355,0.22975423129558,0.115963136387117,0.347892647412008,0.700397406380506,0.0650592004460248,0.271401601362693,0.696442398710869,1.30656808092479,0.267498222541514,2.18930913815776,0.29199861130192,0.222378314583076,0.706736587652909,0.489587400428365,0.193850144780768,0.416174388798068,0.0349901437264454,0.598882467927474,0.115998842182985,0.292839605642141,0.454875443161509,1.9773026793224,1.5254829485542,2.30430621376832,0.710620262607651,0.278307176378319,0.650786325135438,0.0397820211912423,0.379747799312702,0.716722521161781,0.686579047749618,0.670444915971155,2.48841683691399,1.83966075179485,0.696560043676865
1.53197539260106,1.75520729772826,1.12191216182178,2.92500144663061,0.511622059923006,1.50218756212869,0.239484564439054,0.330549422585916,0.716979767214408,0.0409247908005493,0.394223590134975,2.04403430789814,10.8980735668501,0.795134562035492,0.640173496007727,1.03675231306483,0.478013678197093,0.126107392376544,0.977558126296913,0.74672191351046,0.516331604123371,0.717598939232739,0.671886697720591,0.923434790645823,0.134878571952348,1.93949563641301,0.0658784797739542,1.13191262807524,0.103494460393203,0.97865269872107,2.4560566985278,0.660269282036541,2.56841016471561,0.511000166104434,0.74367988899014,0.306440314317895,0.406247026713674,0.482023554461333,0.132653869369056,0.349761854677985,0.857695752323587,0.759378496749736,0.236646126233307,0.378724636114628,0.39985232816059,0.486867812515248,0.219151884480073,0.110376816128763,0.44584423308706,0.486229028267257,0.589418187980167,3.37295262722002,0.1131008391316,0.931016492396558
1.57722773712523,2.51897073538357,0.880835834425958,2.90048732746155,0.755337107595513,0.542509321880023,0.414067084962625,0.521309375572368,2.85210255519661,0.642871420183802,2.33462153342383,0.105206978947065,6.24874515301069,0.98120777695278,2.36954041468956,0.347661386294871,0.335601198004707,0.0889698183533145,0.357933966493291,0.670007171433111,0.657887095378252,0.659161359386029,2.98213561667314,0.448353257840347,1.69315985562121,0.477569238506279,1.05580109452906,0.291287124228994,0.923453623346192,0.904468968642585,0.48920846109931,0.0547892404366329,2.52031233386888,0.130265314890399,0.114335955715886,1.80584644862741,0.241820247376628,0.304483523038371,1.06687822973752,0.837581400944695,0.0269457045553114,0.416014040398495,2.01671624920006,2.99176060334888,0.0902827535727153,0.266898665474307,0.0643015456338389,0.329205168554603,0.0959227291971297,0.483663703688027,0.888453271234155,0.0720229228382009,0.538389306963025,0.615411048062955
5.17358867532404,1.54057207725208,2.16544616212468,1.3725683529762,0.113289500288912,0.709712069679937,1.29464511029631,0.656281815335441,1.94731058245777,0.709620772784163,0.658445624588141,1.10925426201004,4.69158074926722,1.16975564862572,1.52495142033529,0.333758822304544,0.15717187310258,0.0329278392763723,1.04777745714573,0.675820710295593,0.725069178556478,0.0580133228354026,0.265607809868331,1.1999808167877,0.423853597156844,0.482498307331972,0.245790629720037,0.670803630722672,0.265434104553096,0.518879326329325,2.30837606024503,1.54862814005475,1.47324952622592,0.211751950465053,0.487529781282472,0.125236792725309,0.765107911407309,0.484405239660773,1.68802182055341,0.339145797685372,0.364192867051879,0.764400255951106,1.59929732631683,1.66862077615572,0.420271421027254,0.340984411889639,1.55264890141353,0.298387447195066,0.126816056532251,0.285139077948423,1.9173876567736,1.45506089249797,1.28422708390094,0.550702555707762
1.38281070645469,0.268360249295192,1.15232468502083,0.407967063142878,0.238049831895322,0.920212262399914,0.0849429136216019,0.682370580203019,0.543700717356533,0.40971787233616,0.633401075977481,4.27031000197085,2.40939195590567,0.922177824655621,0.575637050121454,1.40813342336167,0.798016454606392,0.331479208914504,0.373151335505253,0.820830145309382,0.153963436739051,1.92458953839155,0.898379855329963,0.394008163616362,0.83139917464187,0.130610026952413,1.47809932591867,0.238515666913331,0.624912519206876,5.43209328127442,0.49111289764993,1.86599795635027,0.529328419698719,7.07899373487697,0.354414899739968,0.127807248680836,1.21072345295486,0.569756153241372,0.745380468428495,0.394247823654001,0.791100987893338,0.879815721395852,1.26826624552185,0.252645986066445,0.540692841641574,0.193985854597886,0.388787641372407,1.01900339291717,0.432894736083168,0.327063902770873,0.239606968191854,1.01723646266127,1.25475403376387,1.28682582280809
10.7771829136877,1.73485022419248,1.98817421628805,0.587500348846308,0.503368223914493,1.23475620276142,0.581128472681395,1.29526556013071,1.27786974606341,0.389313840938714,1.52651394338334,0.153649138019432,0.806462123617255,1.12517574056476,1.09848859129806,0.700914945945801,0.317598561379853,0.915004053444094,0.287253039676644,0.733298259862623,0.287695271444083,0.974968781107817,0.105119047089824,1.05851697452781,0.195173662882994,0.174431028851014,0.087989320506313,0.71220675764969,0.798635253694278,1.34790746764831,0.420323888994396,3.86028101535572,0.287963490131918,1.00067209294022,0.959532384461296,0.124390859845458,0.138136040014852,0.40565060578114,0.195562715903749,0.455784671876303,2.01572316245931,1.29777268744108,0.104175862702753,1.9002098634255,0.57428319542417,0.227328716439648,0.720695986028469,0.0505533376018694,0.210657243446818,1.20363049103401,2.93904522918424,0.129365605903914,0.674317808884631,0.327531332619811
6.05887456304472,0.693556024381969,1.20759815757184,3.27729762425393,0.94623445787855,0.156098472922727,0.222714163544728,0.952845074384208,0.34370960630086,0.526937374988772,1.54028523008525,0.904135768905765,2.12413860727496,2.63358295214829,2.07151121201977,0.319615673150138,0.421719250381364,0.204362422781822,0.210345284971639,0.57354960712327,0.0535118160751518,0.37468790168758,0.241536934656317,0.223848580534239,0.0133183470768731,0.723139373945195,0.558455016474499,0.256279016441697,0.170582635256007,1.0241608880441,0.266150669396613,2.10726592114515,8.21919920294953,0.776235728417443,0.409707042587394,0.700883024380049,0.132630019384726,0.0947491655226792,0.449855866579663,0.500868765644124,0.367090379043829,3.12011369972594,0.710132835515457,0.268158562218451,0.446056693073742,1.43811280833105,0.365580358309533,0.122305762221392,0.439951125246979,0.635649928194735,0.259175545577511,0.196841602334839,2.64056410096909,0.304089154923879
4.55721275041161,1.23292449264401,0.701321718325348,1.07029015946939,1.06143257414886,0.162105686962012,3.00546270095585,0.296450763439825,0.439577605332635,1.19309550129504,1.54360852120257,3.38773349514674,1.34392670657114,0.38890636993945,2.38527664211469,1.17606450461193,0.844150914529546,0.715157603022963,0.160295540881346,0.530668512663373,0.629080152988709,0.350116873319748,0.585093780653263,2.67610729392272,0.821735637600627,0.178534632264676,0.0204468000335696,0.196565391131149,0.0997534951383604,1.52662629384106,2.16891542433782,0.884020533520123,2.9323617839568,1.95827127070483,0.0983206591304893,0.436021220313653,1.10398184193246,0.82634662755941,0.397243970494652,0.41396027307124,0.556566606298096,1.40298507157467,1.72303799432065,0.0275759148577905,0.213921658715485,0.316276813386309,0.576603592424146,0.196581306139797,0.315960377295788,0.98104825064367,0.693451322313127,1.52197649203465,0.19637264999484,0.778475230417282
5.40283108716703,0.184495046905103,1.70501815672961,1.17697076858281,1.04901730155756,0.6330488519494,0.356602461708902,1.22406667677402,1.3353492758622,0.255462404212707,1.25906434159336,0.736768635466153,2.17020995352232,2.66276399751197,0.914956325399183,1.56830554608388,0.41437574715714,0.370416015305551,0.238887323757121,0.286700524768792,1.20658031861988,1.2889445426145,0.527321071267568,0.457672526338597,0.681113001476338,2.44130220514132,0.277439999555085,0.889541086488442,1.17961827771556,0.212245518357132,0.461853713368714,0.551816741716125,1.25766873742953,0.845907985618589,1.20172077825455,0.0312469695715524,0.909823055324955,0.0934928533180894,1.6538772849992,1.29327613451935,1.49129423710837,0.89764534090107,1.04160426582459,2.36945032718045,0.431049303780979,0.478789860772162,1.17091018535621,0.833226814646713,0.338383389016675,0.400299251298864,0.275323187143602,0.425161928291742,0.970182520599166,1.46890614436951
0.499116663656244,0.56762052316314,0.308926885527907,0.229430045204724,0.185564457054312,0.545396544358457,1.30025096827591,0.263769050395356,0.978321959407723,0.150402842946717,0.306294085722618,1.15217233687457,11.8116916348038,1.07959951158066,2.1502174972691,0.388810454467947,0.383333824530526,0.192238184828507,0.407867231683318,0.229258779535762,0.721990426610155,0.18044123350462,0.992924576507248,1.02973919392497,0.0704193678042354,0.710084564837865,0.343545181188553,0.328838077345137,0.0872868715662138,0.461220566534925,1.08615388797061,3.93882856411064,0.56844854945364,1.6479052741715,0.716481726099147,0.826988636155157,0.470828764755898,0.901240146637179,0.0708943752806665,1.19699139842172,1.18029996981759,0.718208677123243,2.96938614976461,0.149683789577719,0.861868891302819,0.630185844932819,1.08073032732436,1.11793179115216,0.137904474839687,1.04647823536095,0.172753611027653,2.89558489385559,0.0079285154966914,1.54951996425669
2.47351821448072,0.753891485953659,0.742426202222481,0.351846726032773,1.45434345717132,1.54160170224557,0.530515429142225,0.166608165697473,1.2383218434829,0.420459614882428,1.47207261813906,0.539725856112735,3.44092552610834,0.439214355201593,2.12705482105518,0.840089122236029,0.605712569550897,0.921759640006492,0.976607316417774,1.1069911410355,0.532566619029904,0.987855975311375,0.00360308395369405,0.0811668270567799,0.871260334293318,0.864238704853082,0.171680695683611,0.652938972374851,0.0212002522867022,0.269703112578408,4.03806554138896,3.59127568619494,0.41205303155813,0.384642389600956,0.244971633190254,0.0858517185936631,1.18821589729964,0.27018620737943,0.99993138721218,0.45246600212054,1.55413183908848,0.565282714369258,5.25853945687458,1.84319587559172,0.364063595859019,0.101342161101686,1.19963816658688,0.335574609186884,0.108699279217437,0.455282251863271,0.176976446595647,0.895897760220031,2.12513569252747,0.748680271782068
