"""site"",""active"",""da1"",""da2"",""da3"",""da4"",""da5"",""da6"",""da7"""
1,0,25.1634516710248,27.3437687234222,26.4631503793483,29.714334083065,23.5876907093509,23.9768134246401,20.7688997782742
2,0,23.8901613849718,26.4369849075117,26.0041431122043,28.6636235148315,22.5823919459388,24.9324910307815,20.4692310798427
3,0,26.3954861482034,29.1668673155003,29.019098555951,31.0780801369711,25.0628266961251,28.2798589282196,23.639046702437
4,0,26.4208793949028,29.2958392950262,29.7464583438096,30.4781102104445,24.6178363184095,29.1486832292644,24.5565956516778
5,0,26.0953431477726,29.2756232726137,29.4981957753351,31.3071230553048,25.6728642928677,30.9232001901485,24.6380067781466
6,0,22.725356938891,25.8445032453712,25.8565758753939,28.3213394104163,22.6446374446578,27.6663737775662,20.9336885904037
7,0,21.6175436393685,24.5269945366325,25.1399337509071,25.917450202518,20.1524785076179,25.6026735127408,20.1094259241779
8,0,22.6285565160485,25.7987655131016,26.7674383159838,27.0436155866778,21.6883910652681,28.5126838091401,22.2117568418169
9,0,20.3294669384123,23.717141522536,24.2949268366875,26.0865012218964,20.9201701952924,27.9379700407886,20.0089545454029
10,0,17.4446286575553,20.6059404298857,21.3848368943979,22.612850041514,17.2408463829361,24.2033003741225,16.8580485525461
11,0,18.2352362474414,21.2757398226243,22.8535509057127,21.9660795546224,16.8625451222525,24.9860338789493,18.6426866357829
12,0,18.7874793945329,22.1577581447221,23.7410278210527,23.4454394285968,18.9487198776065,27.9392951593271,20.1543857758057
13,0,15.3288469886029,18.8504601004856,20.2087406336961,21.131334884479,16.8448536057753,25.9863892836231,16.9372027206384
14,0,14.0496930927334,17.1830665482038,19.2115658914103,18.1505272099738,13.7205546899533,23.3942555769573,15.8100672357837
15,0,16.2213954393572,19.3296681295877,21.8378764993302,19.5593093436348,15.933785018005,26.4776661735886,19.0583097361755
16,0,14.075991013069,17.413896605872,19.8134492453989,18.8042382722619,15.9105408456155,26.8376917226501,17.852360768257
17,0,10.9908182588923,14.0487550338099,16.8441349436532,15.0177679433396,12.0819493874126,23.2657312371651,14.889534512536
18,0,13.7368061426228,16.2388672942419,19.6248681779012,15.1040410817768,12.4421940991129,24.045471777447,17.6020510452617
19,0,15.1575235444317,17.7341028529779,21.2223371945693,16.9248772521398,15.3749854308874,27.3137699704746,20.0196956520323
20,0,12.4158391581077,14.6173405925975,18.436702579366,13.9045600433815,13.3622642168159,25.4827638610885,18.0415982108016
21,0,10.4015703141401,12.2015092918868,16.2529751430315,10.6657810309419,9.60062404221726,21.7685917091575,15.4063879283887
22,0,9.89213536098248,10.7039845851907,15.2755753410469,8.43667766363039,9.64752533036322,21.5311702886768,15.6528625497064
23,0,8.84824943138472,10.5214401105552,14.5002617217759,11.2297429178054,12.0429050066834,23.5827510693727,15.4224048708365
24,0,6.18161354340434,8.8438881720655,12.2251525143861,11.2578743997257,10.3289261300486,21.4381893358558,12.2232449865001
25,0,5.24154337957819,6.44933523706126,10.6856942217153,7.5952778092707,7.14320138313348,18.2155674904736,10.7568208593432
26,0,5.62040123122896,5.57733466810088,10.0313226445968,8.01003483138494,9.92729192680461,19.8608324598945,12.1038664070618
27,0,3.87044209361153,5.49845232770095,8.32923850060736,11.3547002602447,11.9635842873279,21.0353043714608,10.7883019053047
28,1,0,3.81830800224393,6.07046390319554,10.700527557088,9.65389273816526,17.80874464975,7.03037595011817
29,1,3.81830800224393,0,4.89255025523499,8.75334210459068,9.3042010403903,16.0469509253316,7.6233358839815
30,0,5.62170525730405,3.87449687056268,5.38729932340872,11.4504143156481,13.0235990033477,19.3975263886919,10.1472826904546
31,0,5.2794971351446,5.44963062968491,3.79717868950093,14.1175104745844,14.1585140816401,19.7838862208617,8.31946957443802
32,1,6.07046390319554,4.89255025523499,0,13.2135013527831,12.7060162521539,16.3375896018966,5.83650391929964
33,0,8.51520810080411,5.86130471823467,3.77127312720784,13.1801067142873,14.2681741649028,17.1031719572715,9.23606425919612
34,0,10.1181944535574,8.45398669267938,5.75581888179258,16.3070154534789,17.5118715733071,20.7258763144047,11.4896902047009
35,0,10.7390577798986,9.98262159955991,5.69247801928123,18.4048707683591,18.3969106917439,20.6783764836604,10.2773301007606
36,0,11.7308499692051,10.0827435254498,5.69315387109816,17.6080254713582,17.5204539324756,17.7337911626364,9.60538270971022
37,0,13.469081557404,10.928686746357,7.79355002550186,17.4082675760686,18.538299463543,18.3665545489621,12.4155142462968
38,0,15.411013010182,12.6773526416204,9.67909427580907,18.0280920787531,18.7546180712911,16.143943818039,12.9093636558895
39,0,12.5593994283166,9.7162759326812,7.39927928922811,14.6309915590161,14.9632810907234,13.0928709609466,9.92856374305972
40,0,12.5949776101429,9.08712325216292,8.31263141249508,12.9986953576119,14.9163512294395,14.6949124189292,12.033271334097
41,0,16.2445363430293,12.7103001144741,11.8520896469779,15.217835687114,17.267990850125,14.5463135192392,14.9085387949323
42,0,15.8203838132961,12.4437867226982,12.085819955634,13.6722344187042,14.9303443027949,10.8056397311774,13.6698550833577
43,0,15.007219429328,11.3615091867234,12.4568912253419,10.8421922598707,13.4805454637414,12.0399802740702,14.5028569943994
44,0,18.2650632082126,14.5211902404727,15.8785108243815,12.7823565120051,16.4154939310397,14.7167256548459,18.321258308315
45,0,16.4735230293948,12.8168873366352,15.2276660391539,9.93037214811207,14.59329407639,15.8115837600159,17.862479139246
46,0,14.2379433908132,10.4812569856864,12.5080743521935,10.2071066419432,14.6846670033746,16.9364685220975,16.1213410732482
47,0,16.3171354410019,12.5414273908515,13.2199163764375,13.7351638140941,17.5779461257566,17.7933157393444,17.2345316443471
48,0,18.2193521838731,14.5822217100139,15.6901523893173,15.3072271819556,19.9769311707279,21.3571232613384,20.2071707569368
49,0,15.5077615728383,12.1530575988103,13.2846049621357,14.3717329852736,18.8332968436225,21.8711154493775,18.3132034062859
50,0,16.5991316037918,13.5945616332414,13.5461099213021,17.4958411629736,21.3727078537091,23.9338181241523,19.0762712813589
51,0,15.433967506769,13.07035963545,13.3159102204844,17.6596190502513,21.4362522377397,25.7345884948643,19.033549353707
52,0,12.3666561769947,10.5990688741983,11.2091063426127,15.9872426953493,19.2493817563058,24.9098370327869,16.7644564779178
53,0,14.5323941936627,12.9978546306689,14.5001996193156,16.8861875803865,20.8410188810432,27.4991605144593,19.7714234439506
54,0,15.2192844444146,12.878725519243,14.853754643187,15.2530146856285,19.9475911828972,25.8652148840871,20.012104861808
55,0,11.5561558487241,9.1266928292783,11.581657480689,12.0392920888232,16.2993035740795,22.6804381350978,16.4275835715421
56,0,11.2233434412389,9.9203200553208,12.9333601975666,12.5480019923492,16.5171792083273,24.6685008867584,17.2766976011042
57,0,14.5803867575589,12.8730999374665,16.1659422861768,13.3563241200564,18.3200190229159,26.2660939996795,20.4506401366803
58,0,13.6292852710625,11.3378024766707,15.1376656390607,10.0888546921838,15.5806827193163,23.0979639145965,18.9076959199158
59,0,14.2907502252331,12.4300201930649,16.8846976283261,8.58982770490771,14.2809726209387,22.8790716157802,19.6732946401969
60,0,14.024967771799,11.5043174938803,15.8379838679044,6.24998263997589,12.4315323271108,19.6492057091375,18.2656596103179
61,0,10.3445171951136,7.73310959446457,12.123372138147,5.20125657894321,10.5562283510731,18.2226770261671,14.7910234263894
62,0,9.95214966728294,8.69318186856803,13.5263459589055,5.40142434918791,9.89934492782224,19.8279647215744,15.3942703951827
63,0,12.3952537287463,10.9688567772581,15.7789052535339,3.84409378137423,8.93029036482017,18.5875078749143,16.7535002014504
64,1,10.700527557088,8.75334210459068,13.2135013527831,0,6.21810606213821,14.882985654767,13.7471981872671
65,0,7.5207621954161,6.75658523220125,11.4621399398193,3.8825710553704,5.46543621314896,16.2322520310646,11.7528011129262
66,0,10.3964768551659,10.385410295217,14.9354998242442,5.33611141188038,5.6067507524412,17.4228531819562,14.289165021092
67,0,12.1376518734062,11.4902183182044,15.5901432001121,5.03212768121001,3.83574790621073,14.2959679280558,14.1987797715156
68,1,9.65389273816526,9.3042010403903,12.7060162521539,6.21810606213821,0,12.2200728721231,10.5304120052351
69,0,9.26723502453672,10.3421091175833,13.695886426223,8.61416896746285,3.753084598034,15.2628541564152,11.065781535888
70,0,12.9013111736753,13.6734700058178,17.2853478414523,9.61293347527174,5.48963468729933,16.2378746762007,14.5882981186977
71,0,13.970322473014,14.3904195213343,17.2873068463541,10.772132657928,5.37089759723642,13.1829117421001,13.7467295747025
72,0,12.5894568985322,13.7995094478028,15.941273380756,12.6233119663581,6.50198354350424,13.8297292453612,11.5959031989751
73,0,14.0749111542489,15.8629871083601,18.4110203954045,14.2461554813922,8.79720370345032,17.5357770857182,14.3914109801645
74,0,17.1857031860788,18.4539731765276,21.0123318553653,15.5497035341514,10.1512361316246,16.9751233868859,16.7646624183131
75,0,17.363119448993,18.6676411203987,20.3850140299191,17.0736516597944,11.0674621300459,15.4701055264662,15.4337249230379
76,0,16.730151374091,18.7647196888203,20.2558843055543,18.4072681568993,12.4127103406146,18.2079530700186,15.2462072332761
77,0,19.530053456148,21.585121357083,23.5655580880233,20.1278127475392,14.5270034418665,20.9386260771809,18.8357727210752
78,0,21.704091618863,23.4391651088515,25.0550019956096,21.8455029010549,16.0048134634553,20.1582424581113,19.9232389686015
79,0,21.9603052119045,24.0703233256224,25.0579724838224,23.8240819550303,17.7603394674764,21.4912944933524,19.6510863567387
80,0,22.5675807520434,24.2774699052434,24.8089031801086,24.2016038518111,18.0203594303776,19.4347214284126,19.1420705515365
81,0,24.8858896766822,26.2606438801489,27.191046853698,24.9823325372152,19.0088671940229,19.755782267478,21.6605045416768
82,0,22.3919165102052,23.3715395513432,24.4926447938968,21.6590537881968,15.8026988834186,16.1854323698813,19.1568536299675
83,0,24.3101110240163,24.80955182989,25.6571333160975,22.8882451052937,17.3481015387852,14.9787173683196,20.4005108269376
84,0,24.8581983458174,25.1452258092863,26.6550216844781,21.8949655628868,16.8177339139374,15.4118062212059,21.7942132457219
85,0,21.2610382154776,21.4630490378231,23.241082633991,18.1042660718406,12.9958215207812,12.9897470337186,18.6334447700902
86,0,19.9230913514946,20.0143465793915,21.0755527804136,17.9836007795992,12.6233991460304,10.3942450904335,16.2074778728832
87,0,22.9425741145147,22.5809417651257,23.4731866392273,20.0790574728995,15.3690278807737,10.1664375766539,18.8776582498995
88,0,21.9088503121455,21.067860309011,22.5154159188766,17.4204088930197,13.545026578047,8.57798787595319,18.6226804730146
89,0,18.4173525241822,17.523468663481,18.75275131814,14.8412200980917,10.7148376095954,5.74948936863092,14.9078557814328
90,0,19.7253985004106,18.8768281763648,19.1366816872727,17.6680780505408,13.424625618616,5.21616870892804,14.9569807113602
91,0,22.305224163859,20.958236304613,21.4683099707452,18.6723444966078,15.3715942569403,5.48601230403287,17.9388812081467
92,0,20.3743075710562,18.5689022023382,19.5356682250698,15.6223010789064,13.2975916616506,3.79889207532933,16.8190347225993
93,1,17.80874464975,16.0469509253316,16.3375896018966,14.882985654767,12.2200728721231,0,13.5503160110752
94,0,20.8736061810124,19.1265506299489,18.6805174178875,18.6164947559953,15.9471253208846,3.82720642244444,15.8230018959741
95,0,23.6316021039624,21.4971950263284,21.3942212291076,19.9176617603573,18.1003463226536,6.17023711051691,19.13313602105
96,0,22.0361135865651,19.5196762780534,20.003695808525,17.1268689491103,16.3287310897081,5.97040584885148,18.5129301300469
97,0,18.6069342719321,15.9476366587655,16.2868416520822,14.5340644349748,13.9730452657966,4.97285441170361,15.2533715945033
98,0,19.8052085573467,17.3861666275232,16.6589803409452,17.5381392969722,16.2769635067478,5.6331492080363,15.2838028644706
99,0,16.5908119753073,14.5151549078885,13.3406639265068,16.0849460676746,14.1752463470657,5.53928587455098,11.5690359148894
100,0,17.7652757366724,16.1972017953719,13.9732852973093,19.1405105470047,16.6174174587991,8.30224439534274,11.7069187235583
101,0,17.0860180849723,16.3404122959,14.0217903992322,19.7304419615983,16.1140282673204,9.33354412857195,10.3558656808593
102,0,15.703140609445,15.0587177741002,11.789251248489,20.0538866307756,16.9410258839304,12.1330297535282,8.95499698492412
103,0,12.5812659537902,11.4794998584433,8.68349382449254,16.3758764956261,13.7920178364154,10.5338982812632,6.38740455897386
104,0,11.9765198617962,11.7343737796271,9.90819539573176,15.8026284522544,11.8912919819505,9.88058793797211,5.27730025676008
105,0,12.6226143092467,13.0921061712774,10.1616614783213,18.6492599853185,14.7576465942236,13.5557340634877,5.68870582821787
106,0,10.0067572170009,10.2212827962052,6.60593596699211,16.9976325998652,14.1348292172208,14.5932372008407,3.83241594819769
107,1,7.03037595011817,7.6233358839815,5.83650391929964,13.7471981872671,10.5304120052351,13.5503160110752,0
108,0,9.06988969061917,10.7987059872931,9.17242274429172,16.3470946960003,12.0391008800491,15.1882258674277,3.80601904882254
109,0,9.3076990174801,11.2967337314819,8.51323046792462,18.3813606950084,14.9325794824605,18.2046404249027,5.34338404010043
110,0,5.58061770774526,7.90316303767042,6.02937127733896,15.3726431039038,12.7294912309958,18.00768108336,4.53224955182302
111,0,5.90197602502755,9.12003382669165,9.04227875040357,14.8632772631072,11.2732797357291,18.2991990261869,6.08443727882867
112,0,8.97159071737003,12.3097095010402,11.2366523484533,18.6570572706416,15.0819005765189,21.3869171691481,8.63674579920007
113,0,8.34113937061359,11.4976741126195,9.98583546830209,18.9383638680853,16.5363778682032,22.9996453885707,9.55014764283778
114,0,6.30195675961046,9.91588195774839,10.1140410815855,16.4640760748971,14.553903187805,22.8375798411303,10.1332603341669
115,0,9.25856106530599,13.0644606853861,13.5313217757912,18.4459493927529,15.6953160528866,24.4815377580739,12.2617683471839
116,0,11.7799103986406,15.4036698549404,15.0108972749799,21.673085359496,19.2379410020927,27.3418254511289,14.384364949486
117,0,10.8845206600934,14.1689417388879,14.1144250325686,20.652264524744,19.319946713177,27.8915295027003,14.9363004120833
118,0,10.9679269691223,14.3643090331558,15.5341754206652,19.3805350287344,18.1776696251197,28.0556023638773,16.0081886545605
119,0,13.6470970173147,17.3098345745995,18.1965757492996,22.0010920865306,19.9288402572754,29.6768344841562,17.653154194081
120,0,15.7927620446836,19.3492748442933,19.4406775859279,24.9913515240773,23.0435452133564,32.0585778380763,19.3025453502899
121,0,18.7114559828999,22.4044361009154,22.3639416248567,27.7563356551257,25.2110277854751,34.0139328364128,21.4877580729121
122,0,18.4008344376009,22.1968001297484,22.6937656637236,26.5695197924238,23.5677098802578,32.7682314750125,21.0874091817843
123,0,16.2805699224566,20.0886412930293,20.1678042681894,24.846517723818,21.3025282067646,29.6434934007448,17.9655083145454
124,0,19.2339841426575,22.9799546996943,22.4790368565915,28.072935079895,24.1602138028619,31.5215626833442,19.9159895059221
125,0,20.3535880129278,23.9247414406091,22.7663602932045,29.4349821301118,25.1350172866461,31.1183711816669,19.7557680944073
126,0,21.3436982034511,24.8870186442651,24.1389938688422,29.4573875454019,24.6404104267766,30.5149812878855,20.3923629577349
127,0,18.1794530995847,21.757105942657,21.5369004965896,25.8495314657732,21.090202132744,27.8115076362286,17.7710694388379
128,0,16.1032809700384,19.5674077486007,18.6616814354977,24.6953542189619,20.1173108292336,26.0155773720285,15.0509749185892
129,0,18.8600521208188,22.0609167080609,20.7869588444294,26.977513710496,21.9136509281315,26.3235614231813,16.5408617066947
130,0,18.5698137847422,21.7178754946242,21.1541626163741,25.4734312176432,20.0433894588715,24.8938585598938,16.4260496163868
131,0,14.7770588751619,17.8998327645819,17.5493029206291,21.7776592635664,16.5171736080965,22.0416730081906,12.8967341990133
132,0,15.092388810258,17.858579674767,16.5254057741406,22.6556193029456,17.4700802802964,21.0760386695413,11.68197748671
133,0,18.0119440927402,20.5249472106508,19.3736539145304,24.3781710962902,18.699733821635,21.12296655302,14.0309795809131
134,0,16.8863132743651,19.2281089033737,18.8880437314191,21.8497017370947,15.8954289341307,18.9669800970002,13.3102585249123
135,0,13.9019794633714,15.9374522744383,15.2597519311423,19.264299286504,13.5773296343574,16.2316329739186,9.57627406667123
136,0,16.705684810866,18.4127120490166,16.8915506985001,22.1824318098805,16.6119673127538,16.7236999195752,11.2365561895093
137,0,18.9627897209245,20.5588445687008,19.6853689322806,22.9561199247608,16.991317341513,16.6628413543429,13.8640077178282
138,0,16.6918684993622,17.8711770737129,17.5450075520075,19.4582733560817,13.5012816058328,13.292411820283,11.7670701536109
139,0,16.7026157532286,17.4389022877015,16.2119730137945,20.0494007142358,14.6319549616584,12.0643251365337,10.6009618903192
140,0,20.4423240850937,21.2230847427983,19.7221854265697,23.7210494287247,18.2288210534856,14.2824237438888,14.2035585681899
141,0,21.2800239191595,21.8066420615371,21.0790461359142,22.8097611561366,17.2152575060613,12.7508169934322,15.56815396892
142,0,19.5712097479946,19.5091767893984,18.814969014059,20.3187660304458,15.2335786340571,9.10637562370452,13.7408816674914
143,0,21.2842572339276,21.1877435797208,19.6223244800406,23.1062765066118,18.2996552153312,11.103123614551,14.7591055962074
144,0,24.557218042767,24.5362159674225,23.287578019193,25.6243935733121,20.6118652479585,13.0538718394199,18.2773907875276
145,0,24.2021273031938,23.7265874073791,23.0131622772708,23.7049846656774,19.0975510733706,10.3323232624614,18.3552008978382
146,0,23.3384828341518,22.4738437522378,21.2350444548628,23.2247768342346,19.2156081350552,9.06298786273048,17.1550363741964
147,0,26.5205201494993,25.8234773220029,24.1659163492718,27.0183111796426,22.8757353543006,12.8587934503981,20.0127144835477
148,0,28.4455280492383,27.6615739610023,26.5625993080497,27.7147890123667,23.5878959850174,13.3059050049217,22.3261318638048
149,0,27.559593719792,26.2960360130572,25.400927581488,25.8685401598157,22.4303705051878,11.0664689038555,21.7613292332982
150,0,28.2759331234179,26.9827904042558,25.4138799477766,27.6348105475684,24.3296280489448,12.8485629546654,22.0437981754506
151,0,25.0735685733005,23.564594734474,21.9064532273027,24.6007014737385,21.6714457754899,10.1547810906981,18.9632242775326
