"","dataset","site","AA","shell","mean.z.RSD","ndata","se.z.RSD"
"1","exp",1,"VAL","4",1.01547973072189,35,0.190376570387291
"2","exp",2,"LEU","4",0.325536728730375,36,0.130299626162843
"3","exp",3,"SER","5",0.193464688121854,36,0.101030387800404
"4","exp",4,"GLU","5",0.181702573560705,36,0.0869143193142614
"5","exp",5,"ALA","5",0.199607419251309,37,0.132482321367515
"6","exp",6,"GLU","4",-0.0136469310130734,37,0.0884233922213545
"7","exp",7,"TRP","4",-0.0570098524273679,37,0.0870158590118189
"8","exp",8,"GLN","4",0.0794358558816266,37,0.0915336124981495
"9","exp",9,"LEU","4",-0.0165239293090979,37,0.100922718542518
"10","exp",10,"VAL","3",-0.121917828827205,37,0.0810082601702965
"11","exp",11,"LEU","3",0.0839847435738,37,0.0919268585974606
"12","exp",12,"HIS","4",0.0430067061663699,37,0.0947495821181496
"13","exp",13,"VAL","3",0.0249988785462975,37,0.0981457364626706
"14","exp",14,"TRP","3",-0.217989017839778,37,0.0813726511862309
"15","exp",15,"ALA","3",-0.0464226593081944,37,0.0759493745298362
"16","exp",16,"LYS","3",0.234961170856668,37,0.101807556456781
"17","exp",17,"VAL","2",0.240271425013588,37,0.130795094940814
"18","exp",18,"GLU","2",0.341226197442538,25,0.196239474798319
"19","exp",19,"ALA","3",0.340697502000338,25,0.199996311196236
"20","exp",20,"ASP","2",0.213437608619885,36,0.124460981543273
"21","exp",21,"VAL","2",0.266632042665965,36,0.132345491881718
"22","exp",22,"ALA","2",0.346491266342023,36,0.124016857418836
"23","exp",23,"ALA","2",-0.115043600845819,36,0.0782466761582574
"24","exp",24,"HIS","1",-0.539041917561029,37,0.0831578718759998
"25","exp",25,"ALA","1",-0.14569400553305,37,0.0726921969917546
"26","exp",26,"GLN","1",0.174361081664698,37,0.0840102962633597
"27","exp",27,"ASP","1",-0.263290558332334,37,0.0643584790876184
"28","exp",28,"ILE","0",-0.837138340577377,37,0.0740845246204875
"29","exp",29,"LEU","0",-0.606409188226558,37,0.0713070259687641
"30","exp",30,"ILE","1",-0.30840846162646,37,0.0877129238999353
"31","exp",31,"ARG","1",-0.371977146915763,37,0.0707805711757815
"32","exp",32,"LEU","0",-0.674011801316152,37,0.0649518181123863
"33","exp",33,"PHE","1",-0.59012290970829,37,0.0635692338295162
"34","exp",34,"LYS","1",-0.245247014865154,37,0.0762762600319176
"35","exp",35,"SER","1",-0.0303730751358625,37,0.0655636503311685
"36","exp",36,"HIS","1",-0.476503583960813,37,0.0610540863002775
"37","exp",37,"PRO","2",-0.402927339503466,37,0.0722134823186055
"38","exp",38,"GLU","2",-0.0571512942980859,37,0.0897966328505747
"39","exp",39,"THR","1",-0.377915975276683,37,0.0567373698195026
"40","exp",40,"LEU","2",-0.144300529964178,37,0.0526806697784896
"41","exp",41,"GLU","2",-0.0503074565822322,37,0.0775476414871774
"42","exp",42,"LYS","2",-0.546331919361428,37,0.0623347449904237
"43","exp",43,"PHE","2",-0.312567154762697,37,0.0634414163417241
"44","exp",44,"ASP","3",0.899907342345983,37,0.157844227890885
"45","exp",45,"ARG","2",1.12673139365732,37,0.168822337489354
"46","exp",46,"PHE","2",0.726653967593575,37,0.159407746562849
"47","exp",47,"LYS","3",2.68669494942946,30,0.423815118332226
"48","exp",48,"HIS","3",1.84009945552608,34,0.216153263330919
"49","exp",49,"LEU","2",0.699186616796301,33,0.170707890780338
"50","exp",50,"LYS","3",1.9314668489474,32,0.444222788699337
"51","exp",51,"THR","3",0.257075079119656,22,0.213386571422556
"52","exp",52,"GLU","2",0.813075759297447,23,0.250787136505108
"53","exp",53,"ALA","3",0.685890359575071,25,0.259232668414314
"54","exp",54,"GLU","3",-0.0323038876004782,25,0.150887598488068
"55","exp",55,"MET","2",0.130565210539492,25,0.112528247222773
"56","exp",56,"LYS","2",1.07529391024448,37,0.14323298737523
"57","exp",57,"ALA","3",1.04775388744353,37,0.162581846680702
"58","exp",58,"SER","2",0.155760177805475,37,0.118659041907279
"59","exp",59,"GLU","2",0.348807004010959,37,0.118683039393465
"60","exp",60,"ASP","1",0.428650615669337,37,0.0986370686630372
"61","exp",61,"LEU","1",-0.0781904687255053,37,0.0581539483545703
"62","exp",62,"LYS","1",-0.305852627130515,37,0.0764959143047886
"63","exp",63,"LYS","1",-0.167144925844697,37,0.0740344388323461
"64","exp",64,"HIS","0",-0.447702752368723,37,0.0664859445636786
"65","exp",65,"ALA","1",-0.495637982035881,37,0.0697846681593905
"66","exp",66,"VAL","1",-0.4282857597513,37,0.0832000851313654
"67","exp",67,"THR","1",-0.51694808583075,37,0.0757376033641555
"68","exp",68,"VAL","0",-0.622689289536374,37,0.0490456617836728
"69","exp",69,"LEU","1",-0.572803961373663,37,0.059952573130835
"70","exp",70,"THR","1",-0.64421036399239,37,0.0977697280096286
"71","exp",71,"ALA","1",-0.547854930948241,37,0.0856600658661431
"72","exp",72,"LEU","1",-0.383866356415309,37,0.0902545232009145
"73","exp",73,"ALA","2",-0.315798657930148,37,0.093196968245259
"74","exp",74,"ALA","2",-0.522886009755528,37,0.107326041142395
"75","exp",75,"ILE","2",-0.351709907013638,37,0.0784371335584789
"76","exp",76,"LEU","2",0.276287785047091,37,0.0792081100878013
"77","exp",77,"LYS","3",0.33182514297365,37,0.0867108789611672
"78","exp",78,"LYS","3",-0.20248074517723,37,0.0725970954575095
"79","exp",79,"LYS","4",0.0533147674120364,37,0.0774729683900694
"80","exp",80,"ALA","4",1.74792164746641,37,0.167137035668057
"81","exp",81,"HIS","4",0.440929514325381,37,0.150461013688623
"82","exp",82,"HIS","3",0.679302827521353,37,0.145369036367437
"83","exp",83,"GLU","3",1.17033919169597,37,0.191897182951408
"84","exp",84,"ALA","3",1.24093353963919,36,0.1897915926676
"85","exp",85,"GLU","3",0.632086651541103,36,0.123785113610125
"86","exp",86,"LEU","2",-0.115748157300013,36,0.11677442996983
"87","exp",87,"LYS","2",0.0996859667736245,37,0.107021937338015
"88","exp",88,"PRO","2",-0.135919985824294,37,0.0885208135291878
"89","exp",89,"LEU","1",-0.66151145033535,37,0.0488904883282984
"90","exp",90,"ALA","1",-0.668269671096005,37,0.0684544242612496
"91","exp",91,"GLN","1",-0.543069478887264,37,0.0681292801337482
"92","exp",92,"SER","1",-0.59878338648961,37,0.062510159897831
"93","exp",93,"HIS","0",-0.680195622382687,37,0.047426777132405
"94","exp",94,"ALA","1",-0.240904619386522,37,0.0911585089560154
"95","exp",95,"THR","1",0.227222503619845,37,0.108781599919767
"96","exp",96,"LYS","1",0.449782279527327,37,0.176785748136706
"97","exp",97,"HIS","1",0.0466916745608403,30,0.0958375855978462
"98","exp",98,"LYS","1",0.238449616962775,37,0.0920362121681944
"99","exp",99,"ILE","1",-0.350783237602178,37,0.0813729831654647
"100","exp",100,"PRO","2",-0.166659906414408,37,0.0707259880558352
"101","exp",101,"ILE","2",-0.0196865219239334,37,0.117195814260786
"102","exp",102,"LYS","2",-0.403769614719565,37,0.0829815109743741
"103","exp",103,"TYR","1",-0.746670943150409,37,0.0483773464894691
"104","exp",104,"LEU","1",-0.715989241972431,37,0.0557790060029256
"105","exp",105,"GLU","1",-0.633058769972555,37,0.0574871313952208
"106","exp",106,"PHE","1",-0.76212026169215,37,0.0598158615317476
"107","exp",107,"ILE","0",-0.890581874203648,37,0.0445170182122353
"108","exp",108,"SER","1",-0.765266255792842,37,0.0556563008294057
"109","exp",109,"GLU","1",-0.662808639000211,37,0.0858178992513803
"110","exp",110,"ALA","1",-0.602988059974324,37,0.0758122075107801
"111","exp",111,"ILE","1",-0.721229218549883,37,0.0584418165272687
"112","exp",112,"ILE","2",-0.728283310189235,37,0.076445109807334
"113","exp",113,"HIS","2",-0.632567219448567,37,0.0846193888726761
"114","exp",114,"VAL","1",-0.782887399567131,37,0.0680392379714698
"115","exp",115,"LEU","2",-0.639396641225959,37,0.0912866140157096
"116","exp",116,"HIS","2",-0.425048677378038,37,0.149606784670192
"117","exp",117,"SER","2",-0.233909213130242,37,0.215992592140732
"118","exp",118,"ARG","2",-0.390437798810384,36,0.15215336492871
"119","exp",119,"HIS","3",0.0836804107328652,36,0.189411779240366
"120","exp",120,"PRO","3",1.00104821447429,34,0.228738523317944
"121","exp",121,"ALA","4",1.91456715169137,32,0.316783920453525
"122","exp",122,"ASP","4",1.70929510245249,35,0.284676646720957
"123","exp",123,"PHE","3",0.149056329096483,36,0.10048738546585
"124","exp",124,"ALA","4",-0.268374469110373,36,0.106572717009017
"125","exp",125,"ALA","4",-0.398355788768915,35,0.121201806575319
"126","exp",126,"ASP","4",-0.499076229730844,36,0.143165078676169
"127","exp",127,"ALA","4",-0.496806005341872,37,0.185625294750551
"128","exp",128,"GLN","3",-0.667274696433644,37,0.0889442286505495
"129","exp",129,"ALA","3",-0.618142971907773,37,0.103149978503526
"130","exp",130,"ALA","3",-0.704659133826106,37,0.0873191928081052
"131","exp",131,"MET","3",-0.770908196935411,37,0.0918030764539649
"132","exp",132,"ASN","2",-0.682048376568123,37,0.0840424464271972
"133","exp",133,"LYS","3",-0.71656658501666,37,0.0704580004007477
"134","exp",134,"ALA","3",-0.672341469560253,37,0.0420872284473597
"135","exp",135,"LEU","2",-0.45546148033746,37,0.0527499299877863
"136","exp",136,"GLU","2",-0.445378717199401,37,0.0666985091734455
"137","exp",137,"LEU","3",-0.3229937648198,37,0.0607757617169768
"138","exp",138,"PHE","2",-0.165454964967899,37,0.0727916267478704
"139","exp",139,"ARG","2",0.156294182390068,37,0.104489625354086
"140","exp",140,"LYS","3",0.497117236507615,37,0.135940185773131
"141","exp",141,"ASP","3",0.514446225693863,37,0.153227141929409
"142","exp",142,"ILE","2",0.723387369479908,37,0.152118040662415
"143","exp",143,"ALA","2",0.858248017597821,37,0.150888405898937
"144","exp",144,"ALA","3",1.05849563452742,36,0.177845197412106
"145","exp",145,"LYS","2",0.728060795449061,36,0.166546323180631
"146","exp",146,"TYR","2",0.460168417228678,35,0.138829261232369
"147","exp",147,"LYS","3",1.80021354244946,32,0.270348476278377
"148","exp",148,"GLU","3",0.93864381756767,9,0.477148862876193
"149","exp",149,"LEU","2",1.41652111080336,8,0.561765949286944
"150","exp",150,"ALA","3",2.24786576713,8,0.61953436154011
"151","exp",151,"TYR","2",1.43590506395716,7,0.554446245552356
"152","mut",1,"VAL","4",0.41064454928446,370,0.0573534184947482
"153","mut",2,"LEU","4",0.399773537035405,370,0.0592683587362158
"154","mut",3,"SER","5",0.469997822087348,370,0.0577464562021564
"155","mut",4,"GLU","5",0.173905067023583,370,0.0567346260716948
"156","mut",5,"ALA","5",0.711172299362855,370,0.0684287382103808
"157","mut",6,"GLU","4",-0.141782101870233,370,0.0398044672349572
"158","mut",7,"TRP","4",-0.555916652517217,370,0.027938237115391
"159","mut",8,"GLN","4",-0.279422273108376,370,0.0386607787119978
"160","mut",9,"LEU","4",0.148696343364949,370,0.0532341276014465
"161","mut",10,"VAL","3",0.202741664213106,370,0.0588913928844135
"162","mut",11,"LEU","3",0.167341825477113,370,0.0550400468609758
"163","mut",12,"HIS","4",-0.359712435402172,370,0.0351796161640724
"164","mut",13,"VAL","3",0.105785606049978,370,0.0549001340927249
"165","mut",14,"TRP","3",-0.644301997696552,370,0.0261329964073908
"166","mut",15,"ALA","3",0.385661859907149,370,0.0590920499284925
"167","mut",16,"LYS","3",-0.152047943904342,370,0.0393485618102648
"168","mut",17,"VAL","2",0.325545496754243,370,0.0584688666705072
"169","mut",18,"GLU","2",-0.28426895227828,370,0.036746768331234
"170","mut",19,"ALA","3",0.341329126805021,370,0.0641466218697925
"171","mut",20,"ASP","2",0.131105022828436,370,0.0518473268438165
"172","mut",21,"VAL","2",0.257513970640246,370,0.0576641548232341
"173","mut",22,"ALA","2",0.264148437038585,370,0.0612628053702729
"174","mut",23,"ALA","2",0.410444343278595,370,0.0597346918940374
"175","mut",24,"HIS","1",-0.395781947109408,370,0.0299776007840785
"176","mut",25,"ALA","1",0.13128767088423,370,0.0570909457719068
"177","mut",26,"GLN","1",-0.353278627029497,370,0.0336781959724879
"178","mut",27,"ASP","1",0.0154318651848258,370,0.048882795212892
"179","mut",28,"ILE","0",0.0242781045796736,370,0.052353139737765
"180","mut",29,"LEU","0",-0.0504588201820836,370,0.0515838151537408
"181","mut",30,"ILE","1",-0.00291492896698571,370,0.0531028458430528
"182","mut",31,"ARG","1",-0.71597339701459,370,0.0255858776394797
"183","mut",32,"LEU","0",-0.0523471647815369,370,0.0472916701199403
"184","mut",33,"PHE","1",-0.434819306187189,370,0.031832530316695
"185","mut",34,"LYS","1",-0.317835018435121,370,0.0368472291111843
"186","mut",35,"SER","1",0.413463487352564,370,0.0624856889345093
"187","mut",36,"HIS","1",-0.27069355414893,370,0.0372475282584201
"188","mut",37,"PRO","2",0.273579361408609,370,0.0591329827478511
"189","mut",38,"GLU","2",-0.0937285385791062,370,0.0446338356566543
"190","mut",39,"THR","1",0.282242586998523,370,0.0561870154149542
"191","mut",40,"LEU","2",-0.131728357711141,370,0.0419712325254287
"192","mut",41,"GLU","2",-0.317173698450262,370,0.0360275824127668
"193","mut",42,"LYS","2",-0.340078036104345,370,0.0364340148388389
"194","mut",43,"PHE","2",-0.463303124206204,370,0.0311622367029297
"195","mut",44,"ASP","3",0.135849415504687,370,0.0540594215899023
"196","mut",45,"ARG","2",-0.505968538266327,370,0.0304415201422994
"197","mut",46,"PHE","2",-0.4532798190552,370,0.0318808783507335
"198","mut",47,"LYS","3",-0.385043515693269,370,0.0332911434164509
"199","mut",48,"HIS","3",0.161839739913675,370,0.0559051846425221
"200","mut",49,"LEU","2",0.201312181808818,370,0.0490516997348124
"201","mut",50,"LYS","3",0.106807544389214,370,0.0448031615683744
"202","mut",51,"THR","3",0.389150334125894,370,0.0660162236923621
"203","mut",52,"GLU","2",-0.154527159025609,370,0.0426894519517259
"204","mut",53,"ALA","3",0.611049207797869,370,0.0677990840912966
"205","mut",54,"GLU","3",0.0961092534471247,370,0.0423804034268878
"206","mut",55,"MET","2",-0.265195020744964,370,0.0386665746825516
"207","mut",56,"LYS","2",-0.12850720996067,370,0.0409009129243725
"208","mut",57,"ALA","3",0.37758835107034,370,0.064012738985637
"209","mut",58,"SER","2",0.305342997630959,370,0.0509241637205709
"210","mut",59,"GLU","2",0.0110229551362642,370,0.045618304864607
"211","mut",60,"ASP","1",0.121225596278553,370,0.0501164489720203
"212","mut",61,"LEU","1",-0.0648387481813024,370,0.0466868151315381
"213","mut",62,"LYS","1",-0.43097442313485,370,0.0328696606013169
"214","mut",63,"LYS","1",-0.342946490559467,370,0.0350064446847485
"215","mut",64,"HIS","0",-0.347072397665055,370,0.0344760105883307
"216","mut",65,"ALA","1",0.102479058727022,370,0.055699829701637
"217","mut",66,"VAL","1",0.215793615898386,370,0.0566757005093512
"218","mut",67,"THR","1",0.274921323765107,370,0.0596680194451272
"219","mut",68,"VAL","0",0.0507284520359056,370,0.0573850357079837
"220","mut",69,"LEU","1",0.0137778900134776,370,0.0519368064709746
"221","mut",70,"THR","1",0.29585614054388,370,0.0590129860582373
"222","mut",71,"ALA","1",0.277167124011593,370,0.0607810924525153
"223","mut",72,"LEU","1",-0.100213793223082,370,0.046529413525813
"224","mut",73,"ALA","2",0.14312293188977,370,0.0574165368428892
"225","mut",74,"ALA","2",0.444525035916843,370,0.0613579502306944
"226","mut",75,"ILE","2",0.162954015660364,370,0.0537716190902473
"227","mut",76,"LEU","2",-0.0173820188388003,370,0.0488063938049059
"228","mut",77,"LYS","3",-0.398637090396679,370,0.0350131758575203
"229","mut",78,"LYS","3",-0.26055057498494,370,0.0397909819349562
"230","mut",79,"LYS","4",-0.341790149314526,370,0.0347015969745411
"231","mut",80,"ALA","4",0.316550016044673,370,0.0587799033830059
"232","mut",81,"HIS","4",0.0360501638766072,370,0.041240101885487
"233","mut",82,"HIS","3",-0.169971673464357,370,0.0410466993706767
"234","mut",83,"GLU","3",-0.126922223501714,370,0.0407841966029144
"235","mut",84,"ALA","3",0.565590057812799,370,0.067701933235571
"236","mut",85,"GLU","3",-0.0910765491388122,370,0.0381792851766363
"237","mut",86,"LEU","2",0.0727127161070609,370,0.0525419018227656
"238","mut",87,"LYS","2",-0.228803508502261,370,0.0316750479455219
"239","mut",88,"PRO","2",0.299035115340605,370,0.0611497265089578
"240","mut",89,"LEU","1",0.0135142337676006,370,0.0449288500345249
"241","mut",90,"ALA","1",0.221733633395857,370,0.0552134581446061
"242","mut",91,"GLN","1",-0.104464283673427,370,0.040441061557696
"243","mut",92,"SER","1",0.274681480694695,370,0.0559370653340663
"244","mut",93,"HIS","0",-0.217638005240152,370,0.0353661959009129
"245","mut",94,"ALA","1",0.392470658876148,370,0.058356535866338
"246","mut",95,"THR","1",0.396852231224254,370,0.0601947656701291
"247","mut",96,"LYS","1",-0.0421967684613209,370,0.0482980602558102
"248","mut",97,"HIS","1",-0.174478833606745,370,0.0436029329476864
"249","mut",98,"LYS","1",-0.243829581186863,370,0.0363086725169281
"250","mut",99,"ILE","1",0.139150214191337,370,0.0559441417876667
"251","mut",100,"PRO","2",0.213018070967441,370,0.0503934065921325
"252","mut",101,"ILE","2",0.0667210485564947,370,0.0534869579283345
"253","mut",102,"LYS","2",-0.417797617377072,370,0.0340383893288826
"254","mut",103,"TYR","1",-0.66550593398588,370,0.0244542088208633
"255","mut",104,"LEU","1",0.0545217324104711,370,0.0504115060559265
"256","mut",105,"GLU","1",-0.469242973515153,370,0.0320804115356623
"257","mut",106,"PHE","1",-0.557761352361036,370,0.0286114431498936
"258","mut",107,"ILE","0",-0.106853646210109,370,0.0510576300256058
"259","mut",108,"SER","1",0.370580646894208,370,0.0651442909012252
"260","mut",109,"GLU","1",-0.509637175442279,370,0.0318462479511496
"261","mut",110,"ALA","1",0.184658578242483,370,0.0565489281551713
"262","mut",111,"ILE","1",-0.0348339264202694,370,0.0522862336072765
"263","mut",112,"ILE","2",0.10287762752356,370,0.0538378017315674
"264","mut",113,"HIS","2",-0.520602664159471,370,0.0304455521347748
"265","mut",114,"VAL","1",0.242087585205163,370,0.0617074404011735
"266","mut",115,"LEU","2",0.105208351540203,370,0.0506349823464764
"267","mut",116,"HIS","2",-0.335746117882952,370,0.0362166933073128
"268","mut",117,"SER","2",0.378630520258608,370,0.0627223061468885
"269","mut",118,"ARG","2",-0.461879193681581,370,0.0313378853276802
"270","mut",119,"HIS","3",-0.229980714842366,370,0.0392315572389205
"271","mut",120,"PRO","3",0.277740172679179,370,0.059079267242499
"272","mut",121,"ALA","4",0.382322340225266,370,0.0634919282618166
"273","mut",122,"ASP","4",0.227963890483986,370,0.0535517230270714
"274","mut",123,"PHE","3",-0.437580915716128,370,0.0301038707376778
"275","mut",124,"ALA","4",0.279319069262697,370,0.0552740487455017
"276","mut",125,"ALA","4",0.68499299638447,370,0.0604443946877555
"277","mut",126,"ASP","4",0.378850678128365,370,0.0530379807327952
"278","mut",127,"ALA","4",0.377462851290224,370,0.0595071220523465
"279","mut",128,"GLN","3",-0.231812592560631,370,0.0384010724863569
"280","mut",129,"ALA","3",0.460427204120696,370,0.0632669910208349
"281","mut",130,"ALA","3",0.423647213801334,370,0.0563861248705729
"282","mut",131,"MET","3",-0.346978372044693,370,0.0361820371745832
"283","mut",132,"ASN","2",-0.116744101139138,370,0.0456582855814884
"284","mut",133,"LYS","3",-0.439169620054985,370,0.028874983786817
"285","mut",134,"ALA","3",0.139911555389042,370,0.0537096985943493
"286","mut",135,"LEU","2",0.0374003746347984,370,0.0454953761699309
"287","mut",136,"GLU","2",-0.327270279878931,370,0.0357581114476749
"288","mut",137,"LEU","3",-0.00663302164500474,370,0.0515280904513931
"289","mut",138,"PHE","2",-0.643606143703169,370,0.0268893306450774
"290","mut",139,"ARG","2",-0.633453787887614,370,0.0288398816662429
"291","mut",140,"LYS","3",-0.516678319930193,370,0.0307774807082445
"292","mut",141,"ASP","3",-0.0101286485331778,370,0.0511375721925432
"293","mut",142,"ILE","2",0.155879834578456,370,0.0535102303960726
"294","mut",143,"ALA","2",0.370960699614181,370,0.056844398291239
"295","mut",144,"ALA","3",0.52739976092965,370,0.0644304403370642
"296","mut",145,"LYS","2",0.193982860255139,370,0.0521624482510072
"297","mut",146,"TYR","2",-0.511854793644241,370,0.0282501993699966
"298","mut",147,"LYS","3",-0.307534141282848,370,0.0361974712014721
"299","mut",148,"GLU","3",0.112702962739969,370,0.0533607015377442
"300","mut",149,"LEU","2",0.495233780120288,370,0.0602788307925823
"301","mut",150,"ALA","3",0.573800513958558,370,0.0658806666811083
"302","mut",151,"TYR","2",-0.298195349248924,370,0.0347075455216259
"303","strong",1,"VAL","4",0.187394883877751,370,0.0578250382150304
"304","strong",2,"LEU","4",0.580153637239391,370,0.0651006319796554
"305","strong",3,"SER","5",0.718014529622826,370,0.067413173383981
"306","strong",4,"GLU","5",0.529094318664217,370,0.0632351237923099
"307","strong",5,"ALA","5",0.555057734250995,370,0.0614667931491634
"308","strong",6,"GLU","4",0.174224625335972,370,0.0529728707979615
"309","strong",7,"TRP","4",-0.265799546029367,370,0.0327957509376402
"310","strong",8,"GLN","4",-0.0180277277152182,370,0.042643569981599
"311","strong",9,"LEU","4",0.151009114730346,370,0.0572141271726757
"312","strong",10,"VAL","3",-0.378068373599314,370,0.0439077213710127
"313","strong",11,"LEU","3",-0.0613187897583716,370,0.0546925620805728
"314","strong",12,"HIS","4",-0.13810840034874,370,0.0391620305715849
"315","strong",13,"VAL","3",-0.159516249175328,370,0.051523261662044
"316","strong",14,"TRP","3",-0.438905761809056,370,0.0310046775884501
"317","strong",15,"ALA","3",-0.0656479167165259,370,0.0544565041101956
"318","strong",16,"LYS","3",0.13532272364346,370,0.0471114554015666
"319","strong",17,"VAL","2",-0.318375115415578,370,0.0476636483238488
"320","strong",18,"GLU","2",0.00123929457159646,370,0.0477628448314935
"321","strong",19,"ALA","3",0.121322202435872,370,0.0611047785711544
"322","strong",20,"ASP","2",0.5006635085762,370,0.0625379446004318
"323","strong",21,"VAL","2",-0.253688310716664,370,0.0445465408357398
"324","strong",22,"ALA","2",-0.211485610306033,370,0.0513372673659792
"325","strong",23,"ALA","2",0.119348246115487,370,0.0546808333906329
"326","strong",24,"HIS","1",-0.126038154252127,370,0.0373821658566707
"327","strong",25,"ALA","1",-0.45971227257744,370,0.0402194211546181
"328","strong",26,"GLN","1",-0.198955060348021,370,0.0388705445290861
"329","strong",27,"ASP","1",-0.0639676086153299,370,0.0503516892576055
"330","strong",28,"ILE","0",-0.24594058812292,370,0.0486524948330232
"331","strong",29,"LEU","0",-0.133009719832015,370,0.0570560667368736
"332","strong",30,"ILE","1",-0.086924692721934,370,0.055373691153058
"333","strong",31,"ARG","1",-0.511603030837856,370,0.0316516895419987
"334","strong",32,"LEU","0",-0.0559164959857886,370,0.0502052336850428
"335","strong",33,"PHE","1",-0.142817841377579,370,0.0397279858589239
"336","strong",34,"LYS","1",0.0155163604250283,370,0.0453603945619561
"337","strong",35,"SER","1",-0.26525502570188,370,0.0414571967805849
"338","strong",36,"HIS","1",0.0027968456096313,370,0.045971640960283
"339","strong",37,"PRO","2",-0.313670503413855,370,0.0382207819695835
"340","strong",38,"GLU","2",0.27359019318467,370,0.051752439627737
"341","strong",39,"THR","1",-0.117267384151334,370,0.0510846242956435
"342","strong",40,"LEU","2",0.0264378061044611,370,0.0484369094273658
"343","strong",41,"GLU","2",-0.0153038283844609,370,0.040226358512211
"344","strong",42,"LYS","2",-0.0173906504029538,370,0.0452264942179389
"345","strong",43,"PHE","2",-0.0831010472850263,370,0.0400573665109276
"346","strong",44,"ASP","3",0.299598389965306,370,0.056850437651943
"347","strong",45,"ARG","2",-0.173636600212136,370,0.0397219130275354
"348","strong",46,"PHE","2",-0.0839302145384784,370,0.0417930964965218
"349","strong",47,"LYS","3",-0.00527127160467687,370,0.043007977534814
"350","strong",48,"HIS","3",0.674919810163823,370,0.0617438885215369
"351","strong",49,"LEU","2",0.515092254843675,370,0.0616093509375512
"352","strong",50,"LYS","3",0.548481548331099,370,0.0564732607481963
"353","strong",51,"THR","3",0.453559402149233,370,0.065365574452794
"354","strong",52,"GLU","2",0.198026097863029,370,0.0498746252016435
"355","strong",53,"ALA","3",0.434034009129906,370,0.0610010463031363
"356","strong",54,"GLU","3",0.474839628579848,370,0.0510916208901349
"357","strong",55,"MET","2",0.144326708549337,370,0.0491079256577024
"358","strong",56,"LYS","2",0.141972471631021,370,0.0488732476889736
"359","strong",57,"ALA","3",0.128165476816595,370,0.0569181436717105
"360","strong",58,"SER","2",0.253451274757193,370,0.0516051825480678
"361","strong",59,"GLU","2",0.385807767741824,370,0.0546173059265413
"362","strong",60,"ASP","1",0.270583126079901,370,0.0572561459290284
"363","strong",61,"LEU","1",0.187526945361662,370,0.0522264799404291
"364","strong",62,"LYS","1",-0.193795649518499,370,0.0405671785794174
"365","strong",63,"LYS","1",-0.0299936619553503,370,0.0439531130802368
"366","strong",64,"HIS","0",-0.118372887554675,370,0.0423090937083382
"367","strong",65,"ALA","1",-0.378290968460953,370,0.0458201265305507
"368","strong",66,"VAL","1",-0.356888561109764,370,0.0459130473314042
"369","strong",67,"THR","1",-0.37182353453298,370,0.0460743883207269
"370","strong",68,"VAL","0",-0.516633891317695,370,0.0460149970983451
"371","strong",69,"LEU","1",-0.197030397418476,370,0.0536720342179278
"372","strong",70,"THR","1",-0.416973773848777,370,0.0435299337369627
"373","strong",71,"ALA","1",-0.30322527464975,370,0.0484175068052889
"374","strong",72,"LEU","1",-0.167126530943975,370,0.0533786808102734
"375","strong",73,"ALA","2",-0.289005959097089,370,0.0473601204301174
"376","strong",74,"ALA","2",-0.115799192444273,370,0.0494892829069966
"377","strong",75,"ILE","2",-0.0838161497649048,370,0.0518600251828266
"378","strong",76,"LEU","2",-0.0235176833672621,370,0.0524013340164289
"379","strong",77,"LYS","3",-0.091482830310602,370,0.0450746329524429
"380","strong",78,"LYS","3",0.0627034941432226,370,0.0468826350875208
"381","strong",79,"LYS","4",-0.0859370042106164,370,0.0410096303323075
"382","strong",80,"ALA","4",-0.0268972317648892,370,0.0468113436905254
"383","strong",81,"HIS","4",0.532501179537053,370,0.0520236239504715
"384","strong",82,"HIS","3",0.16178951146308,370,0.0507668634113951
"385","strong",83,"GLU","3",0.20558565632314,370,0.0435885812157633
"386","strong",84,"ALA","3",0.33791355203254,370,0.0616064972010517
"387","strong",85,"GLU","3",0.188498925927342,370,0.048596791955248
"388","strong",86,"LEU","2",0.0430766482857527,370,0.0555787575312495
"389","strong",87,"LYS","2",-0.0791992246904191,370,0.038278686600008
"390","strong",88,"PRO","2",-0.157385008241657,370,0.0466780133766668
"391","strong",89,"LEU","1",-0.0421608639679616,370,0.0496377466108956
"392","strong",90,"ALA","1",-0.252158438416458,370,0.0456133516665145
"393","strong",91,"GLN","1",0.0534291769837046,370,0.0447439025233235
"394","strong",92,"SER","1",-0.0354130128839649,370,0.0497135505562681
"395","strong",93,"HIS","0",0.0345561552942186,370,0.0441063715096291
"396","strong",94,"ALA","1",-0.0837114605105787,370,0.0521623093409737
"397","strong",95,"THR","1",0.228941319755227,370,0.0606522440541955
"398","strong",96,"LYS","1",0.422354897297766,370,0.057375325716927
"399","strong",97,"HIS","1",0.171596161616609,370,0.0528870528378224
"400","strong",98,"LYS","1",0.0168912277176242,370,0.041385195865013
"401","strong",99,"ILE","1",-0.086449235790878,370,0.0541745013721972
"402","strong",100,"PRO","2",0.110006634860098,370,0.0540887832153301
"403","strong",101,"ILE","2",-0.202954675628355,370,0.0507076545299385
"404","strong",102,"LYS","2",-0.0392362351211128,370,0.0441774594531413
"405","strong",103,"TYR","1",-0.432912235746743,370,0.0321673859938001
"406","strong",104,"LEU","1",-0.306396001234538,370,0.0503371115117861
"407","strong",105,"GLU","1",-0.152446668660214,370,0.0434088717633222
"408","strong",106,"PHE","1",-0.325504255318465,370,0.0344249047127918
"409","strong",107,"ILE","0",-0.0523199856784798,370,0.0599953547597818
"410","strong",108,"SER","1",-0.752157230696727,370,0.0312308384130944
"411","strong",109,"GLU","1",-0.263579490708276,370,0.0371920271209065
"412","strong",110,"ALA","1",-0.289533418338829,370,0.0474266423870553
"413","strong",111,"ILE","1",-0.283145990266068,370,0.0495624185231084
"414","strong",112,"ILE","2",-0.179384834209909,370,0.050236970594522
"415","strong",113,"HIS","2",-0.197263172324957,370,0.0374702233434716
"416","strong",114,"VAL","1",-0.363163900673594,370,0.047297130826429
"417","strong",115,"LEU","2",-0.168502685724066,370,0.048472770053358
"418","strong",116,"HIS","2",-0.0627923142350949,370,0.0436175410689536
"419","strong",117,"SER","2",-0.456045515368752,370,0.0365808756340039
"420","strong",118,"ARG","2",-0.204152877227903,370,0.0365723124499677
"421","strong",119,"HIS","3",0.187055906332353,370,0.0526531322484549
"422","strong",120,"PRO","3",0.0231701441825801,370,0.0512149216916575
"423","strong",121,"ALA","4",0.260551313899025,370,0.0602063477575767
"424","strong",122,"ASP","4",0.310604413186472,370,0.057484697297712
"425","strong",123,"PHE","3",-0.0883663420694663,370,0.0420274951335472
"426","strong",124,"ALA","4",0.419548378620697,370,0.0571817633980231
"427","strong",125,"ALA","4",0.502964055711076,370,0.0598052307737462
"428","strong",126,"ASP","4",0.620353067527508,370,0.0620554725200575
"429","strong",127,"ALA","4",-0.0893012269534734,370,0.0481134038639629
"430","strong",128,"GLN","3",0.0354185078879128,370,0.044248182713242
"431","strong",129,"ALA","3",-0.0998945697372518,370,0.0503144602426814
"432","strong",130,"ALA","3",-0.123956440939276,370,0.0471203390798276
"433","strong",131,"MET","3",-0.128398466391291,370,0.0447041632153178
"434","strong",132,"ASN","2",0.108241877686329,370,0.0553760779680313
"435","strong",133,"LYS","3",-0.164077963762612,370,0.0364192014122862
"436","strong",134,"ALA","3",-0.396691117661874,370,0.0417436861931973
"437","strong",135,"LEU","2",-0.0736474608193571,370,0.0510062558372941
"438","strong",136,"GLU","2",-0.0829142211437207,370,0.0448012846214701
"439","strong",137,"LEU","3",0.0174528646790795,370,0.0565319630258417
"440","strong",138,"PHE","2",-0.461748585611313,370,0.0343286492840212
"441","strong",139,"ARG","2",-0.45389060954019,370,0.0332593155884917
"442","strong",140,"LYS","3",-0.225796965799823,370,0.0378374715828709
"443","strong",141,"ASP","3",0.191567313127367,370,0.0552555708928549
"444","strong",142,"ILE","2",-0.133869023388841,370,0.0485292662812414
"445","strong",143,"ALA","2",-0.0282715575355334,370,0.0482470079690099
"446","strong",144,"ALA","3",0.410863467001174,370,0.0619308714604797
"447","strong",145,"LYS","2",0.51295967881017,370,0.0583621725928149
"448","strong",146,"TYR","2",-0.227513131267883,370,0.0366729263353704
"449","strong",147,"LYS","3",0.230527386011971,370,0.0482414408678529
"450","strong",148,"GLU","3",0.60702572906067,370,0.0656588963470289
"451","strong",149,"LEU","2",0.642831605306794,370,0.0647509425825543
"452","strong",150,"ALA","3",0.601505590393134,370,0.0657838380756823
"453","strong",151,"TYR","2",-0.0324853885006101,370,0.0393249928676036
