"V1","V2","V3","V4","V5","V6","V7","V8","V9","V10","V11","V12","V13","V14","V15","V16","V17","V18","V19","V20","V21","V22","V23","V24","V25","V26","V27","V28","V29","V30","V31","V32","V33","V34","V35","V36","V37","V38","V39","V40","V41","V42","V43","V44","V45","V46","V47","V48","V49","V50","V51","V52","V53","V54","V55","V56","V57","V58","V59","V60","V61","V62","V63","V64","V65","V66","V67","V68","V69","V70","V71","V72","V73","V74","V75","V76","V77","V78","V79","V80","V81","V82","V83","V84","V85","V86","V87","V88","V89","V90","V91","V92","V93","V94","V95","V96","V97","V98","V99","V100","V101","V102","V103","V104","V105","V106","V107","V108","V109","V110","V111","V112","V113","V114","V115","V116","V117","V118","V119","V120","V121","V122","V123","V124","V125","V126","V127","V128","V129","V130","V131","V132","V133","V134","V135","V136","V137","V138","V139","V140","V141","V142","V143","V144","V145","V146","V147","V148","V149","V150","V151"
2.64956849191381,1.02959431166811,0.682186358515933,0.318598584043603,0.628742233417019,0.696125947547536,0.545771774119036,0.385017948737202,0.565318441893631,1.1168295704593,0.856994915804499,0.655032800442443,0.198427322617247,0.726983811592621,2.44388043049842,2.57374550662989,2.30244632229654,4.44732978367384,7.37683721682497,8.4456952432533,10.2745654395165,15.7860058625104,11.806581456225,7.37560322732794,7.79595746509865,10.6505900703067,5.35382004721502,0.821338932898769,3.76958006258035,4.1275587315658,1.14207116057639,0.942735648250549,1.76211604860322,0.998325133805774,5.05347720081074,5.60361544489516,5.00728769655804,12.6108664826537,12.3134203727178,12.1727638354875,17.8444171969779,10.7752250068823,11.0267285668668,33.4598579202979,28.2083670347224,10.5550192953303,33.0922626203393,NA,25.5989594190572,NA,NA,NA,38.9192522125484,29.2612325665053,28.0514979781502,29.020025610967,47.5871111910903,31.208130724816,31.1575098740866,19.7220868112752,10.8690010138334,12.0942135733183,16.5362034951222,10.2686399779841,7.4939575086711,12.2263217674391,13.311578336726,7.0303038550611,9.95356711368917,17.0791714463516,12.5587943029528,11.6402324097792,16.1247144732904,15.2664514490099,13.2367775000235,15.0790252483561,17.2019476512295,13.4628909962365,19.1811843801366,24.1168967609722,54.4378877839058,43.5900553497315,52.2709498284222,NA,NA,NA,13.660458096094,9.40007129079222,3.41514380960288,5.58391275576402,10.8882944509519,7.52766137858698,2.19858807518543,6.33573173438601,25.3454528932627,52.2431429670957,NA,26.284694511165,1.68979024205128,5.82461726040001,10.1561307005141,8.42561424017515,3.01087195140179,3.68979978504531,4.20041336592172,2.4978668361658,0.826444540740778,1.64913576682488,1.37574643406865,0.437754183113287,0.741359100122419,0.376056200245328,0.222825453012186,1.40776725105694,1.18544070143206,0.544534208086817,1.79664378934519,4.01967178981322,1.51115676640186,2.98622427272296,9.63428223965021,9.46899661390468,6.4777243936707,4.94558558799137,5.95822226757329,4.07109643902188,2.18222368915919,3.29047882573935,4.04503038200671,2.78095411725469,2.92466457850897,3.36991073873937,5.01679308605328,3.60188921163994,2.87764020509014,5.8118519148879,5.34793108076207,4.05575611316732,7.54415963939191,12.6150304755242,9.65559799803938,10.571321603448,19.1296356983451,20.3754906727459,14.9755835555823,NA,NA,NA,NA,NA,NA
30.2314490311658,10.6513922177041,12.4850881844756,10.4047492401769,7.53154467273492,5.41520293775741,4.17363026530068,3.06309828946845,2.14773549471714,1.55466952403156,1.71355704425366,1.28766865345734,0.165633562055329,0.40933435313138,1.00632876796737,0.47920988431099,0.888516651500355,2.03717484639663,0.815845553657469,1.03799569828636,5.24733061078922,6.99647589367244,2.19056258297586,1.0623187284064,1.49821601327994,1.44096566870869,0.400920755211614,0.433175465375325,2.31543564949676,1.56975813214031,0.332284189935935,0.278598067542621,2.31420062868233,3.76258167040737,1.52313289283685,1.42118528868261,3.64046807120813,11.8435542009605,6.42814463132431,4.74125605789635,8.61037041613026,4.93072105176431,2.86472442592166,10.373055696483,6.09230117657293,1.21380113486947,10.8260596221642,10.1888278531987,9.79895834060459,NA,NA,NA,29.2135661869254,18.760616025918,16.3154020231709,13.5969103585182,34.4132277440238,22.4373556782561,26.0224420904586,14.8860894444424,8.05259695579865,10.8049952689369,13.9811777489489,6.68401789368149,4.75643322125818,7.79264747244938,12.7891214195677,7.28512169335047,10.2359222869496,16.6066894241323,16.1734199055888,15.682514955688,19.5266688286499,20.2322476281632,17.9327023463493,20.9811765562564,23.4752518017657,13.5293900794578,14.4310511706343,54.9443766758739,12.7585728643489,24.6006401699378,15.7336195934673,25.5428845219036,19.395377954509,5.46466164801931,6.15113143507489,6.61444127236838,4.09096175755548,6.48906403692799,13.839133733737,8.4800444364615,5.58767856760222,15.5723818537908,31.6992167359792,28.344968562062,NA,14.2638189150602,4.68296330450288,4.11929725883381,5.3933932920135,6.33808861117968,2.43498651036913,4.0705836850865,3.95639052758564,1.74623914772264,0.850760435865495,1.85615877772513,0.669613142133861,0.494493045900853,1.06135749384164,0.722637687602038,0.373082878704129,2.33404287528722,1.9884525162589,1.17488966631967,2.95623462984456,6.28420064370886,2.39796219286259,1.24685678022667,9.17514371888871,11.2113134062013,6.86832925764828,5.15666051184317,3.86080084207983,2.09221026180558,0.298961454649181,0.986064148544292,1.29792812216942,0.543686665473366,0.328782762169988,0.384196908264383,0.325062535541121,0.259558273545762,0.261432083558284,0.3636912413171,0.110032922949533,0.643912590378039,2.10860610281115,3.05888365167557,4.01461594767693,5.71052493511981,9.66961495187382,10.7712071239734,10.6042858858712,15.8713349473406,22.6529148132729,23.0819251793487,28.1151461479102,37.2973325917555,NA
13.0729214961915,0.225740057257583,1.25861907896581,0.90142146285688,2.53285285245262,1.1073289599678,1.59934064919616,2.11240663739951,2.42691260425051,1.93998937358482,2.62449051194551,2.64251747476301,1.95807169339408,0.465487932624596,0.0641656065066389,0.764043557447326,3.37024795927042,3.24789559836007,0.966102310598964,1.41825032815656,0.316085455476441,0.191063500250052,1.30556402074474,1.71005845883152,2.90844956790063,2.0012491744474,0.340516970125324,0.611737406062742,0.649702887871116,0.0719259766288207,0.313031953827207,0.547845110826388,0.29004524012481,0.465103523696308,5.0138128177374,2.19453343794928,3.8054897153419,1.64129067100573,2.74028244856569,2.67863555728335,4.61184878023806,1.21506233791764,3.44338397752272,11.1079243053846,4.91653394444352,3.03440938691029,15.1498797720214,1.6616963246785,NA,NA,32.2461760492389,39.8619601742358,34.2952531851129,5.58077348949095,2.63412075135428,2.72729024124859,15.2957887715404,9.44345455721653,4.432650199058,1.8388209006397,1.7231868804303,4.37945202883034,2.21244285029373,0.353550045336748,4.55595943581122,3.17369478886242,2.9421621531272,4.72278721879134,6.27427993585664,6.1828114114766,5.7949027737069,5.77715450946646,7.50287833601336,3.46896198586578,1.13707670114881,6.33735377309502,8.60103420416735,4.836153490697,4.59018305495562,19.566368000456,39.9249508689326,3.04798577233028,1.8227165459838,6.36899180516152,3.28044751588076,0.0211418335667584,1.65559336948542,0.917113315012898,0.283024472842233,0.116435617342864,0.328672255311773,0.589649403906957,0.522557169673282,0.108543201459082,3.01753441586759,22.3257637363766,NA,7.02805012581493,2.18012947988426,2.36902038440454,9.17936271306635,6.40294157327425,1.9628880279735,4.45481542489259,5.24413155729849,1.47668016716819,0.812323548398932,2.09237073979461,2.1522204486961,2.99704445506771,3.18555343476178,4.1308514462029,1.61732720979845,1.17931660108594,5.41234494424928,4.57709673310181,0.804372495743095,9.58911376040836,28.7177351481233,13.7298969534472,23.6559622972876,65.038797659801,15.4349338501811,14.8000234365019,8.28003690304801,6.45791329755811,2.92711425902779,6.85370344958648,4.26668626510806,1.47493526612791,1.21015244588888,1.35207502090827,1.07382603122324,1.4295451695511,1.72409113278015,1.15291869221614,1.27182046269063,1.07101790916703,5.13568894121249,41.4104665463331,0.799353914293503,14.1425097050736,3.95708493210719,38.4598081276473,50.6161831957703,21.5543591627479,4.87175645438943,35.196053052076,NA,NA,NA
11.8309651164056,2.80125039635128,0.977406699024628,0.665374383122594,0.257529975338061,0.269290952850991,1.19293673850007,0.736092347181714,0.377958819316823,0.082233806856938,0.131291468779719,0.234928084359898,0.425501567633915,1.65756050899791,2.43354981148547,3.12712051546289,10.0715316227108,10.7637103091557,5.02712909507178,34.5820849359948,53.6068017863322,28.8849064634448,0.258070402952514,0.440809105372278,1.50147216111678,2.49995726232635,1.66616803024943,0.355625514881108,0.0474364730707985,0.703155915426327,1.37834091808573,0.937255513608155,0.572875108258595,0.564101906258741,1.41155683896185,1.90017664309134,2.02343489796153,2.83603739537695,1.06368626302828,0.983107762954717,0.668849561381883,0.167704316589192,0.342224269578337,3.35002238357202,14.1651201351488,5.21607066824928,0.681766330390399,13.2226494235372,NA,NA,8.84074127592853,8.76599884108883,11.2012156720855,11.3271898292666,7.39331190521072,12.3971405198221,20.6232183751346,15.5120717834027,29.2066071636623,18.093591096674,4.57582060740702,9.12435184965187,11.763824859981,5.6703841001959,1.8327004032386,2.219451054408,2.29265012621668,1.18096936267397,2.28526294396112,1.63492311422569,1.57267018190517,3.00511613697435,3.56622156797306,1.271948778086,5.48744544760762,8.60687871505129,6.89185737346645,14.5577127451026,1.75761151407631,14.8689601833112,18.0410221814606,3.47978648921622,4.46443381122291,4.26227354321767,1.20188672613097,4.06163212975229,4.28436715447894,5.21623639223414,4.69856996224129,3.55158271345576,5.45453501176751,5.71538970718971,3.58886346438471,4.65816261630008,12.6139316789275,25.5085906462011,NA,3.87285069948617,1.41939340306503,1.89444517070938,2.02953212941054,3.3885441217255,1.16615854831079,0.325815626959598,0.499780865579045,0.470294910035269,0.455459407220744,0.917351868444817,0.827442341796318,1.23030045250327,1.43466269595389,1.49990156420704,1.30273005226017,1.82863343241738,3.65857955729623,3.00985904416237,2.37162834903122,7.37620913744773,12.7748090812517,10.3907357478801,48.0021162648911,40.0690186979784,13.8159183345301,11.3311986530846,5.5380937639169,3.45802546264146,1.42175465058021,4.93352048850071,4.36382577831938,1.46260585471141,1.58855613142568,3.47086008528668,2.75411708054309,0.691834116127697,2.23826503453064,4.58316023531468,3.14236903223,1.36548879834987,1.87221817024358,2.45573211775212,2.05010971152149,0.663798989803007,20.9141351649592,55.4275911039242,30.2990377245386,54.6956972026108,130.691769215805,NA,NA,NA,NA
0.512059504035907,0.647494998327935,0.281892389227133,0.113987728755793,0.638624852637373,0.446906425379605,0.0231760908692611,0.333103404709971,0.51771553268657,0.332452470307157,0.422378552501318,0.543844421779982,0.332740555156934,0.107278119611523,0.209897556903824,0.506803401197759,0.00593117514539344,0.0163417226591382,0.00862259711126758,0.0469268400311408,0.136612823294597,0.212894070416928,0.199542507849285,0.12525954651523,0.065629360214395,0.361144176332097,0.347246952077948,0.0730441349554468,0.0341227250634593,0.0176864060754742,0.0889091471136694,0.198103011959174,0.16400568705255,0.261338351578537,0.334850867012647,0.311958592534535,0.275976247096961,0.235823529646636,0.17420888630242,0.156469459008356,0.233535744148023,0.0404259111822263,0.106616837581418,0.381907184661332,0.326676453322773,0.265702823226345,1.47834642419967,0.507820463341437,0.223203763435864,0.384828565675595,0.123255679143668,0.497876922712576,0.269411412229302,0.20844497009093,0.149979499345519,0.302720072379663,0.289126813660183,0.199112802941163,0.514483152086124,0.43098895913194,0.0228864196281312,0.149780750834621,0.128813286790721,0.0963771371625853,0.371428824794917,0.53756163091546,0.242539962080301,0.13970197472362,0.182379985276257,0.108125227106242,0.160578514913955,0.0589859410566146,0.312192405820491,0.385815211381888,0.0288477234707876,0.113064692017107,0.167821449147757,0.252136093396971,0.082423878984035,0.6594995625829,0.41087188866151,0.227634567506022,0.369044938367632,0.275415703013204,0.269460971135513,0.244432576683264,0.432895917529404,0.156306115890413,0.0439024206176281,0.0626491691098654,0.0354301194344256,0.0775050066725669,0.0587288606511164,0.150522230704282,0.146965056355877,0.0857843511532871,0.0391261328359478,0.254846053260888,0.248789885925188,0.130486921474449,0.0615032993488012,0.133410995185027,0.0837105517763369,0.0601560051567459,0.0711575326533739,0.28015504538841,0.242520079765063,0.246281416648188,0.0683518888197596,0.0507173030852115,0.125861684281435,0.0315562898250883,0.208940329013389,0.155821228813737,0.0418902795836474,0.428080774165189,0.61580002637257,0.484075819130588,0.737650775764058,2.51809068750968,2.26883443797235,1.64298216138856,0.667604481182081,0.249880594736236,0.298689863128741,0.0376424739397786,0.5665306332396,0.372753107006937,0.363811475603989,0.175981672305899,0.761597279098838,0.447053222207878,0.00841325968765324,0.0326684371502306,0.0527274200347462,0.127224951792118,0.156925682398402,0.0667101755710413,0.030104167991612,0.0550536511868414,0.0851464174591677,0.219658347875984,0.028664929784216,0.0549531075827091,0.367391551748129,0.40411531185956,0.477085505767104,0.899041249400438,0.257027616179885,0.483921457770706,0.0934567767972165
0.295214817479213,0.283800179187852,0.132565536888234,0.0707472821855273,0.161703952884305,0.0856947842302971,0.157439052326326,0.180677639548757,0.121450947009546,0.180814661659163,0.470692860995254,0.188124565002654,0.119087732527763,0.0574250699032837,0.0497187724956408,0.224298953421996,0.213992194355671,0.161553567019915,0.191129549537971,0.384107159800315,0.215106494713579,0.409895871339744,0.350892500727725,0.175245710785032,0.339584261886279,0.637277256294397,0.346649319942945,0.0839653785230517,0.0429007213296442,0.0951742994469887,0.0108592568554847,0.0148336987398206,0.0884187734919694,0.278816285059742,0.306550937490353,0.068448847666824,0.229309111001727,0.413718113790642,0.116350189920987,0.13176081309128,0.021798079431538,0.0461066431133728,0.0814229382389631,0.252945170579795,0.27733287505612,0.271266556416108,0.359258438984745,0.158407432436567,0.114426884075333,0.430471164538561,0.0399103255947851,0.0516684530923872,0.0250535002555925,0.0413539080469194,0.0251250553182199,0.08028991923159,0.0310834648506751,0.0136449376178088,0.00691057718509676,0.175983600662797,0.157020607057087,0.149051137134034,0.243120067967648,0.177116890634207,0.134206623976005,0.181457759056372,0.16567283323545,0.0824673445233694,0.0541898935919583,0.09085838064944,0.0526839538560371,0.124648637819793,0.0144793298156205,0.052125931405151,0.0474685652463476,0.0598976480615878,0.155835882679535,0.183636459881857,0.104476429555073,0.127454216438958,0.164952783941319,0.0294240478273437,0.0360736169155487,0.0305425339467157,0.0575694440554827,0.255902354205266,0.253383272217034,0.086076186969152,0.0171943229263781,0.0449827069455664,0.112668295206833,0.10062935100256,0.0714926889493037,0.138584615862388,0.0455049039752482,0.0509766937293395,0.0360063007477815,0.213677222527171,0.06778832200067,0.0879655271689126,0.015837626462382,0.0432485007974767,0.0387428010610353,0.0355447385263703,0.0652878488749338,0.009599549496436,0.0319498026590598,0.034972812430604,0.0311653320226381,0.181675786948488,0.05262338239017,0.0535889544035346,0.179972347276814,0.0392852835360764,0.243633405061601,0.600428919148998,1.24487758837781,1.07693599067253,1.03008657195675,1.37260401308877,1.99993101844509,1.18506616270866,0.29964990630194,0.127718293322343,0.781041802450898,0.541763338221917,0.640936915202888,0.247546246948351,0.246210973126921,0.591357679180806,0.12560849608438,0.106589327567987,0.0133331080826008,0.072035859678632,0.063931660097474,0.0161582486752199,0.106008880515779,0.0696992414306892,0.102415905001489,0.264047327721413,0.123505142807021,0.195836371956731,0.142172745471993,0.152005786916965,0.0433626908077124,0.0787092627126857,0.0271287895569819,0.108090320786862,2.06393043129511,2.74170565458339,1.67362463540361
0.593095390326601,0.19902522748884,0.591102440256384,0.586481029965915,0.778071332158391,0.772558380426166,0.472874754390722,0.728970793138417,0.711083822075988,0.78099958805676,0.391583786193646,0.107489695604493,0.321476575457361,0.0916958619109098,0.793297452237725,1.23276433176387,0.431766151681109,0.0393183047344546,0.212666678992882,0.0320121699910879,0.0247290896051148,0.0895840357431624,0.420831781581358,0.111210493621329,0.221263013839645,0.42499297132969,0.370196906603797,0.242516527183657,0.113608685308123,0.0640080313731979,0.088041766119739,0.0755486597646187,0.101774331481203,0.256342686694909,0.291954616178641,0.268719207626364,0.357598757233637,0.874248039741797,0.426446281767717,0.270276513215818,0.58591483736225,0.229981931845379,0.212643959565387,0.206181006623253,0.0279095355313923,0.0575154988752821,0.308142529901408,0.154743340056592,0.0642887379705618,0.119262575924471,0.22050179024907,0.229481635105334,0.0936195371990444,0.0553789605913979,0.0528610076896701,0.0513175395307165,0.105217001612816,0.215321906516908,0.195901099648579,0.133951779034023,0.173443621049315,0.162280140734089,0.0541115749348677,0.023680551378804,0.206968035622742,0.0588688156698703,0.0721956811436416,0.0114905810986491,0.0287165885806749,0.014167056240465,0.0315190772322591,0.164176023678756,0.0794840759917843,0.0587122942537436,0.1154004680393,0.0994445724788804,0.156188591112223,0.0443888389959584,0.157479861915344,0.201467952034601,0.289506853162232,0.266292531574325,0.174908094674472,0.357306753333107,0.36609566556408,0.187438338599596,0.590499805781615,0.410335750722828,0.151768439693621,0.185653689089867,0.138340553574817,0.146509085051205,0.0652019123092431,0.0364705505109773,0.252216563086415,0.150680127427686,0.0847822006748301,0.21754425702989,0.0654920122054338,0.193357986662364,0.170785170182279,0.146790188267876,0.0880286169068177,0.0254341727262819,0.0695030937372055,0.0144242455460715,0.0192290477577784,0.0547850344765487,0.144592511376741,0.221560028952302,0.0763356614982212,0.293975397281022,0.562839114130621,0.399207669108188,1.0065963935344,1.98163753628327,2.84435126786571,3.13628142122359,4.94643260845734,12.122662990031,16.4967366363226,12.519617254663,1.43885569802384,0.589315937598668,0.976808761868087,0.99823616537149,0.519146880379591,0.35994100574204,0.96605355556735,0.53904385748776,0.254794425403485,0.279656266992835,0.189791213369394,0.168679902937892,0.143729592235089,0.076164211458689,0.0471369239079212,0.0911304776711742,0.0995911429411937,0.0574018104408805,0.0298390787591423,0.112055449592786,0.359366048985178,0.213530554908449,0.24366954024377,0.573288278768104,0.632702738998423,0.506973227714704,0.274255733757058,1.2118977478499,0.220592439582207
51.968563434984,13.7447575571766,2.80610924076243,2.61265629126482,7.06885851837374,4.46577350045786,0.218358757447443,4.04374590528518,4.57175190888966,1.20282680028359,1.71249547115087,4.50326415250453,0.241782211088916,4.41292256200932,7.28295615573606,0.163064247250168,10.3027020131981,19.139133991743,5.19795900297529,1.80564072228306,4.59463232125684,4.27132841608163,3.98392450284389,3.47637836917619,2.68793510458203,5.46854333466961,4.95189328136685,1.81308101577107,2.41624289367642,4.06756385675381,2.63373477151127,1.0654577957769,2.99982972447539,3.77389942379849,2.17245073569174,1.56179871870529,1.42030724896083,1.70900554632606,0.410552311198314,2.48850509764524,3.4884897650979,2.8247500036989,2.91396252774939,4.6762240333668,7.10589086130309,4.90984049825656,2.71382515469773,4.54417606495544,4.9441664203642,4.57228872835991,4.5728193708571,7.00354302824631,3.23949144881315,3.32656156608477,4.01253422923722,8.16939885232915,6.32527813142913,2.47536386874565,6.56364372393899,4.7020533669804,1.61248106679515,1.03534207522456,2.83397158652853,0.867915030550071,0.484085341917016,0.623195959089013,0.124859725137718,0.562634962952322,1.50728436570651,0.506473043399628,0.381251049327798,0.138587884824089,0.410561933580857,0.980190710071763,0.958509433242441,0.268926722252847,0.0584728425635214,0.589929487238957,3.14658002637768,12.5980313066755,1.77241002382772,7.78539000263321,8.2245826950017,18.1950812853695,4.93252869669848,4.61140028847372,1.48936847850214,1.25953464537039,0.557116368017593,1.243512335554,1.16964104449485,1.02534850856486,0.731316428504728,2.79240744563689,0.778167406825951,2.78937878985166,5.29013727046021,11.60890061309,16.458878778371,0.553236859966318,11.9428217713444,3.79085145903835,1.35010681251172,1.15067592982579,1.10225331745433,1.51030661442235,0.592488265331686,0.221931339469479,1.41112171175551,1.32165677519068,0.355604676260759,0.388511303943815,1.23540535857522,0.614358448730975,1.76912389801837,2.96266067162211,0.253447528735516,2.04048213632801,9.74448060878675,8.79850087859613,8.72318194854057,7.7475721259075,7.91151092548321,3.77750177072217,2.80922836026777,0.62757178393241,0.922909115521706,1.72894209128404,1.30008023087224,0.490447692915584,1.58363136806211,2.3753090540433,2.67195543277245,1.7113885653006,0.781314583096625,0.935985295506172,1.38365400687097,0.890304708901484,0.689429868779729,0.53022700899628,1.18027969525699,1.11608485148897,0.730453507254874,1.39973333827764,4.03729484437909,4.04960267857264,0.70228834579299,6.69733682549779,27.4678697357813,40.1299827043234,28.3856177787114
0.987355949531962,0.184095919539617,0.297503909047781,0.489947308311769,0.700085816506298,0.449508446990462,0.320574627558198,0.507041225811314,0.585161061827981,0.278712580331768,0.306467880102631,0.172982723555106,0.323510260342502,0.0260546910708635,0.577239359376143,0.752866588238355,0.212450160646186,0.064140404626535,0.222480029970855,0.0278365030928235,0.0336702362936924,0.122979298529148,0.114314557671673,0.0487916075276036,0.101547174167608,0.187997090338932,0.126927997490499,0.0832810448666364,0.232457508087937,0.240563803509682,0.0116187620035267,0.106248034698921,0.123603142928409,0.162407241974062,0.193860396651689,0.108059479447537,0.104454868661935,0.230692512370197,0.126258062899311,0.365211944691206,0.637385336941297,0.186583466338184,0.0628031684348531,0.149625513339603,0.598131937493567,0.250685192847941,0.513908130768324,0.188724356589022,0.294732420771895,0.189246589941544,0.189381744701616,0.133101186416002,0.220377416566911,0.126090644610699,0.0403772361611377,0.0518281222518529,0.0254243176537821,0.0442206298640426,0.0784572755790816,0.067353344894778,0.0647969042971137,0.150309459762261,0.250370809726395,0.42414677212493,0.16580104557473,0.0342520951372532,0.12741244799376,0.123240982764906,0.0756223255363795,0.00254476738730937,0.0140848647475393,0.0732626857022812,0.0195475033209475,0.0251381669538364,0.110581920365904,0.0985142495614144,0.112538665416965,0.0434246932960489,0.131280060087302,0.152924559153697,0.139386119820055,0.235875970493782,0.495259736145589,0.435242829351728,0.278214593720207,0.239276136198523,0.730270540465828,0.526210607792349,0.188063144885707,0.148408131447862,0.102894934738737,0.141657372780031,0.0472177699751583,0.0254466333175221,0.0516987160480923,0.163910712225459,0.176117967708707,0.236877285774687,0.214225071517766,0.288436423813629,0.2963008848554,0.150793609537848,0.0596806892595587,0.0212842228575881,0.030886794527342,0.0381952851907604,0.0272908390824618,0.026935217395307,0.0222688477755604,0.0748810157416152,0.0133104134221167,0.174683733518702,0.356722719519078,0.157068720563126,0.623827869441747,1.61903182358801,1.75801160894705,1.86681135634698,3.43873729922567,6.39498633614382,11.4505591075806,9.25116426793196,1.58245129656753,0.100307705084984,0.308668652753764,0.767610063243621,0.621404754909313,0.329797414675771,0.432365195035877,0.342062281650129,0.229565322595566,0.196288283496933,0.128222524466269,0.100034233341917,0.13099976583156,0.0973301238524006,0.0941350986563621,0.213277843242487,0.206544717526175,0.136641992707924,0.0816200039386762,0.0363497470594006,0.0542255879782774,0.29591920291208,0.283717745318978,0.167609706128045,0.21648208878176,0.872224036699393,1.14893786282706,2.04839481867392,1.99870503697152
1.51853521621432,0.0688340934897744,0.19379037934752,0.182938832010642,0.161664864766473,0.16758555334092,0.0873063062584299,0.132366836961507,0.0988978419018748,0.210239241243174,0.151785718229232,0.189221228862272,0.246897899281635,0.216379976245469,0.257630899785256,0.340526570300319,0.609223227437086,0.146811850821081,0.837824781548196,0.38094470775261,0.568446474340268,0.16537027839083,0.055012522677467,0.00337521627006566,0.0514512517059027,0.69160738582269,0.898179094402524,0.447254661837594,0.471155828792861,0.694979395321218,0.716749568540986,0.408054050457041,0.468432439850836,0.20827207673145,0.4652987686796,0.320462428516611,0.412435909605924,0.979022148946846,0.722696094472208,0.858106857248264,0.780487330635467,0.477891358737284,0.514262326683543,1.13751625714828,1.62804691443865,1.11764382932939,3.3572188034482,1.33267395115532,1.61600315116712,3.02194987677537,4.72284675340516,4.28897860009371,3.39143769617975,1.59462051026975,1.13635248418472,1.72212694411516,0.64828150522873,0.291239847731758,0.343029755479635,0.368516946951309,0.310947762866589,0.226901478704406,0.18677157124855,0.304474490380539,0.610413954675136,0.754830307582446,0.378942879308842,0.190808633138144,0.215613190119382,0.274434388708739,0.162194590982994,0.0642661878635973,0.0476017220932745,0.0303958871330318,0.0128692113081428,0.0305535513197393,0.0631466433414271,0.0108642378969972,0.0815239795915476,2.72459942779195,0.858745509823613,0.6856870552929,0.21101590985508,0.43387310356803,0.595747686807449,1.20199011789891,0.941768064953265,0.566181770514864,0.184358092265239,0.235077374075703,0.470830704852642,0.183002038158851,0.113747425557766,0.619522712686289,0.585367196259402,0.07245574397207,0.222991564528155,0.890735213037594,0.393072143451085,0.277481734031253,0.519114595497993,0.504865993047145,0.24646240006229,0.325329899584456,0.0175896829865513,0.133480743553834,0.106037285745724,0.0237245872523988,0.210691345676623,0.289830282454617,0.0197936766390908,0.13273948148957,0.0230081757050732,0.159677239360607,0.465901634593675,0.0923291166413356,0.204475535484486,0.513111130202307,1.15997182887295,3.40201958626477,3.31342582873422,3.41177167041218,1.11921693148019,0.389057144966732,0.842385337961488,0.407785407235977,0.186151757168663,0.183199047629522,0.25462527017472,0.0899151865289703,0.107187279356783,0.183946429764822,0.129730907323723,0.0723226006011227,0.0873100695518461,0.0936956146777876,0.120677398599583,0.0842350776119324,0.213741935675119,0.214092651041178,0.125793393056977,0.217581009095606,0.0865861014774392,0.103782986994295,1.00965816441396,1.51072989786587,3.79102873777042,5.59439313315591,5.16435410744048,6.32045614455195,2.41250148333512
NA,NA,NA,NA,5.60322337453894,2.46249776285646,2.18471151300662,1.82524598659882,1.41880985044573,1.4103713411514,1.10332056373817,0.701474127183462,0.486296348695754,1.44897188680374,4.9991640472488,6.80059058061685,1.97341271267119,0.917466168995096,1.93581673021422,3.42997632921983,2.23717705840023,2.30429421165211,2.8525070251329,1.70643993672166,0.969621265687509,1.49706688443212,1.5103043465714,0.479291056667542,0.25558098911796,0.63952123621293,0.722885708005525,0.238132449168971,0.198655853466116,0.429989805073932,0.587040719594741,0.231718887126274,0.175243981281691,0.70418570761357,0.491008985650715,0.454114691722456,0.93058602843133,1.58801911026959,1.94591320322034,3.83150244748944,3.28797045110625,2.12557814709797,3.52287064334406,11.4075109832468,4.90653799024764,2.08314502522105,NA,25.5821147379016,21.0205253149914,2.26482974912983,2.22721214903025,4.11096846012719,7.2494412153852,1.69767022592003,1.30766461821951,1.39178201417446,1.24636231092572,1.32379632477202,0.758315857288469,0.538964703943369,0.761351431151689,0.514762678297836,0.148597853744239,0.124018037464771,0.0678472254960762,0.126001971615555,0.189482784703128,0.201688182911727,0.126213719895581,0.0373623279673734,0.315742791975827,0.51384103801638,0.275208223424391,0.180476422994034,0.754431975402448,1.14149231505836,0.467836590274895,0.476167337688046,0.553644941536517,0.682424388645586,0.454937139046393,1.30872160380531,2.76635079824655,2.34065584967365,0.892937160430105,0.680159394305585,1.41219342460919,1.31277705955843,0.77983627574576,0.898669525080811,1.50019853927691,1.51847312135324,1.33021116657765,2.13555257277771,1.1512540937698,0.960104783240503,0.464314748261141,0.35480126534156,0.30678274204685,0.207999962451684,0.123673316381782,0.146122969491882,0.078922445799207,0.0182710929923767,0.146716708967298,0.364445083206245,0.283325122689201,0.100072008439112,0.129209073877714,0.6994734574561,1.02983521171544,0.522641925421345,0.74331304989714,4.56688101418117,10.7377385177997,NA,NA,28.8284014040625,7.31718333918986,7.98394819266796,6.24897098579322,5.61679467929806,3.40690520748265,1.67089129833048,1.57580582207573,1.4316124773912,0.348503306762713,0.207473883691867,0.934266674348609,0.533323428931688,0.325121703641155,0.708457806514238,1.01065963998039,1.09788019689759,0.506393594380489,0.649442111376228,0.805558471844899,0.919571677849528,0.921280656882703,1.10804188137139,1.68288586905183,1.37768721332341,1.83101855515997,2.70673243418789,3.28650386317521,4.47462099673858,2.84413516078332
2.17709847312051,1.79987388897879,1.24187834038243,3.52988044530598,1.74179380604153,1.93843404715953,3.43257496629107,1.92100505016629,1.76041515482355,2.79127717356162,2.5553122888986,2.7556977776254,4.27091139392849,2.10812635938289,2.01432565048222,2.7253742214526,3.93070953469214,NA,NA,4.99357703544062,5.95993404584847,5.45343903558261,1.83108368416494,0.683734458210422,2.00394841251224,3.41169187678349,1.85680504336725,0.468993358899835,1.46473177224951,3.25945432975698,2.00178230149948,0.252444819337677,0.783706325480097,2.11481982959043,1.78226976885864,0.233794312769218,0.27090658138946,0.93600905800936,1.61318594899766,2.31654253095151,1.82977064294339,1.27952228252084,1.33783238312514,6.68277157368391,8.0395463663101,7.15986322560452,31.302783359769,4.83169960919429,2.8798210480848,2.21406344649492,2.26613452316785,3.98342981098482,2.37377931431449,1.19656740063335,3.09998806790656,6.0089863626928,4.41620065273983,3.35029727879235,3.10128046350682,3.1658804303853,2.09968831156639,0.967530944111584,0.591893652602163,0.223524559558221,0.622339505483991,0.587263374651647,0.410796593889531,0.35126193076255,0.384910844506603,0.260239228912552,0.506192512368064,0.460430535672876,0.121606905441469,0.554297580236026,0.668779280181731,1.62357311544728,4.57568154276356,1.31699980658919,5.18455430415338,6.51961990956179,5.39133681697763,6.96871644984993,9.55910058342455,8.71306236026469,3.06376737068703,0.467629092132136,0.217359586586324,1.88405463167913,1.18049530383351,0.36641401002863,0.437529668054589,0.594951056088438,0.804431094186242,0.952409062360868,1.17931662556707,0.691972454397462,1.43038473067094,1.69471536171003,1.35984265087406,0.907280444996917,0.902909968872922,0.561062748233593,0.214633904232209,0.21080202828509,0.841251441790783,0.734263090452829,0.188770348589647,0.905670114172909,1.20250666885339,0.375514664179217,0.503101258477537,0.597333621938603,0.203843897983841,0.158041132733748,0.338189951795216,0.40692031086372,0.582435344478296,0.0653492151434918,0.336253175996474,4.5912572247713,12.0350473722038,9.6578933558195,1.80009389101487,0.626572748721071,0.181035386453111,0.0980963683201742,0.231505300510249,0.0863971033668022,0.309203786715112,0.494309102438937,0.173357680199443,0.388044998115081,0.163626118251098,0.304158977194914,0.955115488089562,0.902050833877538,2.01634846932438,2.36719549058375,3.95333539738602,5.11026007338991,5.68508116262905,6.2776716043245,5.85202738602704,8.53238476426056,3.95130535327813,3.42753956786494,10.5475104978954,NA,NA,NA,NA
3.32178621794437,3.04658036406476,2.83254482250553,2.83149868762271,2.31607272001351,1.82180182719849,1.88140389127957,1.79577162099098,2.14071689215243,1.94977386668808,2.1275484495666,2.29089369807485,2.48271119581432,1.88178617241989,1.6139449953162,1.69225923893934,1.49330584872443,NA,NA,3.22763142072055,2.84775469692511,3.33802022057605,2.29360166437112,0.604452907711978,1.7385485974924,3.03293308142598,1.78285384304476,0.249964527380039,1.31954407432818,2.55413072383079,1.41556081591783,0.185102921700088,0.351581650514033,1.06093385933317,1.06780984538328,0.430314110289755,0.399349043003004,0.820783549342332,0.345435000280724,1.57289846380193,2.20886865939236,1.71781518907054,2.27997149525319,10.054950579914,9.22395962733531,7.43925776419685,32.4451616864805,10.7119734902661,2.04658510970406,0.761866593052658,1.81614226185727,3.38390867767527,2.81287890568096,2.20425876285304,3.98349686393156,7.41596943863553,5.80087313317029,3.96891546236379,4.28492116241729,4.66284117976214,3.30402159304512,2.35700666003223,2.55665288592712,2.06382482883913,1.4932345086037,1.28956193862683,0.26900072639071,0.606978342843445,0.534302749726481,0.201192709476899,0.00880622370521955,0.0189524971614045,0.295673466950818,0.373628975775168,0.432456520047792,1.82855351829458,2.14753579541103,0.822305466275931,2.65784254275836,7.50439473710051,3.08756960074455,7.65928824455974,11.9384369778501,13.4562302439387,6.13849137843346,0.249480317040821,2.2046473460148,3.42517907516127,1.45421831434831,0.335078935583791,1.45427062294367,2.54455117014408,1.52428018797187,1.23195671994195,2.51172302383201,2.71987805374733,2.74017340569684,1.74708205284471,1.58744884113525,1.5224925365975,2.87518705208701,1.31217330798465,0.860603622045386,0.648905977101134,0.793550385117048,0.246523098412278,0.0553362473034942,0.237674235573662,0.567215000930353,0.500424600555768,0.10925652087582,0.00799169251146346,0.0754188229212978,0.158169170732269,0.0687846316230559,0.147594121286107,0.31189971395737,0.207004005200762,1.35357020463303,5.44294558144684,14.9218328030575,10.0514430446318,1.96948344603743,0.315357847450355,0.271276903571684,0.129260137026002,0.304568764696756,0.100990141978338,0.143210495518013,0.152213258054543,0.101078396764835,0.0792139129070662,0.227821625106102,0.701311195802896,1.00195702787799,1.12177544349073,1.57430761374393,2.14530290373196,3.51659800527064,4.5753395831832,5.77221670926633,6.22788689044489,6.70986239073691,6.080731364998,2.23702106226862,1.66187233581442,17.0545833987429,NA,NA,NA,NA
6.04139185870164,2.67463948184515,2.05496748457882,2.40462887850353,4.30658472399583,4.46807142146482,2.79899101541021,4.20043545537964,6.1791563099033,3.78267472212666,2.74619594383345,4.81000704508547,4.62942809944436,1.61058373957184,1.06946884460571,1.62812416360287,0.817136845520586,NA,NA,3.9551795869284,2.34988177678058,1.99100635601199,1.44286803358611,0.496647109550352,1.42113731657333,3.15366604692771,1.72812440284605,0.234325966591721,1.17168832494567,2.54636152689853,1.50962052209014,0.23674584376212,0.550986498979465,1.02613881438737,0.947958173952024,0.257199753894757,0.260841260912413,0.837390495165004,0.666664374359527,2.19658661961638,3.11615694247478,1.05402554377262,1.2687170008029,8.49549540939488,9.62532754615939,6.28696226439469,27.1169612203204,5.4990880436333,3.25663022568067,2.13657763063791,3.40463058228716,4.8309216084285,3.71324366094478,3.68377060964069,5.64346985490776,8.09250587227408,5.59670370656869,5.28089371930074,5.04747685127588,4.76318990521701,4.04341605815029,2.60328280079063,1.93295917730027,1.41018506917247,1.6320191462937,1.32956388653258,0.321181475966725,0.352856925185342,0.260883325332911,0.135745657341623,0.0479520611615961,0.0532160362159599,0.23895337923345,0.0771983323907426,0.591666971893294,2.6361377903019,1.70796161005447,0.314605242727661,1.62016567795585,6.13575863558556,2.04042489166501,8.64413687727539,11.6151118251663,12.3338411001777,5.98395801478476,0.526169720319924,2.55079404845506,3.18161953800822,1.1898570400923,0.298423202487764,1.59609974242397,2.4062285450237,1.28364426199189,1.43473199015755,3.03826763057196,3.05734250500279,2.76426545370854,2.53681334429586,1.93255610808543,1.54955905113631,2.85455320742557,1.42310227981431,0.666579182390675,0.50128097137653,0.661564736064015,0.266430511033981,0.0235794806166717,0.24635780238971,0.570727043446232,0.450487570474576,0.184008936406286,0.0270819411017671,0.07716814537234,0.251670938390278,0.274367570122392,0.5004070781982,1.01246689101809,0.831604169838986,2.04475982506573,7.79707574897516,15.2403589476665,11.4948235783278,2.68179121361668,0.211739929345758,0.678978418783916,0.550274327657057,0.78711866599863,0.238539967025576,0.384004043734219,0.458838458838118,0.267987174022911,0.192966482177754,0.198636102668466,0.993041304486799,1.43134898245036,1.05508317747551,1.67925407452769,2.34208195430906,3.51343348330368,4.47040415820152,6.52025516078387,6.52796686777755,6.15250320565346,6.97827550113667,2.2743281792992,1.46900783880868,15.4573568510845,NA,NA,NA,NA
14.4628427830339,3.1005765310433,2.6133906678542,2.87465751639341,5.99265782203662,5.69000126012435,2.7243388976964,3.20244592125794,5.25277804938233,3.51952839320918,2.498807305961,3.51085303567201,2.80244370083915,2.02937244718407,1.94156067149121,1.8524561266536,0.420085547092285,NA,NA,4.23193467241735,2.33571080338769,0.764780727251065,0.892949921041485,0.457270394111921,1.19370756062699,2.33396748201502,1.62435054495836,0.226448597757398,1.0924962901035,1.97361376446351,1.13214830214509,0.526024342695764,0.926292519964248,1.39612673223589,1.06401238757716,0.116992426813736,0.183487096374975,0.615482041881704,0.957207246375364,2.40523847055675,2.09933149054208,1.00139112754525,0.93705138347977,4.92134214336049,7.24639902790592,8.33966993049877,27.7963509757472,5.62687106157037,2.21821260778359,2.08267342938379,3.14530515623037,3.46479249226817,2.5358554103686,1.77422353067705,3.71833438393468,7.00092275785832,5.08079948795223,3.43427317946844,3.34304000367132,3.25787952764194,2.40693938764163,1.57339183352234,1.33149960067348,0.81328688464255,1.13744045610282,1.05670328937121,0.392340317187033,0.293638407280344,0.457483102786989,0.488440817265932,0.685218334209448,0.707937727866311,0.012002745662076,0.426959119687392,1.74898689833081,1.40167257170379,0.136890649616977,0.374570119093364,2.847362808274,8.4528918722296,2.08415026664106,8.07283348850443,10.2504568522628,8.7365499407296,3.3487923698238,0.862666452547043,0.982397543857789,0.587845203867693,0.326178745320997,0.00999894964808477,0.221141748177837,0.16494460326771,0.270262001474573,0.274254262231766,1.96207730341547,1.96346716951398,3.04372834171953,2.11028675457555,1.4679199328438,1.21662328272973,0.955309774014569,0.583621004642222,0.278810756614004,0.244703733444981,0.731636288097771,0.572435915176191,0.157334735019791,0.581716715421216,1.02387734876054,0.540723463826807,0.264874011559118,0.137484911701538,0.0539274916446091,0.227979569246734,0.242702538537441,0.359483049920949,0.7182089105325,0.326279544286477,1.09193566017621,5.12455200401638,14.4448615843572,10.3006519303564,1.73630850520459,0.0625529307856028,0.317772848290538,0.365207013943819,0.355083294378805,0.0364259320187091,0.222984961207063,0.128469267702379,0.0754047221916244,0.0527314660429584,0.34058001438201,0.735560621833901,0.99662913808417,0.898092500547865,2.00077828746692,2.41621923599211,3.01477983437374,4.27298020287048,6.15253086111795,5.95912287361872,5.30400680053845,7.80987811884874,4.43296031566069,4.56306066009691,23.7089879914143,NA,NA,NA,NA
23.7610575133967,6.6748233528651,8.99816696789818,2.20526021038398,5.82497897651156,5.28841762385571,2.75785269737982,3.96926050402385,5.03790371434289,4.1269784605355,2.7050560215646,4.84149887856138,3.70795419219776,0.736384521244332,0.785095548635541,1.22178267886522,1.21477346158887,NA,NA,4.1565789952954,1.60295446650693,0.719979474772546,3.20217067481055,0.732241577691258,1.70102765352161,2.14073203526395,1.35388972927341,0.518590354900391,1.30810677559999,2.56017894428713,1.87888342262959,0.162825125384722,0.827564758878099,2.31180053134002,0.990365097156561,0.233428805300246,0.205011985310497,0.527533815636129,0.775877248315703,2.14239880942783,4.13610326782112,1.34880760021273,0.73890892265007,2.66740410889137,7.42665465692463,9.66502804475832,19.8426564221037,5.31951505187048,7.07926790871184,5.91232226681134,5.38581960898309,5.70967281028061,3.26382715207384,2.84711588462358,7.41983585218701,12.8639659030501,8.68003916902499,5.33227201328953,3.21566799577471,4.20567716368613,4.74605043688259,3.47901127459308,1.6620102513176,1.76945538007082,1.39861883633685,0.607291850466287,1.18239994508794,0.61903654717866,0.409134083857355,4.01324603978224,0.811170311513338,0.216245105471431,1.78692308277909,1.38002727430146,1.17017929271781,3.99086040392867,5.87658561489717,2.01881340398093,4.46651120251872,4.04349327376088,3.03226429982065,8.16695095986232,10.6237987294152,8.12686798780876,3.3614794106313,1.36630120819397,2.03052536626512,1.95195403617846,0.691272199250426,0.277462043153485,0.673982123184635,0.100655063003213,0.495913287623883,0.975353548188381,1.49230595117324,3.69747765151503,2.38886255990306,1.23568270602873,1.26787020757288,1.3006355966363,0.929740350567536,1.00160258418954,0.658850575456526,0.668277819412891,1.20107705612252,0.508123810669193,0.275066705661658,0.340817306566517,0.266635351857367,0.468245423665822,0.292482091911016,0.210504193992307,0.814716065888057,0.411665698192713,1.09523230637881,0.681962650308758,0.8010391127495,2.44444166566771,2.62368992885978,7.11246545838266,17.1195135577052,11.7567660477484,3.80241986588618,0.439597236263406,0.923806980162282,0.878005886368265,1.8165437712975,1.42939653117528,1.35288666072578,0.550347543022237,0.628872874294449,0.309072260407205,0.494845261836402,1.21957125932626,0.9341532046359,0.390326466961805,1.83137243344105,2.64021159762105,3.30560831054148,5.86608841508435,3.85259242155812,4.07346382851093,5.52635435167939,2.47080038764522,1.43723765816172,3.26886062532015,34.0160606418405,NA,NA,NA,NA
2.53163307953482,2.79185587591973,3.8154876346504,3.46991793209558,3.29387906970496,1.65995712310546,1.72837874720281,1.97871117989144,1.56057170287681,1.69395774479827,1.77771105503599,2.61244065484041,1.73828769043392,2.17876352016163,1.82625029404974,2.0731585917262,1.63792690424552,NA,NA,2.85680963367924,2.07734580268543,3.43077879458085,2.5395085709917,0.20114904443719,1.19513410634757,3.5390816849854,2.47718125779099,0.236211407031902,1.49652923679436,2.72645513574458,1.50433159322936,0.11365845055322,0.559112435912432,0.972837224047897,0.801981659385005,0.262476494247593,0.404383906471373,0.684559219293654,0.297772934472396,1.8209141213662,2.79659573209799,0.90793126454531,2.12713963342899,9.69331660641157,9.39473361847159,7.87254977665867,30.4193590749641,10.0990869655887,2.12142856457693,0.435328411497601,2.69253531526565,4.63794626019853,3.80518461854944,2.14729873420572,3.47107662200935,7.57758871525982,5.98836829395507,4.60762934090037,5.11881264839119,4.7694736616075,3.40761675958542,2.59992697937695,2.77443061768452,1.80774188262402,2.0874201485642,1.94695804915951,0.375195758534947,0.557871022676897,0.532652044674082,0.180824156011944,0.12765241279664,0.215639947458797,0.435052585044793,0.236436101374005,0.841781343371471,2.60826981418795,2.61686792032114,0.865445284119549,1.41512879252701,8.01455896063956,3.64116277790804,7.66840123167667,11.6841593625459,14.0589243965156,7.29855105927196,0.373702875124824,2.40454232893258,3.60171182940535,1.52932871124637,0.534740370718488,2.63733008757631,3.60931562716826,1.80035958874905,1.60457871562286,3.50939202363403,3.10337489295651,2.99765326982886,2.08335522943217,1.48116827359368,1.29670976762264,3.54836395719501,1.6779746209152,0.788455856930962,0.803407653165158,0.938819956633959,0.471833650226434,0.059134256602644,0.305306193997957,0.568832634541093,0.456220246242423,0.228508846942364,0.0538611595972624,0.0214230691769622,0.115614472744514,0.109185094671091,0.271222018120213,0.521666085180311,0.167362242738206,1.58126554286068,5.99867117604876,15.2207996777945,10.9555896432093,2.1933404194692,0.19974206762526,0.342498837573771,0.390501356519496,0.566012911220039,0.0417116853433824,0.162416923291894,0.27990811228315,0.0585140080889182,0.100986924495164,0.209331856930738,0.779938505249872,1.44538681056378,1.17745329741278,1.37029637157322,2.11585536686648,3.71238777061876,4.34177431936026,5.12634991772554,6.32799796949604,6.4888323047364,5.28295825171404,1.44772255555969,2.07633275011403,17.6946032999613,NA,NA,NA,NA
10.8374227085312,10.4397881377144,5.02864076686676,4.70092863925634,0.783049197184787,2.07625433851681,3.82608226645539,1.5716099940817,0.8806729864252,1.57996990514296,1.93965123671645,0.765468705549799,0.929076308710701,0.467243777653106,0.525801100374242,1.05491776458757,1.7537501300929,NA,NA,6.93450843253227,2.58808272509352,1.85960095927424,1.77612224654667,0.939933452550891,0.990419541326047,1.48927339238781,0.946694316170485,0.183253704458848,0.802090913958133,2.418091744222,2.57774073902029,1.34378871298895,2.026958049,3.44048538373387,3.17541248212314,0.997849764928038,0.991304815984159,1.1249554125363,1.19768430530109,2.98454305876988,4.07983457524121,2.2985029015152,0.826354291725359,0.77606293218491,5.15356368149263,11.5767561666358,40.5415854662123,10.1278679093764,0.896967400181063,6.70388667722705,7.8945020086154,7.88712634920571,5.01257894435377,3.45660775271154,3.15794042787983,5.03984304907721,2.28994688146896,1.90744121210955,1.74912550086036,1.23166297157253,1.21045760143534,1.37316196519298,1.08228863872809,0.486171693568118,1.05016204977036,1.3580743181766,0.78856131375098,0.752849501915439,0.29339780273154,0.188496783012375,1.07062639358651,0.585919988006052,0.819610780219896,1.49080614806757,0.881067719618481,3.03713153716746,3.90838727327191,1.37717592889558,2.25206410227818,9.08115522032569,2.3033692562714,3.87881554790312,10.5592703235083,11.4655443622701,4.27606565170419,0.668960078778619,0.527125739484329,0.256912897235024,0.0689599119018637,0.199669568264755,0.126869296760882,0.156966976514968,0.140311145753454,1.19194069789279,4.67558568506897,4.35250693767031,3.09914796196398,2.23373388600119,0.460217240456011,1.40720539747517,0.710650943838394,0.0507154956969447,0.108465762664933,0.00626851995559091,0.180430597396155,0.0848339884181613,0.143935731896243,0.151975515043471,0.133232452885478,0.31546485826737,0.766585870019537,0.140796422882192,0.0881954741335978,0.366925232828241,0.27927459052584,0.392748728235484,0.885100121049384,1.06835783481452,2.84795701307742,4.16693565274812,33.440875838368,5.39704632731512,1.36027455280641,1.45698587082831,1.60508135390207,1.01175229546647,0.792552009173547,0.957467509621914,1.78481766632076,1.29095411158301,0.771842348960179,0.772964727869555,0.452692557137897,0.172733160030396,0.289592590460555,0.170176441292157,1.01835031791739,1.72412813729444,2.80587303538977,4.34799910714727,6.70184024786959,8.09111894963128,11.1449147549324,18.1970490299113,26.4249279340277,22.1517955669112,19.7589335460777,NA,NA,NA,NA
3.77827615163558,7.86498682914117,4.13155904490381,5.73541120297049,2.1587050728743,1.18415239985711,4.85938899478068,2.16143556447976,1.13287795802215,3.3667383271376,4.60959904326155,1.04184210309595,1.59723679715314,3.13724029601529,2.59949353744498,2.68324180442717,1.41175987634469,NA,NA,5.23559751968131,0.845917301242496,2.66272080287351,2.0265632514114,0.772425832063529,0.607008712497905,0.859029653216623,0.457377017140081,0.0457774228318501,0.296531856037792,1.43233715427831,1.33667435899425,0.28711569461015,0.428721537710797,1.01178533633736,0.802389765061683,0.0113905780050619,0.0423366015355153,0.0426490329482112,0.0679256690066887,1.62263547808714,4.79930970532279,3.42633247370657,1.79584557912109,2.98942449711649,9.50381885068458,9.0952858946009,37.3298110322534,3.89315415031525,2.40201492925974,5.11448183538873,7.54488784861822,8.1454689771179,6.5739526762455,4.41751429860698,5.29698758817674,7.89668880053542,5.46563218705616,5.27179709422176,4.66952501005447,3.8172509167193,3.31623296304742,3.29501081073595,2.24185637175887,1.16638969602548,1.69824972695155,2.28697592021253,1.12964205080208,0.570071203630866,1.23681346714037,1.33960619266991,1.71145847812055,1.79435261014069,3.76854320998713,4.52632791108962,3.024844303613,4.98829282039377,6.29712485690982,1.84572170260771,1.11001800521658,12.1154662805281,1.98837100679972,8.05484339675658,15.0159335971631,20.2774608991788,10.3648274870535,0.653238452114987,3.94401460119393,3.93904904255085,0.818314969326827,0.292001354336958,0.721466842059706,1.69739749198751,0.732580998262694,0.743553334346615,1.53781322466226,2.62179490958694,2.04751259976425,2.23573722307757,2.34928805294713,2.92736406110353,3.91753144376868,1.34607682999289,0.486451256655507,0.589125679351271,0.572727191855971,0.0427011189300835,0.361615904672058,0.4827178425113,0.0356113246519093,0.251420287001355,0.491653459832766,0.290296665295249,0.203552693959288,0.717057803094772,0.850923167260349,0.261621755884164,0.28272567532843,0.272410015808807,1.57702053745433,5.69426463266924,16.8286021371903,12.2924513472997,3.22976284802453,0.577638410814398,0.45791025199821,0.187716592301194,0.504792747615576,0.167376933906731,0.220389795345969,0.396344666792827,0.761179440533706,0.60745201285873,0.440251123646148,0.570658502084431,1.01679067763898,1.0904736793056,0.828303799276846,1.38900433716062,3.01777952757012,3.40638261634626,4.59745030781127,5.61880024774936,6.35606237730973,5.74882259353144,3.38055755572757,2.3084627330043,16.1348416603082,NA,NA,NA,NA
9.90751158331768,9.97456008375022,6.67696173508169,5.24785649502433,3.51187704902729,4.0418211768739,5.2464264160434,2.90258914511314,2.27650690867754,2.56063146065343,2.41446455347836,0.644439713299796,0.787380976244243,0.563517293127884,0.525092982642496,0.333972603869055,0.487834271834687,NA,NA,5.64725699495312,1.14611314635379,1.95842950124046,1.0687282150147,0.271881064396934,0.64773426950921,1.65771960094823,0.965969780371232,0.0163319604631801,0.681043445099221,2.24322929355302,1.6207266928887,0.286338729831217,0.696097300715267,1.46327588076438,1.16163836262585,0.190911836335085,0.258842597171276,0.709012093195496,0.664644434549996,2.15321160678002,2.62131713899544,2.11561816196499,1.69859892532625,3.18314362701922,8.94446199713325,10.9907648691179,32.0584895906893,2.52241044336035,3.87118860658323,5.11845551997388,6.28158016233336,5.12246055383386,6.70628552912195,5.34031937716582,5.61131280943256,6.62435666577188,4.18262213330514,4.71211028464398,4.36223185337307,3.32708313961563,2.54654826329815,2.38674325094954,1.65717377697654,1.06606778328224,1.29935353158983,1.33350545148814,0.678579552593605,0.471503882055167,1.00931632270478,1.16436850340775,0.453910848048944,1.19576211522809,2.33662335977535,2.30734438304124,2.40357949667688,3.14185982167775,2.16770772446876,0.529304483366403,0.756063608789394,11.7406324322669,2.26143011678515,7.88335851004238,16.3483334319346,18.3576097378695,7.96078024865105,0.563902283170588,3.41246855009304,3.52095557065979,0.757600163232989,0.172279561159542,0.604215718008233,0.888470954483656,0.442271683986981,0.364652920663669,0.955897464424969,1.69207354853069,1.41774387579204,1.15763789051517,1.16060352740581,1.93796069850094,2.81227517643783,0.87271239377091,0.154513323881965,0.163447093127497,0.146575393438668,0.253959887790946,0.0819487525565927,0.0401748379821353,0.169927063325339,0.652720807245331,0.749472132095379,0.177953934623604,0.0691084848778754,0.479300918224305,0.517064800478412,0.171758173073402,0.328126143977879,0.256869068925462,1.07852623674824,5.14340621762886,16.6177882510901,11.9305094016334,2.13718987215689,0.652176006267527,0.408467057159827,0.682829557650782,0.980060424145724,0.494867979550831,0.804867128454111,0.683894455880141,0.930263427058589,0.712361424072372,0.459794005892136,0.362341246516543,1.15981872838618,0.243991295635931,0.389261191656316,1.80177712460859,3.35803422178668,3.66444413327489,6.170524553146,8.47226414635518,7.92046986653253,7.89396419522182,3.27933375111612,1.82069085207163,13.9980095554276,NA,NA,NA,NA
3.84372975871341,2.16285610605404,2.87579459621287,2.88521007794817,2.53755221819547,1.73021998394501,1.22574479343704,2.19678780596311,1.53794623641739,1.0149296568974,2.30796777479346,1.70126592754068,1.66703437025495,1.40139732248192,2.3170789617746,5.46229736825536,5.63569839969684,1.52281440379305,5.03290907743011,1.8501546512587,4.71516836614756,2.53596279329608,0.618419565368729,0.384094393880682,1.30768530412361,1.74247651456441,1.04005767342775,0.132635848038464,0.58985142045365,2.29542307047443,2.38388891632988,0.777133587625936,1.04511486937257,3.29250595976965,3.74449191244865,0.871341646506076,0.366329710214413,1.66621522342866,0.839519352428829,2.82696403014625,4.65102519618097,0.680484432233748,0.643994796284092,9.26588100035205,17.4330256222653,10.4995786490838,33.3858629245235,11.2255592691345,9.28679873568903,46.7260846068906,NA,NA,NA,NA,NA,8.41316022503632,6.61086063323092,4.58305282990887,5.89513298345196,5.73313345124417,2.87046848112418,2.34232229572775,1.75236386741353,0.729020132933075,0.71644718920257,1.05077463773865,1.23283990557883,0.735671626599705,0.613805550627557,0.271382165705789,0.580355680650801,1.396385616389,1.21802081776169,0.310839138317096,0.85284705288614,2.72054361299514,3.17970995270625,1.54983952306677,2.65587543529312,10.417425402318,1.20691199734567,5.1658031387338,6.99692731795063,8.43214520819476,6.03525301978678,2.23918758966717,1.06076988352854,0.717060766585421,0.337241815308824,0.709883042831465,0.609450136994897,0.58328252546479,0.63652556912763,3.54720144458458,6.86134394672416,5.8586714421808,4.62773221887665,5.44448169055293,1.14634006378906,0.950555220400265,0.699310610544184,0.630958434804577,0.618485400605333,0.657743724038815,0.877711457865064,0.326452398466819,0.172445884136958,0.366472314559465,0.431003165721314,0.558389218403068,0.74785432059596,0.580924304056015,0.439371388265263,0.430143357922633,0.540312721960652,0.398375149422726,0.547920336489979,0.372446819871783,0.680162068135556,1.64186581933146,3.01482572110004,2.24018801194694,0.575779121803337,0.290011960396876,0.33753584151088,0.0572898279858932,0.0383939827555942,0.0928322222957909,0.0888610213151684,0.0851121294506807,0.189191744150707,0.37261941798833,0.270998992782262,0.24672829205781,0.850310438587887,1.12050515523374,0.949687805692645,1.59290205228439,2.72333636386004,4.13239894219728,6.2950954016041,5.52002144007791,5.45379829643163,11.2025557608762,6.0673519917269,1.73335402536123,5.14254916060665,NA,NA,NA,NA
3.23122466866966,0.999829570910211,1.78018495401281,2.55506899929507,1.72250503157629,1.89352313608017,1.8904535399591,2.85475882912473,2.75656095299318,1.51525983727961,2.80784280835798,3.27169634558458,3.15847779641024,2.27363717584577,4.25708543187999,6.72604613386048,7.51555864191472,3.49358907308424,0.189588778875788,3.22424350190808,3.92477997419807,2.44891437393723,0.61440417776692,0.634662476273761,0.807617792291285,1.32148452808591,0.878730609889064,0.152598804904026,0.130347031912147,1.07602690037963,1.57340035283464,1.02946930796812,1.09039515064681,2.6327331731669,3.42230650728186,0.863847179603953,0.380869605381576,1.66505768952849,0.978060011495857,2.56450765997754,2.51347913132422,0.569257408424245,0.293188379800917,8.00199951757183,18.3196482508047,15.3581513999361,44.1660979453735,15.8675600374833,8.3446721190948,24.7893954424092,NA,NA,NA,NA,NA,13.222728477232,6.36581602351867,2.75587768684102,3.61417151473648,4.69822216277744,1.84390098398031,0.635891263389418,0.863873032518519,0.346702823419976,0.301863568982197,0.354284256402071,0.425732147611168,0.583199569242626,0.321850043764993,0.161198105176532,1.66502177574271,2.34156756957126,1.15202597220579,0.653722365695459,0.929089744833516,3.78039599467435,4.61604645028734,2.51884263096898,2.38479284234531,10.6792962820317,2.04398137817286,7.96487268609629,10.5372086252469,10.8020668980998,8.9488991230541,2.74844795472223,2.17323283673915,1.74500509208191,0.588557738438093,1.01512238377614,1.22686309868937,0.593521029440241,0.709943810178337,5.08661964703569,8.78203599907774,6.48200414340885,4.45064335911224,5.62929153914267,0.766374785328017,0.855353362695451,0.704153793363977,0.314102809391035,0.212588982246985,0.482598667021759,0.651458614951969,0.235427245565758,0.377858770849743,0.370944764748325,0.275530409578207,0.648745974764737,0.939084956037085,0.965043415441881,1.04540457857613,1.10362022648565,1.41002217958124,2.20279785022161,2.23912912444675,1.04416871300708,1.49741564399955,3.02326144046566,3.04898269081697,2.0457218637953,1.08036984526233,0.274079299828922,0.102961140063679,0.296993067531128,0.11615816675656,0.333861219797324,0.581163643394777,0.26873655175632,0.181758200056787,0.198081793845183,0.0584427335228724,0.200631554704254,0.666789415332904,0.712318371871794,0.99880997635281,1.86107213182754,2.20780414862078,3.42237997700539,5.71035859472357,5.8004948266107,5.02668938067041,11.2703558869067,6.23648335512065,2.23022731729256,3.89077671176788,NA,NA,NA,NA
3.98594271316948,1.9405300245396,3.03232757723172,3.11980967583057,2.97731894027667,1.61517343378648,0.758248932019265,1.06060389137821,0.63769531491314,0.714291659985869,1.756197094353,1.02706012106405,1.19964030996001,0.636669552024488,2.23078145265149,3.60901825691929,3.26960763130808,6.04210331825284,2.83067618436108,1.53008644643941,4.93694035674178,6.20391351181537,2.59268070904781,0.358215208941807,2.08399857396114,3.04029090378979,1.13607686839132,0.184374941505391,0.220293563681191,0.236454698247054,0.573807449720731,0.649415405554299,0.376681013415712,0.599967361223745,1.77513172303784,1.34347793507034,0.876512491172145,1.694608259655,1.10598331146927,2.15698709255343,3.2122407681291,0.146965128359372,1.12618128622186,9.35535193698149,11.875649451041,3.28624437280142,NA,19.3205776191107,8.44046923304318,31.767909824876,NA,NA,NA,NA,NA,7.96526247657542,4.75456852046698,0.540809225085951,2.1752644926575,3.60240329126184,1.40660106407801,0.258074000647085,1.23524387807553,0.986988278785419,0.177756495150065,0.15018884337999,0.287023805623418,0.455951011564778,0.428822935422019,0.0079922435137245,0.468190006288692,1.62774077096869,1.46556152706534,0.0299845462383915,1.47450869382775,4.39211404622476,2.71511596178778,0.422681207174046,0.849215630665984,11.5152063126796,0.5452541705774,3.98637973134261,3.49061686768483,4.94712606215291,7.35125813387059,5.32102704237107,3.74588621671754,2.51987115106232,1.00094197933794,2.46666448370743,2.83003434126395,1.75325630341435,1.50997383172288,4.80478746622659,4.60389488590093,1.60225842265189,1.78602091005288,3.2411095543134,0.290921324180067,1.50708207734651,1.52589968129264,0.689774127498385,0.315945023218873,0.617923343779551,0.940246603698064,0.672726121668116,0.390652572948515,0.35148785339279,0.322423231307984,0.66808547304815,0.896274718658878,0.655956152124196,0.716607170256544,0.381069292017277,0.412967315919086,0.356255074548691,0.375852601712209,0.163904947965,0.589013925384607,2.17472579628142,1.93056644025223,1.83061748483228,1.10458151932615,0.681554801833507,0.317516191269553,0.136771728849458,0.00546659176286285,0.0983457690471606,0.021992394636706,0.183376678063186,0.302469310327812,0.58150513758911,0.945741741292051,0.700818702400313,1.31389975342211,2.139822365706,1.94620528672339,2.43993223338744,4.39553375856717,6.01638570606919,6.58137103988371,8.16182814586254,11.0153241274354,7.30141773097648,3.90750637806942,2.91927093581705,9.18050130305632,NA,NA,NA,NA
3.49248626302587,2.07834261476926,3.06796727093931,2.40829799664201,2.06782988551136,1.46277618012675,0.406567218227348,0.752975085645074,0.47988493911193,0.31753597282637,1.04152711483586,0.545461861544549,0.688222147108926,0.297143828593896,1.39815432744774,2.66544631777072,2.67639177688404,4.53052764419555,4.62439513973481,1.05917721206369,4.08369248494205,6.12557037053305,2.56632720129452,0.162862286481179,2.21934817381823,3.20186993762599,1.10326200803035,0.349897565010234,0.26767880553761,0.1810685520723,0.437604609623688,1.00981064221038,0.60567477853508,0.767954920162304,1.83408149797522,1.64037512779623,1.38086452473809,2.56458742038528,1.67237587730116,2.81395168903,3.87254625757487,0.2795771338771,1.92523470015055,11.8045715136271,11.8934729981421,3.76730130969581,NA,17.8551867745001,8.46540862581146,31.8354361583175,NA,NA,NA,NA,NA,7.35116024860114,5.88661638955823,0.507627978447315,3.05025070923987,4.2178283531523,1.26527927650323,0.362963773545655,1.45926768708828,1.19365433052162,0.224479413152082,0.0912031005314595,0.41770196459484,0.619682112136053,0.407914987631831,0.0308545132488461,0.642006958360604,1.68865103354492,1.14820212112946,0.0141579704459419,1.10018719356781,3.50322194566442,2.65050147346138,0.745530181138496,1.9975495089852,11.2765677965742,0.481545437127253,2.1645236271321,3.15410828336019,4.32826330583377,6.9660733361305,5.92517443602351,4.2136763032971,3.02412029018966,1.27518294213974,2.71187657261184,2.76790352674455,1.6069529328344,1.47680919490478,4.62415443666272,4.26684538197372,1.63939242684083,1.64651018585771,3.32968776300319,0.304176542749487,1.51753587383727,1.38151695474446,0.897025143062326,0.57831990423299,0.641257171558024,0.817601032323237,0.645514199072096,0.682364645481602,0.396685154693473,0.322980661643298,0.610603027916858,0.791207296942676,0.397887364569275,0.415545367980268,0.318557258146805,0.283506644297975,0.346868858863377,0.376579782373698,0.0972322499825259,0.125673020511119,3.56609459376361,0.679212748191177,0.629875804488136,1.29619719377319,0.650213826959166,0.390604208298999,0.123473213922555,0.0763014023271787,0.203903440740966,0.0585585872597606,0.190820097113024,0.451136176688176,0.84587171396569,1.25931447219453,0.967707509931921,1.64686939803406,2.20243538671716,2.2168878250458,2.68296464117377,4.44474246896987,5.81770493214737,6.59333449402334,8.22853245354977,9.5857783340164,8.43097156811218,3.18536800205877,2.40843574740073,7.8565389691883,NA,NA,NA,NA
5.4326040906661,3.0359524975553,4.04017385424884,3.94894199244212,3.29700525035829,1.69346193877219,1.45132060730665,2.55190085729804,1.79544520967449,1.07682866538465,2.46178073355283,2.12014429865997,2.55924561204962,1.12152939218127,2.56384645656483,5.01044497664214,4.46491897787374,7.13196078736445,4.04680939640346,3.00372468177888,8.37935812339199,8.77941259904269,3.54896148156088,0.910082979131677,3.35618651604791,4.25555411460884,1.50359534601306,0.304041630296621,0.240883204531288,0.268756257336307,0.578768200195605,0.917973734046084,0.511488503763206,1.1298508093052,2.00365901873965,0.926756104314079,0.719627676467504,1.02968047474871,0.709942348631455,1.75093186147939,2.70078145719846,0.63286723538206,0.257928230184947,3.75326009410396,7.64780484299743,5.26149933242662,NA,21.4672650048964,8.84325078054864,29.0098237247143,NA,NA,NA,NA,NA,12.2709437406704,4.0962112811388,0.679895594554894,2.02992561955496,2.92901906913248,1.66014542644358,0.221570263355269,0.440044350725789,0.378305897084273,0.109415369456236,0.0723987256387938,0.323979917354065,1.01432471279637,1.24502512041974,0.138497890657191,0.867735475626582,2.26393241387472,1.59812473315652,0.118421988293091,1.28302873260531,4.06285253790092,2.91514283544599,0.910094543369543,2.491360127757,10.3354926551305,1.21190740503329,2.22845487278897,2.72119668161093,3.33878139787093,4.60064236151744,4.94725722798152,2.52401071994073,1.9307741432011,0.884639528501283,1.68842915102329,0.74000639652048,0.392922193734199,0.346674164849405,1.87543759750447,3.54125217397694,2.5341372655352,2.88223167816508,4.44384203020143,0.61652366180876,1.46846151066639,1.21770410721795,0.555525856289609,0.307518753353014,0.64254670570891,0.79038338983188,0.487043679059591,0.546294202115036,0.498912210476735,0.403689432285141,0.618917566355221,0.664471303776585,0.792458805461356,1.04374985105359,0.578192909037539,0.655836786588601,1.36137559043622,1.39789536173501,0.823061944574375,0.866758742406861,2.62981670705259,2.79362097731187,2.20013902673191,1.35082114078092,0.10544885899648,0.0862116710569974,0.0103691311249144,0.0439583495904851,0.044925780046728,0.0459189472702959,0.135307500223822,0.2709855969741,0.364341405816835,0.606065262164961,0.727192732044194,1.24087853983716,2.00310610424366,2.52333266072308,3.14732691655594,5.03361950056483,6.48092640889975,7.76274723847063,8.8180556470097,9.98200920692739,8.0977298264521,6.00643630583722,4.18288213740098,6.77093140763153,NA,NA,NA,NA
7.63176536573739,2.79021741397853,3.46507038299468,2.4552264780537,3.17814611282088,2.14277391854129,1.20593501971482,1.38727677946121,1.32143779858567,0.534384483935361,1.38853536403895,2.43241864934418,2.58159679724611,0.90316013657543,1.92115830799253,5.2853362614465,5.59751234247337,7.96241787753769,3.84826348878689,1.637792790219,5.76900169879374,5.50951537433681,1.56806375626606,0.620642643047189,4.03411051146098,4.84793435934762,1.12750836279598,0.574549578518975,0.676791536944204,0.745267323109378,0.794143032250873,0.85945407239546,0.47114564623473,0.696336575389897,1.35301931833892,1.23370893652353,0.877115872009187,1.82086869080689,1.36110341873995,2.12524886939336,1.46706882129331,0.161214504271836,0.766160704199995,6.83993867670292,6.16933198018915,4.38171455224448,NA,22.64092988303,9.97492663915055,35.0176559273872,NA,NA,NA,NA,NA,5.6710003282729,10.4672534732202,0.254984705848507,2.29698808030432,3.15018436480698,1.64629122143632,0.266023383774853,0.619241519416176,0.488362724411542,0.137593993823439,0.31016720341988,0.464693556450394,0.763269328122258,1.09685144943008,0.103405994212614,0.959641967263392,1.93541895116505,1.41278345854582,0.0278983248515213,1.13309339123033,3.16761007184681,1.66540500149527,0.357532435506833,2.25103960564589,11.2816496516924,0.408446901364823,1.99693754495213,2.76381560527397,2.99538248711402,5.06285593778074,3.4439889447214,1.77760607820831,0.83536409068814,0.56323767745835,0.876277964104262,0.223296554261982,0.31489743491639,0.464273683045826,2.49339775508464,2.86891493435207,3.33236045083715,3.90410561605232,4.06774782904485,0.448426587383175,1.85317881126917,1.74107078104051,0.292345916678481,0.165278663556638,0.425808722391379,0.770271021999829,0.740830623581185,0.483272789620779,0.535118839461607,0.384818048185831,0.82407135976033,0.948023698957643,0.822913874601026,0.945371985391819,0.422753017548366,0.598665888266124,0.477372683459899,0.632808205082831,0.991994438026272,0.951362876802524,1.16193548129436,0.948110514525581,0.74628186771523,0.638729478845884,1.09108036937446,0.441518678380765,0.456336719402578,0.0214767130295002,0.0912730911000208,0.121750371181533,0.078301023160155,0.220792634963311,0.237475487328686,1.42029082763462,1.51407673513074,1.95992156894888,2.11257168795498,1.7077231841978,2.27743398232798,4.69705499526273,6.2396440546841,6.50858345709123,7.64201597712597,7.34889408954754,8.58505139058644,7.12701550849824,5.28137344568523,20.1236177090052,NA,NA,NA,NA
0.701160724833346,9.39823102803875,3.7965202411991,2.08410611390405,1.29263823329293,2.21059556892435,0.860790027091462,1.04320530074037,0.0669879713849742,0.656450229943049,0.366171616107451,1.21450418407886,1.62576665194358,0.456784959488694,2.04050834538299,4.00794655576764,3.82244716985543,4.86526258463849,7.54892445108036,2.14749802974828,6.95019834431871,5.83337803822397,2.94666946892789,1.54587234977813,3.39573277706077,4.80710092131979,1.29168100715052,0.384228099276763,1.48675424108225,1.30892228291719,2.57836862175983,1.12118511804668,1.2218437251071,1.184209780803,1.46542777062053,0.529603640938138,0.681478659727699,1.71226426328161,0.863791863445864,2.11752451417714,2.4056383773933,0.584257508302643,2.01443244329744,4.67960808215438,6.35488827692904,2.75413641324576,NA,17.5078555125877,11.5610033150587,45.6917094335579,NA,NA,NA,NA,NA,18.0014960291505,12.1838817130252,0.785880966663303,1.46582891651038,3.85881415440631,0.985671359789569,0.610943369230594,0.782023888858185,0.492567766075514,0.350880313645177,0.791147017044687,0.515800571003171,0.419871098552366,0.484461517526563,0.457436371770488,0.703547739000785,2.06043313439062,1.38680923893233,1.11362028947527,1.63651583783196,3.94268663982628,1.53583356462088,0.913837136617916,1.30688046398236,12.6610777787566,2.80267097593135,1.13003875116646,3.15884492851664,4.7394968069634,5.46918200869122,3.16717266459222,2.91676396408366,2.61377096632319,1.31286115687691,2.84365802141877,0.229127225186037,0.443903373274477,0.664338034634597,4.6397519398196,8.57861129444133,6.42874762256674,3.30838429387019,3.84979741368023,0.527061907168979,0.936104493403822,1.84259049618823,1.65485453055058,0.929132769282361,0.88520395027878,0.607712240320192,0.189859978582744,0.847865468705399,0.673032336144597,0.306123163090564,1.31235335785936,1.77436643297033,0.634743947772681,1.17450935393628,0.89480829148518,0.759383703976314,0.197766196098401,0.806281853952441,0.527482540349441,0.515159819074041,1.32555216906519,2.53549925490381,2.2864900094149,2.12440828509072,0.554757287056361,0.471239528743215,0.00663570792262176,0.647667464195126,0.375232547915394,0.159355330223862,0.306389757746643,0.226817921631699,0.816096366300263,1.62521672419719,0.601598468056095,1.76518642285244,1.50707877052408,2.17569350370078,3.57902953102686,4.36218707129809,4.27974665193283,6.02954196783411,7.30734234155678,9.18253194105751,8.75210621416111,8.13574119336265,6.06799873097852,8.79046564435081,NA,NA,NA,NA
5.68285097245987,2.23202700980753,3.28591304751639,3.09942563094057,2.50455358498895,1.43410751731406,1.09637352067357,2.46343169607294,1.6734423252765,1.28067781536216,3.35794956395966,4.17620027514538,3.91347934758872,3.42978994288962,4.22630561121727,7.17505641880555,6.85883255349619,1.98048708600939,0.615727953868703,2.01961843581038,3.92384237129474,3.31071853965566,1.15570784962634,0.425968760672407,1.63146577871876,2.85628890951662,1.66295972216307,0.107653225160771,0.429955428741518,1.28657171111042,1.26231315085222,0.479688957515454,0.314038259058475,1.94202060197366,3.43270271715734,1.39146035880817,0.654642076537158,2.57997659589783,1.29095074519152,3.34719053476557,4.79803197706883,0.266593936792004,1.68791515757244,12.9922855313562,21.3714661778717,9.59799057802193,32.9751521382731,13.8178322267872,9.85988791378547,28.6425168110765,NA,NA,NA,NA,NA,13.9764987717256,13.9267110038515,3.97193423415066,6.66636214792358,9.31861368225497,4.02382315256264,2.04009891703057,2.77249885920859,1.72811106292778,1.45544982370474,1.39314390228079,0.642279135203934,0.392997082319362,0.381468905167296,0.424760841761016,0.417570896685735,0.707484784743191,0.592552102554626,0.243049799757604,1.02779067079205,3.4889335058983,3.23350860254359,2.17496163908601,2.64413004581907,10.1422598737514,2.66600715360281,6.96305971444134,13.370733161045,17.3544352086134,11.4209693793373,1.95494015666913,2.64602930463298,2.70121008284872,1.03782423697337,1.03686887143297,1.77609802396157,1.63900553844511,1.1132329476503,2.91026050960666,2.77930469109652,2.48729563859218,2.20400166505995,3.24035992459338,0.602611889139429,0.63535713388736,0.861643581831575,0.384620784730519,0.0705064337579097,0.0810037666465165,0.371852184037433,0.10616546550638,0.175673383874323,0.4070849858588,0.287508514874541,0.573097761322471,0.928797454500277,1.4715487950986,1.65264266664491,1.26071776676464,1.32260288785522,2.46616929034886,2.67119873073986,1.99942969471885,1.93941445754391,4.50839914005445,4.83849992064384,4.03489164871387,2.30008165828485,0.727879596404764,0.620315181497778,1.15006410885438,1.10025446102721,0.344228569551148,0.288777403023033,0.308587121169373,0.619931234422986,1.0337557518696,0.774347569040046,0.512341379690764,1.61145568428064,2.0825674829391,1.67271826021735,2.4403783168064,3.86722006744556,4.55309973699075,5.76429656664035,6.04651146335549,6.29057514853872,6.18743470069006,1.97519450325864,1.16099891753316,5.20732281664551,NA,NA,NA,NA
2.88410398870777,2.03363826449869,2.45541953188793,4.26977024168777,2.71416612098968,1.03437389703886,1.97536305439618,1.91066355149845,1.28515424932054,0.919274755557133,1.99938770210455,1.67149905611371,0.745369905150992,0.797682806754186,1.18140818415789,1.92883036538355,1.16691715986785,2.54793489997579,2.60085878533887,0.117995224947466,0.642743097638235,2.25772466432574,0.764148725268842,0.960930700357178,0.69126304752657,0.216508578223419,0.417971399659415,0.353289001873048,0.464812795984771,0.685910114926351,0.693495871212796,0.640769953967026,0.25714861977536,0.443652899202261,0.657620114306763,0.460938992176732,0.527817268083495,1.4271763452481,0.988665115062946,0.246752222665792,0.210029424762772,0.0674752207561778,0.113747987673327,0.0971140833648789,0.0589276634465996,0.271342522706604,5.11045179830129,NA,0.268003224336838,0.0880171756733402,0.182254970363315,0.306404404386255,0.335750602213426,0.177821972878078,0.171549124097476,0.47615832600934,0.915855832476933,0.0527267917665466,0.627044340078678,1.40358675930402,0.278390611869903,0.21330603067292,0.544557047638489,0.319701345552396,0.132997132327571,0.15710741498483,0.604677311754342,0.683815597933881,0.382420643307886,0.163968650611131,1.3704868967407,1.52401368252896,0.381126340028355,0.347585591325119,2.13311065418934,3.40663788933423,1.96932128093083,0.488722233228303,0.317218082774133,35.1793507708429,19.1750222472921,0.660926476231209,3.18243485423952,2.93173464760744,0.953959296231653,1.34904711823492,6.46413085425508,3.46526859137451,0.142928044415957,0.25324988779365,0.410138343209322,0.412337338545353,0.356130286318379,1.07141412821726,1.12161772821513,1.96650615869763,1.87630670870297,3.24974239344459,4.66299637416791,8.53666849659743,8.46343861114165,3.68028019078268,0.300695952886171,0.404046017140448,0.29577350262315,0.395657810889607,0.134676614806651,0.985018687205258,1.4963349417763,0.616813313885014,0.414709180488111,2.88463807449862,3.87651028770129,3.53783447862237,4.48373053383877,16.5935910556893,59.1927505554725,NA,NA,NA,NA,NA,NA,NA,NA,NA,49.1181648892133,1.58230768862212,0.795953281936227,0.377566485950258,0.311708847997267,0.150309425435705,0.295231994070688,0.204971458246065,0.197094598467138,0.237238637328115,0.781981046640953,0.990702814733092,1.35121438962116,2.49296358736655,4.59285011698752,5.60625898201731,4.8218747905237,8.49043077023486,9.79304470762029,5.03113718646256,NA,NA,NA,NA,NA
25.4094617128608,3.48890224274961,3.47511017657757,1.97777129304316,2.94652495499273,3.58101176274393,1.59945557660935,1.87271995764243,2.61150372082809,3.53893957364433,1.76642331305534,3.83093919658433,4.04347322563258,3.32164144957983,2.58504214040245,5.99428734477964,14.1679489177729,9.27374585815058,12.1986076191127,1.94143860641354,0.59420111348215,0.601139866705858,0.531953756235357,0.561391081514393,0.667490064981998,1.08061399717806,1.06225797999894,1.08066684366398,0.950498819577805,0.786674763639792,0.786619090790573,0.59311963157032,0.585132063982709,0.738177523235489,0.997720341986081,0.728272540585051,0.282681825328237,3.7886884523465,4.26221765966604,1.82483352437431,2.7299800010347,1.14028710646845,0.184520291408874,0.593509127807717,3.19718079111905,4.25541475575558,2.14109952391083,5.07046413103835,NA,NA,20.8315559721816,20.4718259265106,13.2447349548828,1.09535242135209,2.83889342943209,4.56435237062504,2.69361995897128,3.01393790012144,8.34866199543959,6.5522365054798,3.09542624375879,4.89142153381508,6.83444578639446,4.20345481876745,3.19492914609456,2.37748685829207,1.74608481494038,0.895287945956545,1.04886194263833,1.98295930774275,0.455455561455335,0.988444276457132,2.78306118020629,0.403788878467936,1.20969315359641,4.22622114152129,2.3233377401545,1.37894994032312,2.64720301112305,23.647820278599,2.47817350513834,9.59987384322555,28.2749453348779,24.3270955137867,6.33179917128648,11.0419030477986,23.3329285587991,15.3499693217064,2.09635856791727,1.86456480698861,4.12796912152375,2.9281415059173,1.54761991225337,1.21517788461892,1.91829140380731,14.6100916358623,NA,5.86876500434355,1.48498354119424,6.11351881461947,4.25187364437797,4.05376706308138,3.33708002252052,1.91222558825319,3.81050143164691,3.14184000801268,1.23497253770767,3.0295373024819,7.63678458824408,5.7141841909942,1.70090281700729,2.78097314308166,1.75834027326017,1.05878358587,0.648316334835219,0.888376579542623,1.48575079959168,8.64471197732249,16.7802327301155,17.584073626162,NA,NA,12.1544704356502,12.9596474825681,12.6097047733162,9.71674239504475,5.76751749055725,5.30425376712494,6.62242130664773,3.51321609656174,1.91458884034139,2.82771009805981,3.18338593583879,2.11085339442099,2.80322410936353,2.23113390862157,3.21733350500991,2.64403581299296,2.25563854808419,3.49424607484711,4.58982711707681,4.99073684948136,9.41694351830862,NA,NA,NA,NA,NA,NA,NA,NA
NA,2.16782576946523,6.78928387643729,4.07609945082004,3.23946480197331,1.79499954009553,1.24554709909698,2.25711354928288,1.50385386191482,0.145319102851443,0.21274995639567,0.304210034517158,0.633010874666232,1.28683194395941,1.84757004823361,1.5840877707897,3.96979342374622,7.97704479381661,14.4925616647225,NA,NA,NA,NA,7.43384481988776,5.12001089559079,3.52723225287723,3.90039253321234,5.23854031750273,4.65958622616908,3.74823419181729,4.99482968552849,4.75113040504007,4.29857313816717,5.24954686536136,5.44201525625793,1.95786958985858,2.53926712018432,2.26844165226255,1.89400155338262,1.83195476196501,1.98300965871678,2.18277249925069,1.78335926788535,1.81478807740457,3.52836603671077,1.57885033271465,0.423372548844784,NA,NA,9.7657400039078,5.76916703965767,12.060063624592,6.42881273413654,1.07327600323672,6.14573114242864,2.8808218946778,6.54407877354742,5.26242570679295,2.17709115570997,0.657650214045105,1.34483760161049,1.97920633542235,1.75055009810642,0.913333548632696,0.975999626334361,1.28081928240862,0.792057138208919,1.30601755382899,1.40365128086112,1.19653783366123,0.353324613717388,0.6489416760446,1.52128413075275,0.841942525024732,0.525667057635601,1.57454298401361,2.74054046389472,2.30600389401733,1.98196392908616,3.2966185073147,0.670816562485269,0.814394766951359,2.01002228904593,2.60456590371945,1.87544451676002,2.13483287722202,1.887856611131,1.18023733945222,0.610214916096255,1.21401885064016,1.1297757561035,0.71935065735784,0.792418047480217,0.588694164113824,3.19264386621581,12.8872155123961,NA,2.58910343426479,0.812445675435013,1.40813047229165,5.65176800663129,5.07947415205972,1.85497346929098,2.69265658294012,1.99858602430471,0.974001836760183,1.32354446510116,1.86938373286011,2.20383244056733,1.90702093521342,1.8443750225903,2.06704531823694,2.46439836028425,1.84434415005203,3.14198751565421,4.32807631788764,4.12030277827031,4.08634174415957,4.0389817114957,NA,NA,24.327992636375,4.92128855105531,3.51143137057682,NA,12.0451048268682,0.179675024038542,2.87079885933623,4.5980083066289,1.8039311022003,1.31958471080834,5.75953143808064,4.13917586097898,1.01201640727264,2.44045785688786,3.30348063434682,1.49385659557217,1.25581575477909,0.71632967447332,0.844902273327034,0.638358287906179,1.38964792389035,2.14405730210455,2.65488449856594,3.55606962534864,2.28789891512195,NA,NA,NA,NA,NA
2.55633563079107,0.759152731882472,1.41339496334045,1.55765327418899,1.24898919548283,1.22936891673491,0.662094072795013,0.570197466312493,0.492110976119436,0.433355612430142,0.838017548594139,0.659991421006228,0.336052086573029,0.439136156781555,1.08680611775217,0.766794170867701,0.636679019291531,1.18896431831088,0.824978000926745,0.761453622958981,0.785470878119861,0.471712419832562,0.400548791323087,0.0458343378261153,0.897030381360036,1.78985749464564,1.10323283734352,0.213946453623297,0.178489662438036,0.379476560924469,0.763429761171114,0.375435165621445,0.286272331394243,0.384775095640636,1.03901288641137,0.477727272920051,0.27209001129839,1.00425674281934,0.625019707986348,1.65900887904728,3.39479478147577,0.632843842307035,0.125912047982294,5.57315911187197,10.4597604020086,6.90980257617748,NA,19.6736723459572,8.77316191467192,29.6817301320954,NA,NA,NA,NA,NA,10.8011230265291,6.27319575905893,1.52245097254816,2.50554879973737,3.16709902736094,1.22776110632265,0.149994731230663,0.582231970811184,0.576375207985033,0.173318292249539,0.296771683030638,0.436554554789476,0.555788878118541,0.384542786530711,0.387713177668781,0.930873124135383,1.77415446441006,0.993327210997617,0.0686014041431196,0.863518300034799,3.11665714211545,2.70871947030132,1.32664323357369,2.3494352479337,12.4818743297702,0.745801438897014,3.5934698840259,5.10406939509953,5.73196430502133,7.01496861173532,6.57334577651791,2.86421971565734,1.23346409614351,0.62705975901425,2.13480035372546,0.777443556479432,0.565306529569525,0.734217579529597,3.06530823920052,6.29705790108846,5.25345907502889,4.84984338972978,6.08752016932315,1.5636068633118,0.884916131953886,0.833748071822429,0.505697138185073,0.207097082418058,0.522159138984519,0.760498640378584,0.512515016793596,0.0968031583009743,0.201100142290161,0.282159652435299,0.77368739995075,0.830895928050616,1.0238484801796,0.999000799449999,0.541617558126104,0.902307453279165,1.51921047435241,1.39191848350643,1.2204979128744,0.937143186891487,1.30756345743223,2.89752138234366,1.37511763196899,1.20816452107416,0.743861877513156,0.618250486898443,0.724045957668296,0.264200885035196,0.400442121713725,0.232790285297058,0.108909848774273,0.0830579423899599,0.0765233511573257,0.570574706283785,0.559645410319467,1.34084298502266,2.14563738725541,2.65362319556062,2.92337385834612,4.30530204542739,7.01399516040887,8.04118715608289,9.82997336757033,11.6260828288123,9.47156991816324,4.97891277893253,4.00344981844669,4.29079035025844,NA,NA,NA,NA
6.11200419579338,5.33771574159535,2.08354383973363,3.14435763717659,1.15022916604086,0.709137009022977,2.71984100843179,1.66385071518036,0.373984074876198,1.48549088951673,2.99003544029902,2.06999741853894,1.50716370817962,1.66368209854711,1.25247512818,1.2992254432486,1.13907227722105,NA,NA,3.92227706891858,1.72769147926158,0.998827799332527,0.451332596413902,0.485432479788614,1.11772644668147,1.85752104814129,0.955450599623083,0.128225600897295,0.834106368959772,2.07973619340808,1.57629084938484,0.651219237467671,0.914231977649981,1.6689424073207,1.32916102025166,0.24296865907145,0.329725105010088,0.79518105017145,0.947669899835621,2.21295334196302,2.54782856505795,1.33854864813926,0.640567539310175,3.0683918342472,6.61107124956625,9.54950903773713,32.8997469938056,6.95600215895704,1.43147479397816,3.07759615414884,3.26053419206246,4.77309858532011,3.83461248057334,1.66184556849428,4.05839342438672,5.57134090494549,3.34980850732603,3.02494984477384,3.28128475547497,3.05166220156746,2.16858449495327,1.28531401822972,1.01136775089958,0.437534119028578,0.793495483056469,1.25364412183915,1.12175279050996,0.607402553338763,0.848783058574001,0.847875820525565,1.76984596853981,2.18652769283834,0.47901362803104,0.33055609322193,2.16447028267633,4.06626052086985,2.02802966782711,0.546451468027319,1.16397450976428,9.49053293084281,3.02116542210973,3.14696088918238,4.19025379010315,2.95588651151032,1.33589215249859,1.28337961867325,0.79217442786909,0.244580889018165,0.11694864530454,0.0324955863799289,0.109376692826148,0.0314412711715539,0.15779199287596,0.389901223877469,1.62060806468337,1.71039037936602,2.84302135221695,2.70923372955243,1.22574937247656,0.838279259748114,0.253539413942541,0.224780022672014,0.245769613458068,0.191749023327784,0.221006919627533,0.43097310028315,0.177907330492469,0.287798325044538,0.628628373120001,0.485054922859098,0.0752730755741631,0.0488869285393002,0.0815948172376765,0.129891750828299,0.0773752289209374,0.0676617524259114,0.0987470141279146,0.0241717756757467,0.835444860152934,3.6932676495851,13.6442612846985,8.33417569934709,1.07203156886476,0.89962975715578,0.29211631191647,0.163418617051392,0.281671213142054,0.180970936138263,0.167864865994211,0.179687242480452,0.127894224754657,0.0990121809690747,0.399198723957023,1.01014957504764,1.20252524217693,0.909116979508227,1.49223721434634,2.17561087626744,3.50236907062707,4.75266839071663,6.46275377807943,5.98686257291395,5.42270514146086,7.31031931149028,5.2231303256677,1.89592258940721,4.67829704930015,NA,NA,NA,NA
2.71629054068251,2.93002896988569,0.800340620808667,2.29533917398129,0.76120923267228,0.490356462957377,1.85001266562513,1.0159471210092,0.380805219999315,1.43969818247821,2.31200620393639,1.44210299214054,2.05154156074014,2.94380589602366,3.03670095058498,4.16299500136983,5.42201657970098,NA,NA,3.51006078846896,2.29814572365373,6.89445456115956,1.69607149415449,0.533176972277961,1.07227792912716,2.75348568351068,1.89226855218568,0.335287692589938,0.86248970383538,1.72319542369583,1.09049811780583,0.385744443705967,0.560016810816372,1.03322766543691,0.83123599968334,0.197247162689402,0.322088407470375,0.893494256898904,0.990598074259532,1.8774710739622,1.20230067057096,1.61537531981089,2.16360671537202,8.78043374837085,6.57801195708559,8.25466194606131,34.0734020670518,12.7387814988815,1.05446955692498,0.421547812722187,0.52514296692875,1.71966216505442,1.46092675436805,0.921388025090775,2.11223821276216,4.14536753774581,3.19833561005602,2.29606223648913,1.98264412971086,1.67764220049538,1.24077954464041,0.74746925301384,0.531092668205388,0.0602218260737763,0.0613572053587793,0.229701473771738,0.395778968484823,0.327041275741328,0.350264390364871,0.301531071159659,0.815454006689652,1.31453635691423,0.87281214050379,0.849438192202063,1.59840856575651,3.33495636353237,4.25664861752781,2.05710243515324,2.45523513827117,10.2745639383066,3.33849423092058,5.71507102926566,10.1549963644749,9.82475801083938,3.49343543363028,0.423500318383443,0.29041817396293,0.0336179954734371,0.573108891750655,0.164789432028714,0.304254989634839,0.0939981449389813,0.390680250385077,0.453972838012277,0.946526376906127,0.757699399165427,2.19762260996482,1.70411796834507,1.52051681427353,1.05506376765174,0.870629907651448,0.614741075916695,0.267754890027303,0.265312246686587,0.836517970625842,0.685176886654773,0.169785421999251,0.425180109669854,0.93681647104584,0.443682415109522,0.117874671761974,0.155038817638534,0.122164012070324,0.224150514671634,0.0701521315730514,0.133089103952328,0.144594369018117,0.111332648172867,1.60158326867959,4.83804416872158,17.2752112298785,12.3166967645953,2.20791698714712,0.626779085091611,0.383197156399224,0.321265836335552,0.515776838889542,0.306804244365911,0.442632538429508,0.203602863256042,0.0442001836370415,0.0428173462274546,0.107100250278624,0.297455839363364,0.648560440816912,0.588608741152608,1.3348488125249,1.70936018765029,2.92761923007001,5.23053691870671,6.17190718747594,5.71120168819364,5.3911829218259,10.8591046946606,12.5833533511609,4.7263739365453,NA,NA,NA,NA,NA
12.1223699344736,8.52260454974221,5.61708019679201,2.8622603290781,0.424105594352176,0.200246910919751,0.628081086982582,0.250296189466077,0.169581570642559,0.167578990086762,0.923599234815659,0.356707817099335,0.814911927297417,0.300439910434968,0.963572825911073,0.691997662960067,0.32198154141927,0.877462363078108,0.695899752024202,1.07267813992302,0.561702209866965,0.295398916243746,0.367784409946715,0.0426726029118647,0.581077802352197,1.52121514486845,0.911588216098146,0.0724804540857483,0.156130762903715,0.426437689418162,0.508517622409121,0.400060006770845,0.262590350024124,0.729719214690053,1.31312083443741,0.616008675530826,0.638148203435719,1.10485861234698,0.664874750892018,1.66250645706216,2.62330445282733,0.39324662583754,0.180918326009428,4.65151885558892,8.45171071801318,5.90585146701604,NA,21.4647609319731,9.90762028956883,38.5975676965846,NA,NA,NA,NA,NA,7.02278846882694,3.49239434603419,0.839763745513429,1.73191684547272,2.45139805808031,1.06380592266635,0.255794324282108,0.605429531676473,0.511848484720904,0.237803423177212,0.225865159980478,0.402179169387224,0.562726288591319,0.484372298050871,0.124874857976033,0.756235434124658,1.58194151330022,0.955705028817989,0.076368407513525,0.94380563130078,3.10813415002338,2.64723688339498,0.841773445798224,2.65307317561869,9.4521052926807,1.20847345395248,3.33321990740737,4.30962421230075,4.50560881466071,3.42994495057151,2.84712549463509,1.85739758678556,0.808127012743304,0.260402566035217,0.599846480349056,0.626828726585068,0.314272527981119,0.349907999127213,1.74341683284953,3.6496221089345,3.10818219993539,3.94390600825345,4.54256482028668,0.910717563630608,1.35020980946873,0.979646363153337,0.636549627902868,0.254512974213246,0.312422019281645,0.374273994655217,0.157399411914883,0.099439377321907,0.130528912855857,0.128499096772521,0.184903063214288,0.463225520702617,0.573735925298531,0.650817309316086,0.325393857060569,0.359755515990956,0.6557848214817,0.603802830270331,0.749650835148309,2.32702004992378,6.27952546513577,20.1921610925205,12.5993293138942,2.96873412943677,0.69108301769698,0.759308052908955,0.107577561445908,0.0340826168291255,0.165429760833224,0.160821396087551,0.0708189946276386,0.064381874264111,0.068867063706804,0.297050404409036,0.323956234473896,0.827903685743706,1.53867340861463,1.1773264990332,1.53711542523653,3.72896307067837,5.10491725946913,5.85813470957758,6.42182367027351,7.8933119107758,6.96814856443153,3.86392107214911,2.21677415979365,20.8171591896077,NA,NA,NA,NA
2.94054466846438,0.177916967722896,1.16111365900354,2.38177518069503,0.531704660276493,0.252270738106557,1.69341924934178,1.72029980688923,1.83740992658506,3.14913837750777,5.15550469224437,4.14085165378071,7.03413313087538,8.34351094790883,4.11044702959023,5.02414697050425,6.38410906428046,5.82195295090266,5.27559214545702,3.63829378227926,1.80795411092132,0.5626349736288,0.315216971406454,0.15187217223353,0.591585524489018,0.535284074167146,0.130416385239973,0.2436204162491,0.167561230786964,0.0650262243258937,0.20613751980659,0.501595230167887,0.459301397074784,0.398125097249101,1.01272335264562,0.850811232573828,1.01385743069671,1.25610767230579,0.998166751993461,1.30690973240675,0.666278360237652,1.69582141522901,2.31136681897646,5.58256817495792,5.80852240263814,6.67449221836564,51.5443956854688,30.9687475273633,17.548044106415,68.1854754708924,NA,NA,NA,NA,NA,8.48443835908347,10.7277484191553,3.14105883924572,0.91170853208206,2.65461950973251,2.08521850014595,0.261813302950153,0.616849823441692,0.751180641942737,0.392453659190835,0.464108916541673,0.529143208293428,0.463234641125497,0.507057972109853,0.598621932318574,0.808742405228791,1.15412052604096,0.938718492498498,0.768893241283927,1.08730609450315,2.67352750740398,2.39666057839883,0.718983024041339,1.85518858786694,14.4410401377711,1.16743131975778,5.55292155068258,8.31801274498163,10.6135434770296,7.53684029784039,1.65113107440703,1.94461513108468,2.13315360545188,0.560115657105342,0.858953632048762,1.04063209590338,1.22697104858833,0.502462759112548,1.20739708618793,2.64223866221949,1.82316150307656,1.37096474662011,1.03273752730911,1.50265912015076,4.27251898774735,3.76787598801174,1.56253597132773,0.175116855182926,0.235992755594871,0.126084956720046,0.866388487183093,1.09176476779879,0.538148177777726,0.66922349623094,1.25261068390534,0.947508144050794,0.555341716156982,0.611919899952587,0.207700516430695,0.219160586485908,0.905790106760662,0.981641675543659,0.206515373010391,0.173552975328716,15.2535941679864,NA,15.9080579074952,4.23850060275908,1.12832445831127,0.675420141726855,0.539330180836228,0.475001921287756,0.201648790303927,0.0356778401139191,0.00443192132654814,0.121335056506562,0.162332017608811,0.329196952707957,0.335818600509984,0.716394937398795,0.972074890710354,1.5365114897042,1.54673273185461,3.34076592341455,5.01560435574021,5.64820016966608,7.33144409824723,8.65457700188321,10.3925388266522,10.5541891722245,9.14663997250689,17.9033461469759,NA,NA,NA,NA
2.89507994636973,1.15685244785022,1.58167321860594,0.99163300088641,0.387967509753036,0.622160221213093,0.232737932109896,0.38647197577624,0.839268142212744,1.38333479148527,1.46055641632246,1.01320650918975,1.46967190259224,2.81844331655355,1.56830195512887,1.63500378275445,3.60135667200026,NA,NA,4.60387824002807,5.18188624377251,6.97540343732385,3.40656701104768,0.993507790910286,4.74312590893835,4.0831935952277,0.696973456017352,0.457318378654893,0.472493845833913,0.325069273862718,0.114383330601066,0.158088840079092,0.0856860540883982,0.281422400619076,0.46795253630332,0.22928945072323,0.0988061015527014,0.148591157089281,0.204710164040249,1.28048722951023,3.86162347932258,3.18896753932272,1.25267316795029,7.58216346043226,4.13255346880491,2.94267401505307,22.0605591604198,33.7609562845587,24.7410112752364,87.0331420987568,NA,NA,NA,NA,NA,16.0134501321857,20.5689466050122,2.75579404662708,1.9101543187082,4.9684813335563,1.89587295559778,0.823641776474414,3.27590076080112,1.68095337905963,0.698381984928123,2.61879385095984,1.70503121990559,0.564016411451509,1.60679276477954,2.48837836116354,0.902054499714903,0.90869643038949,3.20519728578781,2.13755317443274,0.554045249058554,3.32201363886488,4.29700829308377,0.833727859866961,1.94409499530822,6.29857493276275,1.60837936209304,3.69155321334796,12.2442773102832,18.4674168417907,8.76169327731913,0.465311514807492,2.36595479019335,4.53477353884196,2.37881803038885,0.321646795709363,0.860779781537578,2.0108820522795,1.12234352289628,1.81791039609372,3.96782826998638,3.16137079732858,NA,2.46895066518485,2.44494376440188,2.89564034912762,3.36505110618278,1.31561444011587,0.268634017878795,0.173265288937937,0.191499997699135,0.0689737498514221,0.153260262674254,0.15797380362183,0.214697685918597,0.861310144205546,0.82947405898705,0.745753255259837,0.711426769834988,0.300895200931335,1.24583878288918,1.66894292955311,0.472241850709855,1.59015696290851,6.11240372576321,9.44963987732121,34.0271711208399,27.0957898408445,8.82825117967618,6.00964152619588,4.20103989615147,2.14406815028616,2.37184335238835,1.71759819920542,0.494624267846308,0.509207074959136,1.46659305169334,0.726124342256511,0.780460481336225,1.48393392648169,1.47240706089469,1.15371072629838,1.98353784096064,2.81789798047944,3.54060600820157,4.78720849778492,6.92838961868021,7.18850401929599,7.19668312032161,6.91946368592464,3.47872920563299,3.01915144891271,20.1769767517146,NA,NA,NA,NA
