"V1","V2","V3","V4","V5","V6","V7","V8","V9","V10","V11","V12","V13","V14","V15","V16","V17","V18","V19","V20","V21","V22","V23","V24","V25","V26","V27","V28","V29","V30","V31","V32","V33","V34","V35","V36","V37","V38","V39","V40","V41","V42","V43","V44","V45","V46","V47","V48","V49","V50","V51","V52","V53","V54","V55","V56","V57","V58","V59","V60","V61","V62","V63","V64","V65","V66","V67","V68","V69","V70","V71","V72","V73","V74","V75","V76","V77","V78","V79","V80","V81","V82","V83","V84","V85","V86","V87","V88","V89","V90","V91","V92","V93","V94","V95","V96","V97","V98","V99","V100","V101","V102","V103","V104","V105","V106","V107","V108","V109","V110","V111","V112","V113","V114","V115","V116","V117","V118","V119","V120","V121","V122","V123","V124","V125","V126","V127","V128","V129","V130","V131"
0.00378386542764322,0.00378733161618356,0.00507985437285194,0.00427397108399395,0.00415361781115583,0.00597193000239357,0.00501331494442528,0.00412366715280079,0.0038818192512619,0.00266714688971206,0.00148070512718803,0.00158685304542597,0.00284107808839906,0.0020822640442832,0.0056780253918359,0.00717361247532895,0.0107463682275722,0.0112530026071987,0.010365544616476,0.0118940397407461,0.011399389794552,0.0130687565587112,0.0104587319691336,0.0108592747527882,0.0131435677078858,0.0182110853075063,0.0202882567293371,0.026771232451921,0.0232106622817482,0.0184800233081565,0.0257399833378482,0.0277571402663504,0.0185086741434023,0.0181766252600852,0.0246014324658142,0.0180616279348016,0.00965288425556075,0.00853977899059163,0.00575262450295133,0.00436625039939885,0.00502840439548256,0.00387148744358044,0.00403083727216994,0.00434078970434824,0.00599969691735617,0.005032020189665,0.00448543667843453,0.00448155150041165,0.00446978241751421,0.00411904441937419,0.00380312550609487,0.00371642331912039,0.0037878143102765,0.00580137499575716,0.00896263998286661,0.0137534758462014,0.0171933111539744,0.010420618718255,0.00655702702935863,0.00520920416178146,0.00457932247937907,0.00451642415287931,0.00421015401615213,0.00473357087875482,0.00422247467053609,0.00417853900110949,0.003846606245747,0.00339617979788341,0.00430639254232708,0.00453457647943147,0.00569343809759087,0.00563986956224171,0.00661541303867373,0.00664985745014838,0.00869542149089659,0.0122977148084639,0.00835439528613684,0.00958495537194691,0.00849434429690599,0.00776988208530817,0.00781321224522178,0.00589422601331893,0.00479125927437058,0.00415843828105243,0.00432879722619899,0.00461431203367701,0.00425305757502912,0.00537243671032946,0.0050316069310625,0.00442681629642716,0.00466009076143296,0.00459555344354897,0.00439440864233084,0.00525400103961166,0.00636708004689637,0.00896304181490281,0.0102415193364218,0.012418709384589,0.0159345576696908,0.0124572813136432,0.00993944728821424,0.00746427869926373,0.00458910433592105,0.00398184990777609,0.00402377492131744,0.00348812359024631,0.00407037513308241,0.00433735999366328,0.00548455007316766,0.00586700801645948,0.00483390808458687,0.00404750491280463,0.00346058221073815,0.00310337053842034,0.00265355249439595,0.00283185517588528,0.00474909552000343,0.00890018614348002,0.0106697069285022,0.0151136609908542,0.0166815431359511,0.0106467909658436,0.00905137417435274,0.00406071126118979,0.00235346242123465,0.00178709964061457,0.00224335488178561,0.00412925799664587,0.00518341470364791,0.00546107588189521,0.00655260188834289
0.0081267361089232,0.00739688056968364,0.00969430627622078,0.00417924280864528,0.00504226292560813,0.00520927369877968,0.00279726676396161,0.00247676454608584,0.00250521230300843,0.00216900048342297,0.00182916511752082,0.00214909864382342,0.00312895138775144,0.00301508516580081,0.00551577432287065,0.00685613993137584,0.00786638279563452,0.00549412492211389,0.0066194848359457,0.00824525988673872,0.00636907435788583,0.00804340215995618,0.00858032790908045,0.0046577378192639,0.00953026716418164,0.011821080789989,0.0156682159269364,0.0219932042251701,0.0174082333543823,0.0138716330019871,0.0197286381506078,0.021516296661084,0.0146660596069622,0.0127626649439717,0.016218513920525,0.0123916940951186,0.00689629023650675,0.00644123585273926,0.00317657462102116,0.00275706390132525,0.00358080375620914,0.00525482059669898,0.00975327821152852,0.0119106975000067,0.0184107504578771,0.0175529451134148,0.0167596964763536,0.0136253337064692,0.0108340386605237,0.00653454002923406,0.00415266044170014,0.0037621347201856,0.00378231699062855,0.00499479904077253,0.00749581775249815,0.0110579900734823,0.0132736336925789,0.00818377548204932,0.00518739126870244,0.00577201383441535,0.00532109978484672,0.00642742505263182,0.00621030072985153,0.00637052207648098,0.00956424144426216,0.00716907354294229,0.00514282625107905,0.0043883983675739,0.00403739892419011,0.00488130955245929,0.00591776057221335,0.00590263614368204,0.0064184491873613,0.00660501412457925,0.00752881419416398,0.00767161153822951,0.00707337598739345,0.00639199842500472,0.00633749764979163,0.00722051169231768,0.00610853327840022,0.00555221034621274,0.0056825587063226,0.00553267926967514,0.0101296248408901,0.0116008572010805,0.0141497613346192,0.0151328106138294,0.0122134664284914,0.010810840377358,0.0101115820174261,0.00923938757866766,0.00546719251953407,0.00608906108888805,0.00691645369624829,0.00810280048965077,0.00893446127365958,0.0112002962075133,0.0152217543529686,0.0121698236701505,0.00952316591118445,0.00838147264171172,0.00545842956800048,0.00495895056654818,0.00572630252152357,0.00606747611976309,0.00789979300374311,0.00552837511477003,0.00327888666799342,0.00373044003425565,0.00388944475811148,0.0029542454358052,0.00308415630005267,0.00296605820060455,0.00365740167780256,0.00386289106178521,0.00527318869181902,0.00833629938006148,0.00932120645117373,0.0116622899593048,0.0127929531973751,0.00775518062133938,0.00743281019412026,0.0049138475352219,0.00324644208102643,0.00253731249095916,0.00232552293295725,0.00248880307868345,0.00270661028392665,0.00247417853687024,0.00212538445092559
0.00363005561551022,0.0052135043729333,0.00461426477935662,0.00352273131063189,0.00337952754206011,0.00298899642266195,0.00210359812175374,0.00130572500803595,0.00083171090561974,0.00137189642219963,0.00082700288706107,0.0011320877378203,0.002152638024973,0.00246583700947841,0.00364753231080759,0.00489574096644788,0.00818715760590398,0.00663179380964007,0.00777558575621785,0.00971529952070867,0.00990217671113143,0.00965718355014853,0.00885651180457857,0.00992724173207602,0.013830935315508,0.0195055056184642,0.0225183910379647,0.0326252105303584,0.0239113838807528,0.0171537353277291,0.0240947506807883,0.0241548487960202,0.0160944374288305,0.0119174075932407,0.014487690119989,0.01160019090396,0.00470184070813352,0.00504406988675644,0.00252826329412773,0.00264018454284736,0.00214006135567318,0.00292527163561413,0.013266740984666,0.0199071974412213,0.0449345326015565,0.044439758958087,0.0374373982428519,0.0289016359545228,0.018995055963583,0.00678322376824405,0.00311785731953703,0.00346752475129449,0.00316994004916244,0.00465985977202116,0.00709344485428254,0.0117624430623962,0.0130023093559383,0.00791225700488109,0.00537585600191052,0.00412466890890334,0.00316407735305676,0.00252199921403494,0.00318055649789189,0.00803894777677279,0.0170027897981099,0.00851665417316146,0.002769818302307,0.00292465983579288,0.0027632215426972,0.00277190258693572,0.00282727496932012,0.00238446603528957,0.00223565584249594,0.00349111776079144,0.00489324347023209,0.00821508267687825,0.00316868339909782,0.00456555368811088,0.00425830215558377,0.00399294540364162,0.00430448374072903,0.00312178688113811,0.00274875779019506,0.00310567017759662,0.00570312280851363,0.0061428786159736,0.008072004679624,0.00770763227316716,0.00623156934675091,0.00565548955986177,0.00557707265159491,0.00555557713664472,0.00317393591005805,0.00351231609731977,0.00331126920044184,0.00473337545868959,0.00561870766250025,0.00663679136780727,0.0109914014236637,0.0108288766170632,0.00822277270968834,0.00716249519276924,0.00386918711773162,0.00377916208186585,0.00325462882058286,0.00263738610003009,0.00610304133448358,0.00349502891747766,0.00412849238624948,0.00514877596191413,0.0037169351356955,0.00288407955098231,0.00315138429722868,0.00321939562727667,0.00258087134374647,0.00288884255428894,0.00423502327039879,0.00867200754469358,0.00816240315398415,0.0111733473344071,0.0147128242064064,0.00847052685550315,0.00798896941984333,0.00423171560368366,0.00325047416334892,0.00211456706913299,0.00162241782970638,0.00195713096388252,0.00214544926346487,0.0023093092133695,0.00132999951505347
0.0134982755361495,0.0219425476371209,0.0197617818908568,0.0117546555985277,0.0125844273942318,0.00983987961197918,0.00345883506914521,0.00345428802686111,0.00374979571773669,0.00334737072116007,0.00347789037744613,0.00308944971893498,0.0026491732256712,0.00269952357719258,0.00280947499288121,0.00278636503464699,0.00289109261233725,0.00391682115413066,0.00391001471674958,0.00440406274550909,0.00337163220614163,0.00458532518648827,0.00761347910096931,0.00571903815006673,0.00491017371487961,0.00503964379753346,0.00253589126110688,0.00267793257448371,0.00496196497354628,0.00284604256600764,0.00296092178185045,0.00345632762638772,0.00396729531062351,0.00332559074942476,0.00455021880443515,0.00464481714692312,0.00452845988137183,0.00488375488337587,0.00452801505761926,0.00466579312143234,0.00426440973635494,0.0115717546748953,0.0175464396796115,0.0204499249698698,0.0266219048619233,0.026666804717681,0.0238728439116362,0.0184879653131734,0.016421282693686,0.00889373543447416,0.00641205011491361,0.00584221499537721,0.00718377812094033,0.00618469910885054,0.00619754883634108,0.00607173732422211,0.00754086006555447,0.0101915676480323,0.00846540262977536,0.00974347661377185,0.00854957724835432,0.00728303701437981,0.00648325213589716,0.00710489755039057,0.0113359652780028,0.00948004121473244,0.00317708921139272,0.00279600967037063,0.00346099377017253,0.00440551657718175,0.00633631696109389,0.00803516446712333,0.0113330338219027,0.0116614185455456,0.0120039781351139,0.0103722460364356,0.0135345257085915,0.0115882125700396,0.0108706746414914,0.0108580537052062,0.00923063011039064,0.0072928809286715,0.0043172807726096,0.00359405358356378,0.00706105369617765,0.00779905167537122,0.00375056316451638,0.00528972637722855,0.0110914322702301,0.00831519885798025,0.00737857465987323,0.00433035720067154,0.00345869459373959,0.00657427572966775,0.00866828265862621,0.0108883255568343,0.012981301455826,0.0169751323341158,NA,0.0139021084022296,0.0117540745808769,0.00968983331370774,0.00683331809070682,0.0043706532102076,0.00385949907683228,0.00481429453795729,0.00880116806402732,0.00907162823931223,0.0129120299762018,0.0158107773991227,0.0112747526291519,0.00829989630789659,0.00744076360013469,0.0066795849596071,0.00395050227917179,0.00403811037624288,0.00403995004962969,0.00703874393148858,0.00897564987070511,0.0117923535338518,0.00609166927955956,0.00463913497805781,0.00477479616791031,0.00335366424636029,0.00302088983008685,0.00265163871369506,0.00436335733312684,0.00416672020572367,0.00402888593580429,0.00414456356950197,0.00331972271657794
0.02019598151824,0.0337018534283026,0.0292510712607596,0.0160314719811907,0.0178779267613285,0.0120226391701812,0.00549818975915886,0.005504433144404,0.0046754119485159,0.00409325580248018,0.00402449948962652,0.00367091030020563,0.00247884905130233,0.00166431442914496,0.00219798477812569,0.00216660559723557,0.00244170686590822,0.00400086742259443,0.00433035015501379,0.00368407326137611,0.00315566144807945,0.00531792377828452,0.00663878276806939,0.00418733587724091,0.00465832897653514,0.00424575525943112,0.0024843158364255,0.0031373669072804,0.00418652249080073,0.00250816130380888,0.00291343878580053,0.00344484023630051,0.00366485879673049,0.00264642492515338,0.00376057588355436,0.00520869768407004,0.00511132938773998,0.00538022466089322,0.0052759252917987,0.00514710354003522,0.00553872831190315,0.012714324513195,0.0176553309564547,0.0197956051410925,0.0193103447433987,0.0193802413585026,0.0171949931719802,0.0132148259769578,0.0164447666782077,0.00645056506286435,0.00470269423503139,0.00446285933063647,0.00591843566177271,0.00593449803760119,0.0059095826884829,0.00595111771911435,0.00594381792469114,0.00758834772126084,0.00782650127118738,0.00794029881012142,0.00666122590645328,0.00565522022869313,0.0041158612451688,0.00458115548577707,0.00796417075456617,0.0113554596007492,0.00235790449563373,0.00203623380885595,0.00265796311532494,0.00302340868261045,0.00519335655841504,0.00682077364010607,0.0095900035830944,0.00972376244151782,0.0104924025235886,0.0094219937762109,0.01197137828448,0.00992246367237637,0.00930087382778507,0.00967246625242917,0.00739163406868835,0.0059991880367196,0.00365245724421883,0.00306857557481695,0.00997051002504224,0.0115233465913238,0.00290771389439293,0.00342671366727776,0.0184267594809304,0.0115746894877856,0.0101486267280092,0.00350419250508427,0.0032903544449356,0.00590535694586575,0.007469285729431,0.00876971473247113,0.00988483553298421,0.0127785177090487,NA,0.0120139521946267,0.0108368973832998,0.0088016271963394,0.00647850287777401,0.00459476416044965,0.00392538436059077,0.00512346535484371,0.0115610261526196,0.0133018383925701,0.0131648764864135,0.0165768477333761,0.0171848496778508,0.0100290317744337,0.0111481524664981,0.00694364988171992,0.00366538273220767,0.00346264627119593,0.00419585556623111,0.00763366139034891,0.00887384169859486,0.0118505932165946,0.00816527208200378,0.0052148616643391,0.00565222529155722,0.00314720608493183,0.00238788943310429,0.00253125144996495,0.00441879445448552,0.00479038954715541,0.00573341586379368,0.0071725490769036,0.00474489852273535
NA,0.00999248381381318,0.00990861067399397,0.00633036674509552,0.00605602941238335,0.00656019216003884,0.00325031335762014,0.00357728518425408,0.00358021717048687,0.0041350077258963,0.00340334754107172,0.00332664308657141,0.0032499118684484,0.00236683949834048,0.00250655018871669,0.00307584178039794,0.00342846321714238,0.00307527376561451,0.00316246967478558,0.0050852555848325,0.00369009668756537,0.00324600073011546,0.00652086733479725,0.00532337059202416,0.00611469960456713,0.00734246742368953,0.00732331956201891,0.00991387514111006,0.00896050467019392,0.0068346392364754,0.00943748243962526,0.00928292247044298,0.00649828648283206,0.00632564507305198,0.00785952911584742,0.00657668977029408,0.00583122704476588,0.00470094124753589,0.00386419519061989,0.00275874765128208,0.00273245350912257,0.00438404247214579,0.0116740060578938,0.0145941011433328,0.026468011832739,0.0265904256418412,0.0234498774954497,0.0172093891487888,0.0119462663714348,0.00594288186573928,0.00260806531810827,0.0020436488280153,0.00518637352228216,0.00293620250061921,0.00501128656099844,0.00622267304521153,0.0105366501209166,0.00953959891869397,0.00882544329519461,0.00949533277740519,0.0080723910494523,0.00503500843692369,0.00332605757982916,0.00554595349842354,0.0104536212937218,0.00637493664647825,0.00274203544947328,0.00210411049637745,0.00265027089602036,0.00212257490293359,0.00592166178478595,0.00768876119079555,0.010212344842211,0.0103649926546421,0.0109836510432114,0.0132115419080119,0.0157137378198128,0.0177644557833172,0.0167878160430348,0.0141176401971451,0.0104580587117923,0.00445370229247875,0.00315693812420893,0.00323478740438881,0.0040286868886005,0.00442566577387935,0.00485504592229976,0.00553812136004152,0.00648548451717381,0.00532225026117604,0.00497631522381933,0.00458467513957929,0.00372846051489831,0.00424690904392581,0.00711487877827434,0.0178563863787333,0.0233608169099171,0.0303226675866808,0.0537249073914485,0.02600763488572,0.0202446353062531,0.0070712543680318,0.00459220868411071,0.004366489495395,0.00421868100639862,0.0048948349850707,0.00743579914398537,0.00807045580688248,0.00994587637751948,0.011687900459332,0.00885784388573485,0.00689565356895018,0.00639537045734303,0.00594415600698399,0.0039204450457508,0.00345326620505268,0.00334899131445144,0.0041402371031899,0.00626121391622008,0.00839543944585603,0.00376382779078396,0.00294274942646069,0.00329249864954796,0.00255774565945392,0.00301198213472071,0.00317583520796094,0.00425282334463378,0.00401945246378733,0.00403993787786049,0.00395366943910266,0.00389942845324606
NA,0.00830880528936087,0.00808148622150461,0.00472927857939025,0.00469889027838686,0.00498443867326583,0.00151767821787601,0.00182290344847308,0.00254752537723007,0.00289155181604214,0.00238927634043112,0.00200949836749828,0.00239507482714542,0.00119574559831063,0.00178383160935272,0.00263741391014651,0.00364028856445277,0.00239395960964121,0.00239670240665366,0.00542721188241376,0.00424886244314596,0.00243256054975072,0.00549431324006031,0.00658376515760849,0.00730705528646512,0.00927832998887771,0.00875358255495647,0.0118811763933431,0.0199871522188006,0.00788753897100506,0.0110717055721583,0.0265745443547304,0.0218629582033628,0.00719492673471879,0.0223990118787738,0.0252209024613094,0.0170289225227721,0.018399805896643,0.0090177476627081,0.00451421101492376,0.00239117718739952,0.0046171141133178,0.00886423264282105,0.010769318511695,0.0171894458930802,0.0173006657263091,0.0154525363751767,0.0113958205284903,0.00834800060311035,0.00481735311676885,0.00333063446688242,0.00434019428303225,0.0107601060622419,0.0214838545951915,0.0273629366123263,0.0318656468136315,0.0318189720981835,0.0331574811124093,0.0282298447711698,0.0169524915230719,0.0092096610426922,0.0054715169240715,0.00319760010945538,0.00412320517405054,0.0069990247789931,0.00422520307221983,0.00209158518174107,0.00175094713712826,0.00204520996941149,0.0017640903772668,0.00450711419489189,0.00630286848987473,0.00942254847402363,0.0111066032454374,0.025020642343125,0.0163871078920706,0.0132169568284822,0.0116174434704886,0.0109678161984854,0.00829090925156941,0.00556341516712165,0.00299157405185628,0.00222410416845657,0.00227126311038898,0.00310391152191283,0.00337945245045769,0.00349776202532121,0.00381651439287099,0.0040451433654709,0.00374700443176906,0.00357669611714453,0.00338110137889964,0.00269315131360974,0.00283904455751412,0.00464699511862336,0.00909500644644382,0.0114559672472132,0.0146394564199234,0.0259098846288119,0.0128528143918705,0.00997977482167534,0.00412491875339602,0.00294814431242936,0.00282167028917931,0.00275462950673303,0.00329107714919261,0.00394989599369811,0.00391590193366714,0.0046682325850393,0.00525021890131449,0.00352521751445272,0.00288563126326762,0.00271137854350422,0.00275834472392946,0.00238868680882883,0.00214408759860054,0.00214588593791068,0.00254170544426985,0.00371721198443003,0.00492945207720637,0.00213212828618884,0.00174457057953645,0.00184315489408129,0.00141391774215631,0.00174005006150735,0.00167111249675844,0.00240393095658523,0.0024978346692468,0.00153756815542249,0.00150536735766449,0.00117152103696902
0.0102899175618191,0.0137425315878139,0.0197451533412055,0.0104449558138206,0.00990805294350729,0.0114481534304287,0.00912019534530368,0.00774518791038702,0.00538292953832391,0.00328481161761548,0.00347100243329688,0.00316538942432259,0.00284258908098425,0.00337271839653182,0.00413522545634654,0.00402796888739912,0.00411764335778384,0.0049887584573424,0.00515927987410072,0.00511499622215307,0.00412303107978404,0.00601759432067782,0.00918361275315291,0.0063172217089676,0.00518421847460457,0.00561781009688595,0.00354007772366269,0.00361711020220199,0.00668477576655592,0.00318169523588508,0.00334952914456314,0.00551070500928838,0.00492074411569801,0.00294289199316639,0.00471313948242778,0.00583617085953911,0.00474645528813197,0.00658854641113588,0.00655363530168581,0.00665254616631596,0.00796964601646734,0.00713257099272901,0.00885428879849691,0.00778002629413266,0.00686135214229969,0.00652920821444301,0.00591673529456388,0.00469791844761426,0.00471957139223953,0.00405296457457666,0.00513338467010554,0.00509125610591819,0.00834801331526657,0.00762129610749755,0.00759470999149082,0.00798349915226097,0.00978524630426654,0.0128140383798299,0.0116343438131588,0.0104717142334999,0.00887490018038316,0.00473529551316769,0.00213654724787477,0.00136187670440054,0.00278894550984268,0.00175153362120025,0.000828346713068535,0.00070161853341998,0.00104661091729071,0.00120678374434249,0.00334328560716993,0.00562055211842821,0.00948643914832144,0.0106717498213253,0.0141287178051717,0.0116052958455781,0.0133426875003095,0.0110928222278308,0.0103211201376109,0.00768318364400815,0.00425261550714077,0.00169219341388228,0.0013001968379824,0.00160097801798478,0.00693938850785804,0.00832658711140994,0.011206487039549,0.0124605812311246,0.0137654299806393,0.0105111978981881,0.0092007557428765,0.00606982611280667,0.00187804907851048,0.00161858230280218,0.0049901608867475,0.00670040172606017,0.00872499989448258,0.0116184940826634,NA,0.0105247227490798,0.00817083955752051,0.00574500712741221,0.00226376010130246,0.00252833808106425,0.00242627346039727,0.010152344061522,0.023640362352288,0.0255922492524479,0.032814292823229,0.0417669344902558,0.0306391509261058,0.0221443104957365,0.0185076256093239,0.0158671750526999,0.00378220704913632,0.00294580945830748,0.00329908188356548,0.0054159523140461,0.00783655992792765,0.0103293890141517,0.00861619172753714,0.00586228524514236,0.00580619518369737,0.0038779134932434,0.00316886865625901,0.00276854263137289,0.00805768682784944,0.00580069991063436,0.00627840825171659,0.0101570749563285,0.00984775335956988
NA,NA,0.00480228365225204,0.00477021381163505,0.00451143760626071,0.00548412305855268,0.00450042827713983,0.00470678509184411,0.00547182314822533,0.00468412583284202,0.00491086440375592,0.00373836384124915,0.0042067058781388,0.00230304698375553,0.00320747945665128,0.00373750174403737,0.00612877949774219,0.00401369008854411,0.00388659808637909,0.00913332885227817,0.00812542644683914,0.00429766907275884,0.00888455148591377,0.0133422067508095,0.0150810432952224,0.0175194056426044,0.0145443881254339,0.0193211496116421,0.0184952533716647,0.0130584630916452,0.017752528812396,0.018730160141672,0.0138023995491804,0.00903328857114995,0.0139815495583049,0.011367446569285,0.00953143644986245,0.00924054328446027,0.00685050925797249,0.00560956890559648,0.00521615711770982,0.00567970892450262,0.00738043630272568,0.00898693064491808,0.0135694773323402,0.0142813902513982,0.0131986713124054,0.0111273365966954,0.00909076483450638,0.00764752141690333,0.00683486084707136,0.00660370089038053,0.00768122901546409,0.00898821553715343,0.0113030376717735,0.0115076615524156,0.0145228732896459,0.0149528615485732,0.0140029579410715,0.0125481593435365,0.0107666802519852,0.00936205580527887,0.00678114418873258,0.00671745399755996,0.00840898988349373,0.00583944794262389,0.00521495670255313,0.00597981186978994,0.00651006140968619,0.00707568039835772,0.0119110256116115,0.0138296455164132,0.0154926610133614,0.017061688204892,0.0186427803989884,0.0196370227823221,0.0214238465159673,0.0195730731237385,0.0181437840401455,0.0138855475566162,0.00972248478890716,0.00755185132715792,0.00671177568942262,0.00547745637208655,0.00361048964738621,0.00246741336010996,0.00265625437085848,0.00202084505230204,0.00268108602721292,0.00219501485882484,0.00277618175648901,0.00432512803167122,0.00508693226056811,0.00711600451625719,0.0101432591147672,0.0102738842242494,NA,NA,NA,NA,0.0083072792020635,0.00716838283540307,0.00662789056338504,0.00465124314347625,0.00314235051597819,0.00306903562654937,0.00477784027138997,0.00504776585826298,0.00675762035630907,0.00813981167394391,0.00581421675602077,0.00495711467676775,0.00424659593803391,0.00412848713167221,0.00321014732644166,0.00287669025470082,0.00283497232383837,0.00373588610740465,0.00407346524912313,0.00385924407809723,0.00270924253596885,0.00299751085146021,0.00284392601716625,0.00251177883525509,0.00258278554823148,0.00278328321429752,0.0031901749171225,0.00487078669124151,0.0047505514314158,0.00456239328061581,0.00380758849908722
NA,NA,0.0136224212189298,0.00722364317637086,0.0077352092899563,0.00744154580240979,0.00485445148247485,0.00488549958128529,0.0053425291089485,0.00433121775833956,0.00384684279294429,0.00265645992043907,0.00221935869803899,0.00160628158907826,0.00192817306017818,0.00172687080471741,0.00172516239189338,0.00185155888809869,0.00197177982235792,0.00376808798870461,0.00124767645767184,0.0023160619204283,0.005967270946168,0.00619791018149146,0.00611106178775272,0.00563126369803561,0.00115024796832672,0.00127168626238818,0.00735690965861933,0.0019454665065837,0.00236614038749241,0.00626140957775243,0.0071682614928048,0.00299878552366482,0.00793225110770491,0.0102247629299195,0.00940891307182755,0.00936501318193866,0.00798068497752301,0.00609176228397469,0.00651514035613578,0.00582830576268706,0.00899480840675505,0.0121772359321014,0.0189579633381301,0.019121792408236,0.0173688661445753,0.0138007698810594,0.0102308417688848,0.00855819642756775,0.00629919172348332,0.00696078055827726,0.00955850338611291,0.0112955410639912,0.0134281976449208,0.0143407958690035,0.0142251289128439,0.0194274634726731,0.0162880989255839,0.0132109243695873,0.0102759536827921,0.00874670126999098,0.00808512884247732,0.00921900589782653,0.00924928682192098,0.00785369533324588,0.00430899321332419,0.00412343294915323,0.0061313502435683,0.00724844658971189,0.010663431219912,0.0128308649868121,0.0186426249785764,0.0177914246770043,0.0198553059064042,0.0153430568783031,0.0237641304801137,0.0208710302620291,0.0205575438605759,0.0128914557282874,0.0112925217883205,0.0075477165108501,0.00638463910825912,0.00469361517796094,0.00665336237231421,0.00716159945140633,0.00907468040553978,0.0107184615813575,0.0124703891101719,0.00865173243841504,0.00750336467792714,0.00551392752079006,0.00267100578027364,0.00467038455018646,0.0088213394262693,0.0113931572447956,0.0133783353403046,0.0172130383874662,0.018546248250795,0.0106796455675595,0.00947409404369761,0.00412255323819626,0.00260861299751724,0.00205620025272931,0.00349463039588132,0.00517811109664625,0.0092338667900816,0.00898093888000574,0.00664383388379097,0.00795399215491621,0.00973444861800706,0.00554512529681829,0.00623287469427375,0.00376123234483894,0.00290701059511198,0.00226214213269446,0.00199015642101339,0.00252026582473987,0.00262821640315186,0.00292808537731817,0.00361946040407507,0.00240092441473256,0.00244969774612402,0.00165218277946796,0.00168275469955116,0.00161021435154877,0.00306605988186184,0.00427385121844899,0.0033670412775566,0.0046677888576433,0.00314242476472258
0.00787504939050781,0.00988928880825637,0.00610491265291031,0.00629866980269875,0.00705426730043272,0.0064193067482467,0.00332041112866654,0.00288071512337654,0.00267741674411001,0.00202600905054519,0.00195442729224352,0.00162358320889884,0.00323656690701992,0.00277680503988107,0.00468751548740576,0.00584245435209431,0.00820728584800585,0.00862389246935656,0.00839474781015878,0.00843102916057898,0.00640414808844534,0.00994877216214797,0.00507815430830057,0.00405239437776063,0.00945912814536382,0.0142690755858106,0.0187680021759362,0.0268451874189582,0.0207024435405191,0.0154500167898408,0.0225899683342845,0.0245633859872419,0.0177974955098012,0.0151914693572223,0.0180989569889143,0.0149598319949722,0.00692042236877525,0.00734713367500839,0.004107687136896,0.00442731107724835,0.00419728111045267,0.00689736453197146,0.0147857880808905,0.0190750270178519,0.038031991944572,0.0373398353493766,0.0325751347307467,0.0258269229893502,0.0177620033997106,0.0116147226908673,0.00741185185461794,0.00577675134420319,0.00577711571947159,0.00740673798750382,0.0100520421446085,0.0143282115107266,0.0155657368451387,0.0105785480378351,0.00769077836994828,0.0067957424982559,0.00502417198532985,0.00540785693847859,0.00811005279071642,0.00908486030449407,0.0149698701394156,0.00836394650624889,0.00415843418070758,0.00348743884535182,0.00277244287735686,0.00316824892497429,0.00260151011028676,0.00274261497713171,0.0028777758993735,0.00358220715901522,0.00656049359033638,0.00599931554821234,0.00191963272639446,0.00189562224590973,0.00200141937551656,0.00216675554487155,0.00229734444274699,0.00232044418886874,0.0024887519231711,0.00396914742324193,0.00482281672554748,0.00556684537464493,0.00635517246517269,0.00789531515224875,0.00724825477551081,0.00577987509450441,0.00509141669265969,0.00401694758610183,0.00255108889339105,0.00155201955121374,0.00191939132685956,0.00252879931876625,0.00276466325616367,0.0032650019583383,0.0047281336811246,0.00578502605621708,0.00452765189220925,0.00349203193478929,0.00203523644796418,0.00218068199167646,0.0035969489028566,0.00330609995594579,0.0036531115721973,0.00370682829629745,0.00513177994396213,0.00584255808586584,0.00419764235841258,0.00354547835380426,0.00304744118200387,0.00292366748098902,0.00249851691692233,0.00241396022903606,0.0035229910889622,0.00781453616136283,0.00812486398572087,0.0123322060418692,0.0159092660333418,0.00990507363430625,0.00938815053942597,0.00370471719531045,0.00237284468286231,0.00254636956399828,0.00279392971548537,0.00263703009315517,0.00255291686175041,0.00291930554882138,0.00274010924513742
0.00469628803039855,0.00649347246420163,0.00405124941266515,0.00404568909563352,0.00491445820080204,0.00506063499104588,0.00358966922246586,0.00443236962379258,0.00617292674584615,0.00615886422606479,0.00761926548661748,0.00586273545932252,0.00646012428553136,0.00453136822060678,0.00570313840093612,0.00653629255327275,0.0111127184819074,0.00816453347940954,0.00706392234056605,0.0126789520991859,0.0152160127234758,0.00842950026085399,0.0116040159169179,0.0205575769385152,0.0222667105361993,0.0203203290881391,0.0182524867577737,0.0243345385085208,0.0213862281055949,0.0171703718265404,0.020200216504344,0.0169957061761805,0.0153002767050641,0.0116333007337712,0.0191556767078857,0.0139842045669484,0.0105795987071601,0.00889146479696688,0.00657417865019371,0.00601631995823437,0.00520155249252223,0.00477835652091624,0.00670816738988168,0.00768624856532059,0.0108015951777301,0.011569859136313,0.0118973391860866,0.00964451248426143,0.0072738066204921,0.00820262938111038,0.00589263686147683,0.00622696187028899,0.00685526209137726,0.00904588726014852,0.0102702276114653,0.0114814973505816,0.0132362038171851,0.0106864415539984,0.00953147186036332,0.00694717028597797,0.00632300933742809,0.00596330526852965,0.007334921341552,0.00669139383768466,0.0065295931603586,0.00500855378575789,0.00474933578170215,0.00553793135836782,0.00563683590948449,0.00523994474868252,0.00532408062032879,0.0100486085861384,0.0128248965168147,0.0130511018660604,0.0146673362653512,0.0194111089878265,0.0210031966990892,0.0125431831907102,0.0123303085029286,0.0090524214698905,0.00415302113523289,0.00366905590206819,0.00441875633021782,0.0037685510038981,0.00405643585491902,0.00349431337681404,0.00405162223307272,0.00445331831675357,0.00388165835147674,0.00333139925710356,0.00339238056196426,0.00326713610664833,0.00218111134814279,0.00229351111222573,0.00363284436645747,0.00567191408902667,0.00592760654868316,0.00723362900560824,0.010954115415496,0.00651961506531359,0.00529842426560626,0.00259222504953778,0.00205798963538723,0.00162584927912227,0.00165393543030271,0.00268854427056151,0.00439463345890481,0.00378395321929683,0.00429158771439877,0.00451683536355009,0.00426945398505272,0.00361563004566759,0.00342767560167952,0.00303959841080974,0.00196287421322101,0.00251091932762996,0.00227998712174195,0.00376958238157184,0.00447641946174917,0.00527387771897573,0.00737830040720801,0.00547546189667557,0.00501108795797602,0.00348441742502837,0.00302670113372914,0.00299869048529434,0.00330865936576418,0.00526175190809672,0.00282683328485592,0.00300596916382025,0.00291385389392511
0.0171311252899987,0.0286032349409481,0.0242134401148053,0.014459115829327,0.0158899478127266,0.0122562462255025,0.0037808405674148,0.00363501408697456,0.00297043899947859,0.00239405928755932,0.00255027685289804,0.00228984869277796,0.00227358876287621,0.00222256682058216,0.00292982309645493,0.00260492800244711,0.00313256423550637,0.00511254178288115,0.00532434407451337,0.00428867893509757,0.00348043087333444,0.00673835530561267,0.0083815473650488,0.00554069897701925,0.00480753208446176,0.00550919454824158,0.00298309349003082,0.00315420483598239,0.00576058386169723,0.00293332416804711,0.0032879140366208,0.00545190081476091,0.00438543324429195,0.00292306267189364,0.00470263089423098,0.00508794353106092,0.00411368241226846,0.00438817311169325,0.00369586595437598,0.00385919541559745,0.00423187454110448,0.0142030858676554,0.0188524865697842,0.0215857994094978,0.0236257738196465,0.0237177561364936,0.0214015711700619,0.0166266986226431,0.0164084241695822,0.00925261482348052,0.00672342901717864,0.00518869808441748,0.00646832367219023,0.00593361337993418,0.00562295748733727,0.00526004388641574,0.0070818209312115,0.00994447741146973,0.00871472856597268,0.0085070053510657,0.00787791225666317,0.00626512496465722,0.00634978907902041,0.0062843106222404,0.00935771572004855,0.00963350510676716,0.00234618273738648,0.00187694278539121,0.00242665667576068,0.00333274988405013,0.00443827145551161,0.00649920890427109,0.0101743062738958,0.0101676631182675,0.0111022381044408,0.0092242619425857,0.0116475212394801,0.00999494914595179,0.00916035264510395,0.00947455480691915,0.00743343506207955,0.00561700488317509,0.00317554001722923,0.00287329242408671,0.00823944350575488,0.00930986278666491,0.00410574229670112,0.00522558246097377,0.0123705884719272,0.00928095127929649,0.00832451628928379,0.00398224773725037,0.00303335262240492,0.00600119568011283,0.00743249986701047,0.00981518125126871,0.0122575480877976,0.0161746468789229,NA,0.0150233395283688,0.0122877520788928,0.00984457457287364,0.00633634748024035,0.0040505468757451,0.00338002597142731,0.00394452180387923,0.00911140161366307,0.00906335458518662,0.0121006951338716,0.0151363667913376,0.011411636823928,0.0081041805980031,0.00729575466956201,0.00603720041098353,0.00329305016411704,0.00345680127137848,0.00382137653647688,0.00889432228065889,0.011040431659075,0.0152646090547414,0.0100655141059021,0.00644213793056315,0.00636422123027315,0.00340834118172605,0.00257966978434408,0.00212249346011469,0.00321361479567155,0.00366810192070725,0.00421844086577593,0.00505973668803396,0.0030740141379407
NA,NA,0.0116301659484887,0.00545764412088812,0.00545415688400709,0.00592863401062838,0.00420119942901066,0.00302089197172971,0.00179023357790367,0.00187788875070318,0.00145100593599212,0.00145619784477887,0.00239077198747381,0.00258065851612892,0.00478250615374597,0.00496681568983504,0.00549321854018721,0.00469545500332796,0.00492095790112737,0.00637558084674014,0.00496883033143031,0.00566682497093009,0.00735169117876412,0.00536161407943046,0.00647508060562161,0.0075387288289035,0.00714929720753702,0.00968942533378903,0.0100896655214483,0.00682383715028072,0.00908227438412868,0.0155158915350761,0.0111405622751508,0.00703185226378268,0.00909230571779243,0.0126311259122032,0.00753765485652887,0.00891401585004876,0.00717401109409124,0.00598749672256787,0.0049532256373246,0.00618680044788285,0.00541409197912412,0.0054163121280583,0.00659564325660792,0.00642793996073423,0.00515732181664302,0.00476648241686358,0.00456701766746158,0.00590237079885012,0.00705864816526615,0.00758544243159766,0.00847297339681348,0.012835471430206,0.0144764961746197,0.0149607934091243,NA,0.0180402906410212,0.0151411138948177,0.0111599542703185,0.00836846593555469,0.00691579653470155,0.00527419298412984,0.00394966986374744,0.00396285379038969,0.00359647917097807,0.00407265019883504,0.00332672482410012,0.00317975205545387,0.00390464179314371,0.00485357007533814,0.0070040675884961,0.0118383830552214,0.0128743473044354,0.0155314484543687,0.0100928872189273,0.0103477406770537,0.0106352883197536,0.0103589104536369,0.00809202074313422,0.00745591146044015,0.00417431400952926,0.00302561446709674,0.00452996888951489,0.0117054956500269,0.0136151693620362,0.0188109730786154,0.0206826396953843,0.0168866355560916,0.0129634536379782,0.0111744129403131,0.00951575355244804,0.0029466266009617,0.00289353357937284,0.00494910238115372,0.0139604029263016,0.0189728937826369,0.0243658528149458,0.0364649556795508,0.0192704923299003,0.0151702465279069,0.00488273541250833,0.00297122233593913,0.00217356928872327,0.0039639062275881,0.00523527371867041,0.0136313286991901,0.010495927063234,0.0117641017981382,0.0148230925998644,0.0114202199711862,0.00822775208613849,0.00728114265408849,0.00627955249521643,0.00203725200696548,0.00236803390258905,0.00372533821177229,0.00515104207509865,0.00546702844053912,0.00735157818912832,0.00836932631544917,0.00544352234589462,0.0052374447349609,0.00402425343659845,0.00277319946417886,0.00207780874169275,0.00274798877598038,0.00251190084688524,0.00267042341553236,0.00436513592710651,NA
NA,0.0168875123968453,0.0193577894026566,0.00972619980701777,0.00893798003581381,0.00959199339081519,0.0031961899397707,0.00297576097663478,0.00228214212492172,0.00196887872235813,0.00212317389752024,0.00190022395812953,0.00196652951874465,0.00227128647639878,0.00256970405233388,0.00279762271523176,0.00350405162369549,0.00461063066375376,0.00488342095395068,0.00525965975708316,0.00615121905438935,0.00561891556545462,0.00735594560382746,0.00748841642881085,0.00664109299543992,0.00653802454242757,0.00589169326438551,0.00660759577312655,0.00824354964870512,0.0044805718486663,0.00464086159514699,0.0069638473158745,0.00606702152958157,0.00259072802437477,0.00719393513061298,0.00659766278561709,0.00572935751557189,0.00549050624523815,0.00315836488888371,0.00313976133471881,0.00339845770168018,0.00530654214371991,0.0102391731257598,0.0123906283687316,0.0197581767705281,0.0199381470413855,0.0177330560381851,0.0133257402674126,0.00977955475599457,0.00628427870472275,0.00383073970845207,0.00268849458359483,0.0036756180011389,0.00628866926618302,0.00741575377486537,0.00834620076997629,0.0080683365579881,0.00805994460685696,0.00715102290319128,0.00549397127287328,0.00459006214674145,0.00497561581355362,0.00463803982367707,0.00607205393952708,0.00823688548153252,0.00550481618216669,0.00442743122982442,0.00276142014103897,0.00555007425491291,NA,0.0109286104131672,0.0102212640583803,0.00885311745707448,0.00880587232566078,0.0114906727459243,0.0103884949942976,0.0118531520339462,0.0130059464667983,0.0129482987200133,0.0133642848862223,0.0131186773094133,0.0107052638990508,0.0084622218980225,0.00617361126889528,0.00670258348042223,0.00683549629339285,0.0070601520848062,0.00726517857742395,0.0114567971110636,0.0078571340517522,0.00827021146327382,0.00776855407623934,0.00695399080462103,0.0102040786736263,0.0117109148261127,0.0133888995127002,NA,NA,NA,NA,0.0126591267007161,0.0124115429828457,0.00978012904002399,0.00728685147633737,0.0053837827909695,0.00853860070360831,0.0183150364381494,0.0198764344907734,0.0248118873403965,0.0314687971885662,0.0238992222282514,0.0152423018809858,0.0145065675953978,0.0119228314285805,0.00434743483522787,0.00407382483447932,0.00535259357569937,0.00663056272263148,0.00685817320619505,0.00636084382481815,0.00619984191093167,0.0045419721579525,0.00516197084028516,0.00383596248352624,0.00346261672191266,0.00208682680513712,0.00456025709619451,0.0040418220149086,0.00382376922611155,0.00523931797772456,0.00219689116761653
NA,NA,0.00412937623126783,0.00311412514763212,0.00268801140596929,0.00280262385567659,0.00311265113286674,0.00307499953521682,0.00423481255861711,0.0053006364507994,0.00556223320870819,0.00626749738646476,0.00558536436675297,0.00390963239059584,0.00465348189470394,0.0042859069403748,0.00480232345858585,0.00336661698072793,0.00361964932608028,0.00520304468951177,0.00437291966012446,0.00341845761524353,0.00448849645858328,0.00600317918937737,0.00622453375725996,0.00829188581187252,0.00724866721532432,0.0100555634330825,0.0112025777702271,0.00819418432946267,0.0113479662751489,0.0141065524165871,0.0120183372040028,0.00833463833097224,0.0138392227336657,0.0129426846143687,0.00919697961020017,0.0106897811942727,0.00745152683340721,0.00756079294919831,0.00393382236017666,0.00449089357529967,0.00726720817403043,0.00925661053608564,0.0176797366622111,0.0175514389441759,0.0153013605088229,0.0115111710977194,0.00886125677220201,0.00660767261851136,0.00705407226659709,0.00820410786974978,0.00997597131765883,0.0142487520440443,0.0165579535372215,0.0150039492866194,0.0148686700323828,0.0175102664559881,0.0162085789112067,0.0160395289365089,0.0120693259150058,0.0109861745230894,0.00565971608415688,0.00605214129657987,0.00679485221027698,0.00415414105699535,0.00266007252209475,0.00235780953150338,0.00510839670986132,0.00522641230243306,0.00969219117641272,0.00968217033765962,0.0156835702954441,0.0171481085680973,0.0205412352936352,0.0120527659470949,0.0142285992267289,0.017375880500872,0.0176897519294843,0.0146487927479213,0.0148362528715958,0.00766322925452909,0.00503731062193012,0.0033700829639368,0.00381032665800548,0.00382113305278102,0.00445212859249161,0.00521370229075068,0.00438203893545574,0.00394979178840984,0.00408214241816111,0.0042978249285747,0.00376286412860279,0.00472822940075801,0.00805926111352406,0.0138084958727683,0.0162441050637855,0.0190492627522946,0.0249955087886,0.0140381915062975,0.0126304462603567,0.00575702246906596,0.00415072926998665,0.00413263759568455,0.00344331481271626,0.00373824964003575,0.00444985734978824,0.0036112727007122,0.00466042125385485,0.00501764808349284,0.00395606012455518,0.0037468953249089,0.00356290059382251,0.00425682254058567,0.00358960903877785,0.00382473759498493,0.00377639219831008,0.00400698525905749,0.00355519514511548,0.00367079513774055,0.00431121544487746,0.00329631406544154,0.00396102180047896,0.00364475067235247,0.0039447705592816,0.00400071020824036,0.00389665241040539,0.00426751341490468,0.00357627410824316,0.00308473601355719,0.00222910145991855
