"V1","V2","V3","V4","V5","V6","V7","V8","V9","V10","V11","V12","V13","V14","V15","V16","V17","V18","V19","V20","V21","V22","V23","V24","V25","V26","V27","V28","V29","V30","V31","V32","V33","V34","V35","V36","V37","V38","V39","V40","V41","V42","V43","V44","V45","V46","V47","V48","V49","V50","V51","V52","V53","V54","V55","V56","V57","V58","V59","V60","V61","V62","V63","V64","V65","V66","V67","V68","V69","V70","V71","V72","V73","V74","V75","V76","V77","V78","V79","V80","V81","V82","V83","V84","V85","V86","V87","V88","V89","V90","V91","V92","V93","V94","V95","V96","V97","V98","V99","V100","V101","V102","V103","V104","V105","V106","V107","V108","V109","V110","V111","V112","V113","V114","V115","V116","V117","V118","V119","V120","V121","V122","V123","V124","V125","V126","V127","V128","V129","V130","V131","V132","V133","V134","V135","V136","V137","V138","V139","V140","V141","V142","V143","V144","V145","V146","V147","V148","V149","V150"
NA,NA,NA,10.7071653905721,4.07425224757982,0.259167171706921,0.17738304974787,0.208141242348323,1.00882891195874,1.06614444549355,0.627250069377036,0.396397068914722,0.479743511049656,0.862373380604402,0.899104235810413,5.00481786807322,21.624798130089,49.6213538762108,NA,NA,NA,NA,NA,NA,NA,NA,NA,31.7555265982564,44.4998904659183,18.8458052390507,14.710642049364,2.52600835380334,5.66553049980138,7.51104654736744,0.216288827185853,0.793222123986179,1.23688229350503,3.83506627120383,10.8212708412287,12.1377522604875,NA,NA,22.6152310850734,NA,5.87107628764644,1.04051856812846,2.74818979173662,0.727532720681194,0.864835920375483,3.17446451006686,15.5425560944641,4.93163495715196,11.6433933145069,NA,1.20886542277065,2.25049913045358,0.235251831656293,3.14371582416684,0.703685183474383,1.36680527233024,1.06826563187874,1.301953576973,0.671207015130836,2.91023503189615,0.794371104954006,1.45290687127797,2.52942060709774,NA,2.3133053550644,1.23811357799332,0.0462710555436016,0.101327859312961,0.711302469303431,3.22933249108828,15.2161370866765,NA,NA,NA,16.8108177689677,3.29303735296572,1.71907029723074,1.13714588701183,1.41928984802266,1.61423047188309,4.16186016918119,3.85425153904606,4.65483986218869,4.78996673900214,0.751502001488889,3.50802933948914,2.18449866792451,2.80016289409221,2.68937522020637,1.206326476918,3.03674690190738,2.63838401968861,2.08935685942993,4.4068972147554,11.8481170669849,NA,277.267716988527,NA,NA,NA,4.32595037254166,6.8219588314713,NA,4.91521967026047,1.56309582963248,1.48981674820722,0.852799019589171,1.00809641273835,2.36370522464428,1.94150776156193,NA,1.27001535116342,2.73005544001064,2.25694662319308,1.70833416723012,1.75367844142753,2.16713721352333,2.38798653533656,1.58129494787069,0.865422473020034,0.917970227276478,1.44717472819351,0.303481053097848,0.192298516801553,1.33807174447922,0.634765979501249,0.695950115394718,1.69340865560437,0.726758582058492,1.66286980948344,7.26064195441734,NA,NA,NA,1.80968285877168,1.72402213493328,0.969325708300328,1.24805084662895,7.43078398836084,16.7168415982333,33.2756435333167,36.9158840664429,5.87514505227899,NA,NA,NA
NA,NA,NA,13.7366822077059,6.53692016485762,2.4643628365386,2.01411528269346,1.53055039516443,0.606120368788283,0.242699467249437,0.490994420663904,0.528203036548969,0.378123197115896,0.26132983839119,0.102074339805797,0.695817286384395,1.11089936771051,2.16256506891326,NA,NA,NA,NA,NA,NA,NA,NA,NA,2.20813866158029,0.640146510090418,1.47585410150076,1.23788498034565,1.89926887582842,1.37831958465644,0.861287662005156,0.262437234555246,0.102978715791648,0.241486763473752,0.254309134561186,1.171142176709,0.760717891262334,NA,NA,5.47601599514026,NA,0.381473712516485,0.126927211560847,0.36014606161577,0.504730409903438,1.07117140248775,0.426434338455479,0.172973979317976,1.17543506424874,1.07029487614441,NA,2.22853262687297,0.518328317896083,0.510314921173445,0.245601741013429,1.3271273180439,1.77465276034023,1.30657672017448,1.21978867574657,0.124750530466935,0.494260265166548,0.455306878016264,1.91733635508471,6.00988869846624,NA,6.56074283618964,1.21024962815559,0.228129488740756,0.33640765378251,1.71652309307494,1.42550706350084,2.46761407243436,NA,NA,NA,6.99727294010138,6.10082014632651,0.878918926644337,0.54844168811078,0.722818273824119,0.782354728310702,1.05612820758985,0.689202954284372,1.38818859490314,1.69456008304694,0.47528554499619,0.134700668547882,0.159748151425006,0.226197111701064,0.20614225340449,0.123917908106796,3.80553982254396,3.48717191068357,2.06079937905356,12.4758678387342,41.0711479802423,NA,133.916517912422,NA,NA,NA,4.41688134132951,2.81413490325684,NA,1.60959374844548,0.215955420847284,0.103095874072462,0.153139623180302,0.0875915595019898,1.0578987485092,3.24689629693404,NA,10.986244532439,12.5267210874528,9.59181774892849,7.49915515602445,7.00919255337993,5.76144665177828,3.10170892082266,2.35112903471785,1.45117240335411,1.02447837995629,0.0822626888933978,0.0167098727295513,0.344434643033454,0.464944301390629,0.980751025759933,10.176964227095,10.3068605807424,13.3356086831379,11.2843867478021,26.7532524989242,NA,NA,NA,2.92159459092075,0.573322070733496,4.01497675860472,18.833586233629,31.9149365986826,35.078307791508,56.9489887102228,20.2506196403957,59.5278158968762,NA,NA,NA
NA,NA,NA,6.7498629139954,2.57550325668507,1.78138715293418,0.886298583714489,2.24331563170977,1.53609251658755,0.444860486712876,0.471787618273601,0.711424013054166,0.685715399616166,0.644369801587885,0.786259285604669,1.32901524739006,1.56928263470973,6.10974564400681,NA,NA,NA,NA,NA,NA,NA,NA,NA,231.023820962982,144.397943908742,75.1133013507437,56.6745600002943,2.32817132771528,1.36408641914163,12.7020733025543,1.76502143583695,1.56345173726272,2.34831210414429,7.02578599043065,10.8991382189811,29.0079646198537,NA,NA,28.3964998825375,NA,4.20188363545125,2.51462156975444,2.56277778704733,2.26358612763524,4.49711878223357,3.7605621744284,13.8100017590019,9.67554698110611,22.1863541045606,NA,10.7775788483481,12.3056991742389,7.81182422052294,12.8774533190669,7.99734996829335,7.5949145947519,3.00411198919563,2.31121813759713,2.01876757385303,3.70586205964382,3.90371730373645,2.88340192894434,2.13245988809635,NA,7.61832189645557,2.32746305333991,2.06326067653515,1.97422816642103,3.06292891030477,5.01104528107495,24.2117436749046,NA,NA,NA,9.71476294716897,2.28832490835673,1.01156461700482,0.805350642494639,0.788353940052216,1.65248359750411,2.21709594655344,4.62012657801579,7.44113985408621,8.41633064353693,0.753531886306757,0.612364054340903,0.581565410681698,1.39023559580864,1.17250034911921,0.402325936846914,0.444858293075777,0.857254412745021,1.64631195014454,4.93991708200321,6.94751651276087,NA,13.141252666225,NA,NA,NA,6.19496997664262,4.14407938699151,NA,1.46318176706023,0.678068655336707,0.659101079928007,1.26053993744726,1.11655489949371,1.79520456206604,1.34104986048582,NA,11.8247675325025,17.959058586514,14.3938529866582,9.48088738827525,5.68209004414266,4.2559970279409,3.36959841844823,3.8596319450256,2.01821271037715,2.19086421854291,1.63453690534554,2.20339864261945,2.15281111331988,1.03053406475515,3.93149610524676,4.79008609687127,1.86662934422298,1.48769587058428,5.23871129274328,4.76603514252675,NA,NA,NA,2.36014275246128,1.45805102844037,2.74718551144418,2.91032434901475,18.6662034637465,4.48565242042022,12.8476064385265,12.7972454876173,5.8516991753475,NA,NA,NA
NA,NA,NA,17.3671052617417,8.07113156979561,0.690591982606239,0.445254474987672,3.36950946447254,4.37640186630898,2.48672059147888,1.36515901202008,1.257016684339,0.491017680484444,2.10080371715445,0.479253922518424,1.32603676121764,2.1799441240067,3.68896208353105,NA,NA,NA,NA,NA,NA,NA,NA,NA,196.165983100221,105.398005605369,57.6774020443542,55.9074228378391,2.95537625243584,2.0978702656141,16.7869265070075,4.48932400335641,2.1000536671063,3.30691076370402,4.20441109406458,5.04033268406058,16.1668099983878,NA,NA,12.8900827624132,NA,3.2152196098949,3.28754233001009,2.59720210317644,2.86068940109895,1.88837330413245,2.54884248554179,9.50956427148545,9.28771124133615,13.5702663083307,NA,6.30931009178617,1.30292562382925,0.55800149475949,2.94162655265516,6.45674464627089,8.86888581637894,6.01651693931561,2.99642753659481,0.985537193358383,1.44234883619281,1.43120730842447,2.22309473285217,3.55454137989977,NA,9.53977194391622,2.7344962993017,3.52357483921535,1.53658993129233,3.0253238095629,6.43615291389059,48.5786204774713,NA,NA,NA,24.711014324878,8.67733685765327,2.70217962301632,2.90389862640037,1.31267401639304,0.675793595354443,0.375881517403213,0.646107939622614,0.709600036379525,0.52869341632342,4.42381640001589,0.0511624759981613,0.113186957243626,0.924609128497003,0.854034117305698,0.666862373906262,0.641056783992164,1.21091369646843,2.01279337806698,10.9730728378959,8.84338031061386,NA,3.88719978616914,NA,NA,NA,3.81555726555305,4.30545257773897,NA,0.678808278543335,0.450744112042647,0.371524845806397,1.01333677050379,0.563596156472738,2.22453241265251,3.29527830757118,NA,3.21471979077451,4.95738092298833,2.48417091504438,4.15619441533312,4.51490789295463,2.89317808042576,3.47038177474737,7.08570297698014,5.03129984036153,2.9225769199527,4.13458338318301,5.83479648710514,4.40662984422059,2.16629143671448,5.96816488172665,7.17941257345396,4.51920958823801,4.46621362106815,7.3177128336087,8.25440982919239,NA,NA,NA,4.25569216025364,3.08717048315164,3.58733500745829,2.24151823485721,15.8437565587804,6.44600727551208,19.0548270335507,28.260731164124,11.4992275180402,NA,NA,NA
NA,NA,NA,17.3161980834836,3.83384030688109,1.67195291366475,0.32611905684052,0.379291484780854,0.0456300890011535,0.396595785803463,0.406569030239293,0.0617841014627365,0.0200410303725095,0.047400859350616,0.0330951820307027,0.154086993416741,0.224123271272237,1.00345220419283,NA,NA,NA,NA,NA,NA,NA,NA,NA,0.522266189738779,0.574661561487712,0.603051151913221,0.658500093744786,0.327709211347108,0.0547474527753577,0.0608264877566386,0.170815154021285,0.168236826599084,0.787245040772372,3.00624006952491,4.52923632458439,17.8775964620201,NA,NA,3.17618036554261,NA,0.55853466595578,0.0611144995188147,0.0233028067112514,0.0256027134679469,0.0466639990936812,0.167528821629308,1.46608877360045,1.55300104950646,2.59113542690138,NA,7.10022278634018,4.14031116328078,1.53380476799018,0.752672475701759,0.954200423749342,0.325544473256947,0.167878803755668,0.43102961759293,1.13578002708883,1.68765578089675,0.524614084973528,0.845948031062859,1.17470647344573,NA,6.47639678486228,3.25792647308716,0.630950406094515,0.316694331621829,0.51782268841562,1.01325117387607,0.851000229920297,NA,NA,NA,0.663458687276978,0.444806073506842,0.403230359203429,0.697039668527742,0.804596045275923,0.460977979809307,0.0180176641464851,0.198448017968181,0.978862984436412,2.253253986748,1.74374542686595,0.429467100786271,0.243604820237182,0.0411515345878575,0.152022164670867,0.0753641597511363,0.0533963777877979,0.309773017448847,0.352029876115392,0.310219051928198,0.435644365745443,NA,7.11283650194174,NA,NA,NA,0.604402932476405,0.548086164176395,NA,0.0246466686175272,0.119698900896639,0.047316885018767,0.0740225031876836,0.606365208792572,1.44686648058291,6.55444338957177,NA,11.6033574611058,5.7798275960615,6.31213180926471,6.01889623453393,4.47251578019166,3.38137561837319,2.29362878009147,1.75091760276538,1.27371516346333,0.903391595642394,0.508269800308188,0.629707938745584,1.00051482093519,1.24389817114588,1.97011611728872,2.16399095433109,2.08024948523426,1.28750255533334,3.51599327065153,3.10844762783032,NA,NA,NA,0.577871459466377,0.299764613599054,0.484922748188877,0.393694283411493,1.40104541312671,1.29003494795929,1.46270365370943,0.698572767835879,0.72204944855806,NA,NA,NA
NA,NA,NA,18.6458316651018,23.672141461528,17.0400238311586,5.83860975130895,5.80085521009285,2.33974128898937,0.829057540608958,0.272210202183517,0.253891333451691,0.229642004475078,0.178958927555006,0.212705756393665,0.50183412497073,0.929726900496799,1.21445801405138,NA,NA,NA,NA,NA,NA,NA,NA,NA,0.352128308924461,0.419344696687373,0.553547085127393,0.428761869436547,0.416536131343751,0.254200659801723,0.680192845694265,0.919251507448605,1.03038314315679,0.918001448313416,3.90063383827288,10.7099134982229,20.0141695109074,NA,NA,1.42697936740391,NA,1.18440752937564,0.628451267138253,0.233015941597159,0.11255745825489,0.0946957966264182,0.180444222671788,0.62574988544763,2.91184316362907,4.58474274021795,NA,9.58333877064789,8.75526835074358,5.8303140032056,1.38279471810179,0.775324618133613,0.92250969782071,0.476652783344075,0.571603170393819,0.521686062533798,1.15699251072136,2.08332692249605,1.84620483928741,4.95928175802588,NA,19.3945348828424,11.2884343823524,0.541095701640804,0.665095041328881,0.734572492906643,1.24689079717149,1.33903223008325,NA,NA,NA,1.04329628176505,0.631709287179598,0.323066502600402,2.14983927952636,1.25911353050208,1.02549519226742,1.18928597592182,0.837947206117692,0.239796273104429,0.464950698541443,1.45285533101695,0.987570656914403,0.545597184524226,0.115903325829619,0.951518101566622,1.6322108983829,0.310835317821811,0.184970539475809,0.300066454998613,0.531926188358689,0.56327806033136,NA,3.73501627093193,NA,NA,NA,0.603743150924987,0.511413359766212,NA,0.611954624796389,1.04554076990691,0.0284750002198392,0.130927240717533,0.615011210216384,4.39874477712031,25.2388689305339,NA,24.2432753492264,4.4507196723391,8.66568635698665,7.91768853406598,7.35811478178001,4.37443774431844,1.37905692271857,2.00135021252842,3.15954402010364,1.41669045234247,0.460379467355029,1.47419111113105,3.84497628079904,3.36612299893051,5.46515359269899,7.23722651989985,8.87752650487318,8.21502214267228,9.1551637242577,9.67083356971477,NA,NA,NA,3.43686585244424,1.10629659078555,0.103179478455578,0.80374000952082,4.31134499581717,4.73210744063434,4.72101442433739,11.9423668203269,62.0014693031359,NA,NA,NA
NA,NA,NA,8.14247174779327,2.39664858479424,0.739936059985865,0.655078921468402,0.933501853535767,0.408486556362083,0.566385846152062,0.604368816700384,0.358500196719971,0.36341809592666,0.103013849615534,0.0992341719505051,0.254201912976734,0.164318867909007,0.241698021691048,NA,NA,NA,NA,NA,NA,NA,NA,NA,0.206289868173715,0.0334062205899796,0.0551772780193402,0.257202712393369,0.165719338974958,0.078942448866649,0.143713573194103,0.237805842325347,0.55407607526484,0.956729201491425,0.669387936670919,1.97932516358123,4.13579527656093,NA,NA,0.52202146262663,NA,15.2433870431453,0.0629676498509884,0.155596228600315,0.130404391781091,0.0498719466823708,0.0500394280399292,0.415223500641957,1.20702593548723,1.45617490580651,NA,2.87839514693923,0.752580338870886,0.359862469013961,0.118711175587479,0.121810708823399,0.0666254569526045,0.0657253039863359,0.0468065847233557,0.182037827530749,1.0045957144516,0.463813872711248,0.375010245594283,1.70635789892718,NA,24.7463088056038,12.9748503447521,0.489038616228296,0.324700124495027,0.495436116866634,0.99882376822736,0.912862037541762,NA,NA,NA,1.03795208158746,1.21440045927653,0.168780686615377,0.760677123920756,1.81184983717119,1.18003014781925,0.915544692712524,0.895047214069718,0.800002277251098,1.04315842610323,0.157464811025662,0.822248426018809,0.874483971704695,0.053837755147255,0.747648408600601,0.78693482151129,0.339165246294481,0.485326258683613,0.445988277702776,0.547907103252614,14.9781741736771,NA,6.84145685553039,NA,NA,NA,0.197719019755659,0.203354416582486,NA,0.470377266195394,0.139048883116282,0.448056936522544,0.917114173070715,1.01917079793401,1.70779502979131,6.04503762936893,NA,1.30658173301811,0.838685268723617,0.335419247072737,0.146324903798655,0.0675689434187172,0.324344754236837,0.756903356568195,0.313861186622288,0.0789630979567345,1.21558176391759,1.74286955608343,0.550408109066591,0.839071778770688,1.83511378382304,0.862675023951209,0.190363468296793,0.570510934611227,0.712601532387109,1.86857936698389,1.7480336339001,NA,NA,NA,0.856848641538454,0.801535507648589,0.265674577946805,0.361672746322175,0.75198546942982,0.155037645095977,0.185282062547545,0.332451369525904,0.326141244647405,NA,NA,NA
NA,NA,NA,9.08877035191619,5.2454805154894,1.75001295891638,1.21979178410972,1.95070446805901,0.0151795827762121,0.100277328977056,0.247800481185202,0.441824723119223,0.303224340389354,0.148927580282815,0.146492731147052,0.523988117978828,0.494158105347187,1.79174941111,NA,NA,NA,NA,NA,NA,NA,NA,NA,0.158150291291217,0.168399523220797,0.0807415781350438,0.0781280145050896,0.396011611464518,0.550069421412702,0.115790848010494,0.174537735230437,0.400505185271606,0.842068164299498,0.437758883043911,0.839065188874071,6.51302392528123,NA,NA,4.43681577962611,NA,0.699630152781496,0.394454919586269,0.210533069636198,0.0215347744868657,0.185602859175668,0.117423625988714,1.63492663296745,2.24462470772183,14.0372787274043,NA,24.3040499530069,6.26100158884376,1.03441330877146,1.22721652245465,0.41911088056358,1.05812489576758,1.15425130019712,0.0265034403943415,0.314840608958575,0.389228142019845,0.460382435453817,0.781261861096694,1.05397829502965,NA,2.04930479226086,1.84769137438005,1.14117810108285,0.456130580290817,0.398393307689547,0.756145468234267,0.643744196573886,NA,NA,NA,1.11938645225229,0.520420147626576,0.829158803034165,1.7329740422757,1.04843698001115,1.03435811613302,1.21733684737549,1.12133620952118,1.89842600909902,0.905370707084113,2.39441992400312,0.0608077429706648,0.144759483252791,0.0448493255241636,0.329608175743003,0.23292867533357,0.181981956886076,0.82129019267009,1.19312396825245,2.0797565801605,4.06610343497637,NA,2.38067499904489,NA,NA,NA,3.04109721016991,0.901480619699093,NA,0.342042400516853,0.276571038734958,0.0542783051617646,0.128409523933306,0.441968002422683,1.18991987907289,2.02688020361637,NA,3.99281035368074,4.28471573660955,2.6907116314364,9.31390984503026,7.31344541610414,1.40357860684815,3.09179912576399,6.85154710839507,3.59316002142264,0.948184544383059,1.83965423924849,3.12069505895132,2.10294870173381,0.846064866096642,2.14956260211634,2.62809697950783,1.96170286719345,2.15557751555471,3.50652849074861,3.45236150651927,NA,NA,NA,1.41010513636636,0.874796397550788,2.16272890600738,2.27661496574625,6.16210449259886,1.44018745960695,2.6081578826083,7.28994676672048,12.6779031787674,NA,NA,NA
NA,NA,NA,8.73973130346918,6.356128024233,2.15672705402783,2.26811711043269,1.60418635200104,0.0587550972695163,0.0585385970079015,0.032951146547168,0.204618823400418,0.313786767895003,0.274474264438255,0.037131962031202,0.205579994275135,0.113012301616491,0.574757146024789,NA,NA,NA,NA,NA,NA,NA,NA,NA,0.667788920308076,0.386183730479284,0.172879429704267,0.160146161698995,0.244622051459063,0.0407869212288401,0.0784888755693901,0.335035932010552,0.451822993927472,0.451534130059607,0.794957811048013,0.228647998693522,11.3775409659661,NA,NA,3.49752199450044,NA,0.485707499838002,0.157826085075649,0.295118158889216,0.512336665041551,0.334410045297601,0.347485805778547,1.21748582806302,0.137325859019305,0.18311573553361,NA,1.93977662629914,0.850096520898487,0.493027724219489,0.25011514852104,0.213557823741108,0.231499365569401,0.0714704766255076,0.204040778815621,0.335430959638833,0.304304805822386,0.300061896217279,0.598458059891923,1.81802394648242,NA,8.95875234784572,5.08241442048495,1.91348839301807,0.164440195501878,0.397450585209906,0.544823663559325,0.331465114422254,NA,NA,NA,0.75918524343785,0.343496994626091,0.384966851906029,1.87876599553073,0.899414632394241,0.682965756952354,0.28427864169789,0.782980909233163,1.67946148509766,1.82733364462689,2.32209085701189,0.0773093681088405,0.106399113613182,0.240336387833928,0.280287247051445,0.264250156043853,0.164575121268387,0.587007005279688,0.495829511810687,1.19538744301925,2.61152744269851,NA,2.06115012961172,NA,NA,NA,2.47619089828004,0.490402976993154,NA,0.191287809675351,0.218283459901303,0.263003094773582,0.262129332291957,0.247448824966873,1.31627247106138,1.77314488926793,NA,4.2030643781743,5.42527437635844,2.14388883344772,6.75854526627238,4.20911787749966,0.742393530671546,2.30109775920878,4.35863503914343,1.90832015287247,0.39567961385183,2.15785769854642,4.07168403696799,2.49925516296404,1.23759812349341,3.63711598806098,4.02356620972366,2.09666761079741,1.65273830329956,2.94747085050863,2.76188708846705,NA,NA,NA,1.32459401907232,1.09972601741763,2.36461960635083,2.63528640386753,8.58502010992643,6.08050524898452,4.57644188811708,8.13916954017883,20.2958391540894,NA,NA,NA
NA,NA,NA,2.13738098109261,2.0480272805429,2.12551322129382,1.21041110044656,2.87859773153009,4.78919492612897,3.8279429360371,3.15525478776705,3.71886014882884,2.96254761312506,3.63775613696038,3.74941364544838,14.0599546235166,35.5892455382124,96.0895278969639,NA,NA,NA,NA,NA,NA,NA,NA,NA,1.79200252606126,16.5402949845897,38.3159179578909,103.324496630431,2.43245212920608,1.7314096056484,15.9622561223556,2.47972433334247,1.93897874526409,5.73459611936465,8.28427004188576,7.24323315215408,0.469720453286718,NA,NA,11.3442264261915,NA,8.96459671363047,4.55182760326096,4.16804920142923,2.53595784704549,3.83620879364543,1.41338328541932,14.1426522313298,15.5217680211766,34.8892774469486,NA,44.8661146810809,8.64502007029385,1.75394366199136,1.71182518815931,9.22986915242888,6.44753643668028,3.57371722056626,3.77143708774539,1.98029788749625,7.20708591119874,14.1002684317919,5.37992198342285,2.27229037407925,NA,7.38480478217635,6.22973026569256,1.05221965859806,3.65913241661394,6.88100203981055,9.46179816729012,26.0972797290005,NA,NA,NA,46.1226939871309,10.9461251945686,3.5513007797232,0.585950504685424,3.33003818714102,6.27072807852673,10.2684691527503,12.4327997510058,13.450545997756,12.9434612313972,5.65783694312258,5.54671638959495,5.08425632669384,7.11736751851188,6.26455241285129,4.4672819536434,5.33961705312718,6.11293401102936,4.98107782890233,11.5461118219704,17.3509793937373,NA,68.7281666480237,NA,NA,NA,7.34500118584972,5.64847593118469,NA,7.86177973087665,4.26931756829823,4.6703510078812,5.215012790689,5.6115304735952,5.45428173255485,6.25001158250352,NA,0.529762290663887,0.425416379645793,2.80401374929672,27.1200805616257,17.5389332999196,7.16998639057512,8.38765154874313,14.3392171218723,5.81555655044197,3.46476092517788,12.476957055287,12.5352414418483,8.24957227075622,13.4545767824708,22.1599498382802,19.785161449025,18.5235910474743,17.4403198619433,3.64331287420375,2.36523714330686,NA,NA,NA,4.48969850451961,3.07785292781949,3.25015819901828,0.969062184738297,15.5831107705825,7.74092636356891,30.4736957948681,55.5659534057658,28.9346070640132,NA,NA,NA
NA,NA,NA,11.1356716867548,3.07868753541064,0.393634302356964,0.288445634672758,1.15247657584799,1.8529949672445,1.8408027897823,1.73452859628484,2.07440545354756,1.35604773399825,2.16182666330234,1.71915928380699,6.29200913769696,20.6245028510726,71.3059132719633,NA,NA,NA,NA,NA,NA,NA,NA,NA,7.35681834380636,5.02969843832886,33.8252293044741,19.4016047379256,1.79567736648756,6.49178455123686,8.00555024069252,1.00223749453406,2.41099887791024,3.81184205186318,3.51841786260175,6.93320569680945,0.775903577410269,NA,NA,10.9654658006941,NA,4.77465296867689,3.28760443482631,4.46242825859538,2.70324249704876,0.976915222344612,4.81259853347556,30.6577274411375,11.2141435381464,9.84860473116828,NA,4.5208344746448,1.36078816026577,2.77917353874957,1.11154688044318,0.252883354618601,1.04755776575793,2.35709628530901,0.537749855043376,1.23994612204949,5.95740301369203,4.18256822598437,0.271261019917018,3.17920523078944,NA,48.4909957096254,32.9494091865569,1.68495714687499,1.41864947954035,2.43965265640468,9.29488237113184,15.7355130195504,NA,NA,NA,14.6561780822367,1.3087936630349,0.401537719599611,0.52931851892428,1.30229190922175,2.348729705481,3.46029308269088,3.18508029260351,4.49742787389958,2.22929372323879,2.43909216493138,2.33519354128762,1.90837951462844,2.85280346755331,3.38917073728356,1.83349332033995,1.06732748843537,3.35187231312708,6.29094419887856,31.4065750009331,57.8191037430373,NA,146.313985035012,NA,NA,NA,8.33517914715181,1.01445127654085,NA,3.03198759473541,2.04014893793022,1.99879701676378,1.86945693741528,2.00844808524241,2.25892472897867,3.32180793403577,NA,4.17521949250113,4.49358766919245,3.80057201196528,4.68344791040512,2.63055335393051,0.595162570742708,1.72602699694384,1.25003207319938,0.468820248081361,0.834940127053438,0.526432566091612,1.05264809144426,1.90997092744284,2.60115840544374,1.53944191161723,4.34844674439791,7.17337410497734,8.42577999740693,6.20303344035271,3.43896431356207,NA,NA,NA,1.83787030533208,1.76232042405966,1.52419781556036,0.871324355187112,12.1237921546799,12.8493205484408,62.999910586593,77.93405739633,27.1614490007226,NA,NA,NA
NA,NA,NA,10.2893844234938,3.81810411918385,0.488186388388366,0.0625007767849339,0.167015344807512,0.926971116576795,1.06717271172966,1.02412200663185,0.604320628482931,0.602127993877872,0.886352350044261,0.953518542101203,5.38828899889885,21.9608811597596,50.4746107582818,NA,NA,NA,NA,NA,NA,NA,NA,NA,35.7755371194461,46.0538009248589,20.4477857643623,16.2936649890017,2.18639304934252,5.81213343764796,7.47180826727713,0.308196772676806,1.08791145013013,1.78098109734313,3.82368466084712,10.4373576600867,12.2470758739853,NA,NA,22.7675831202424,NA,6.22989689546613,0.99729402582463,2.84136984292892,0.861857856241567,0.612037973837268,3.46927739753034,15.0202304808076,5.62328088041006,13.4454946618894,NA,1.6123780000928,1.53295735560719,0.205644634900776,3.24976868042642,0.670746998173289,1.86790688548572,1.02350102055238,1.33231096347837,0.923114489616747,3.8746223234887,1.57787925265212,2.09496802144831,2.71580077220572,NA,2.02552226118512,1.09365209169022,0.091129312719201,0.118534249878164,0.790335002218478,3.56231704952923,15.1334019918073,NA,NA,NA,15.6252761100887,3.22480707012892,2.33358565004991,1.34558628019046,1.41014655561374,1.96943406224827,3.90769535692127,3.69886359038723,4.57828517910246,4.19536534589506,0.603300570706434,2.71678983194458,1.66104056984769,2.00878811597295,1.8998085098844,1.31653945887187,3.08989925941263,2.62460987467726,2.37426170245835,4.18022515662923,11.3324264624653,NA,279.503381212894,NA,NA,NA,5.22245712544514,8.04370989723814,NA,5.44793049360621,1.40414292303182,1.51400205923583,0.813228331200133,1.15446799617173,2.30639606911183,1.84451504913475,NA,0.844872818798249,1.92015652004162,2.37437319954662,2.33838866211494,1.6834777028101,2.12665534081343,2.14627901294188,1.52521550530555,0.926251973907079,1.06616936634731,1.24984452810427,0.47698854436768,0.457298374380747,1.10966459207711,0.71777922161964,0.495116644907708,1.65217308603482,0.919997149324753,1.08811653098028,6.38781772259874,NA,NA,NA,1.70765483058092,1.23601592759005,1.26392116038107,1.39137186727976,7.03439433390319,16.9068481546713,33.8776659275583,37.7134265801102,5.36123564166001,NA,NA,NA
NA,NA,NA,8.17397267231854,7.95553227891036,4.36326866871129,3.63742100030627,4.81470608631991,0.496895701017144,0.473017808215348,0.338051894056341,0.24949995254609,1.21912406248242,0.679456608453161,0.492627060938508,0.641128040508179,0.529535357386224,0.593801668380369,NA,NA,NA,NA,NA,NA,NA,NA,NA,0.862014764014132,0.441193879820258,0.187394982438843,0.318278159982199,1.25174236233904,0.972873607481621,0.367167927736579,1.34293720063559,1.90413171068459,1.98985970938342,2.3394939433221,2.64332370925633,16.1241060616041,NA,NA,3.76192241906586,NA,1.64336786967034,0.481513171476047,2.22297338633569,0.462225738125924,0.171206692570757,1.05498392508744,3.50404857222154,0.647753209763231,1.5031450667843,NA,6.29347518301704,4.99222687938282,2.64783553637447,3.15992249276216,0.800232827301167,0.376288057283894,0.358929561557204,0.536827424795163,0.182390501825869,0.801253633766867,0.105035937078341,0.678604720669992,0.874792047488703,NA,0.466653732518236,0.544681513562359,0.760047041935834,0.13056218853898,0.100807754889621,0.0946797615960653,0.893346518373531,NA,NA,NA,1.19585098408004,0.541330674251221,0.668389448942093,3.58309647596241,0.91276769241087,0.4434134862625,6.99009556427913,6.56276965227898,18.9637334343346,32.1049067142083,10.01922516614,5.2889633319775,1.2013043499183,1.04717884698709,0.981872321185707,0.279552489196358,0.353479113568756,1.1003946589376,0.5125176992831,2.57210037646531,8.71745200835047,NA,13.7505962566147,NA,NA,NA,1.52813943057975,0.580533020515502,NA,0.286094677614999,0.911145055802112,1.41658855209295,1.27564645464536,1.73571196709093,2.27103925590698,2.09233317304018,NA,2.81713713924876,3.80364209331381,1.16534034187043,5.51853074901626,5.05112934781915,1.23033118110298,2.03377680231864,6.6971948568962,5.66255303593225,1.96312628621642,3.74608180553941,8.92097536939961,6.14445696578288,1.61455258081742,7.7501661532199,11.4617084696753,5.45730204575929,5.28437919652734,6.5359726811388,5.27354144479312,NA,NA,NA,0.8942230983472,0.258563331007421,2.0137657469506,2.98819855317828,8.61888416649063,5.26173884934326,3.50444324828251,5.84762167944637,19.4754072396536,NA,NA,NA
NA,NA,NA,7.28905724240919,0.310272432319591,0.384654607331438,0.798391148304628,1.85826091855714,0.330267541783538,0.29302686042383,0.255806156508865,0.120102353174999,0.952559282666096,1.01232564523314,1.12645394886674,0.614771533707538,0.594496773401477,2.73443085274611,NA,NA,NA,NA,NA,NA,NA,NA,NA,17.5638295312796,14.3406180792101,6.92400789497139,1.83141820381204,0.992895614897252,1.3372554346195,0.749118706367048,0.646602067933737,0.660064464237149,1.56367080289672,2.19218693551849,0.938509190541921,4.08490776168595,NA,NA,0.624407013417097,NA,0.830335375044947,0.681578803102258,0.504178887955844,0.835202237136807,0.900543188992349,1.40644678670835,1.39126561672193,0.601451277161852,2.18732368698782,NA,0.655143913251623,0.45940218080433,0.323946278950449,1.78247668279693,0.962866071617747,0.263111173256027,0.243816181109027,0.482224105165933,0.515924959589027,0.124766728535012,1.14945619440116,4.76141473959152,5.21962403474349,NA,6.443603844788,3.56265710935505,2.82546460816087,1.61935833439046,1.96369957720576,1.3364135988278,1.03564187452701,NA,NA,NA,16.6221337127009,4.54836477948118,2.91320604562056,2.23668278734183,3.14970205021741,1.99779368986369,2.49623858301199,1.58293371999556,26.9045724336586,52.3888794879787,39.912685908866,23.0114558778837,5.96727173280688,0.650674578845124,0.881227418663124,5.51663715771407,8.80211189789771,5.45594724934157,2.55147350034049,5.28342487142783,20.7960605942354,NA,163.911475234354,NA,NA,NA,1.4810817163752,3.44127704219271,NA,2.47653442667397,1.44671771691537,0.307842957330061,0.560028300094571,1.08271365280664,1.53944749392577,3.27543949064656,NA,8.95975478515378,16.0145520291364,26.9641464189322,21.0039591643453,19.8131902621911,11.9916979733066,8.12555561437707,7.31707469362398,7.32715631968599,2.05538410877985,0.267593371303966,3.05377502498805,3.80023269000438,2.72565481701808,4.36719376172039,5.78268010428651,3.37971609177048,20.86359065189,23.2866763535511,22.1654118130821,NA,NA,NA,2.93315158186664,4.57321463019665,24.8686623861495,45.93244542455,38.5738757987748,6.0320420796725,12.1676810940491,7.4470776857255,8.22635700750471,NA,NA,NA
