"V1","V2","V3","V4","V5","V6","V7","V8","V9","V10","V11","V12","V13","V14","V15","V16","V17","V18","V19","V20","V21","V22","V23","V24","V25","V26","V27","V28","V29","V30","V31","V32","V33","V34","V35","V36","V37","V38","V39","V40","V41","V42","V43","V44","V45","V46","V47","V48","V49","V50","V51","V52","V53","V54","V55","V56","V57","V58","V59","V60","V61","V62","V63","V64","V65","V66","V67","V68","V69","V70","V71","V72","V73","V74","V75","V76","V77","V78","V79","V80","V81","V82","V83","V84","V85","V86","V87","V88","V89","V90","V91","V92","V93","V94","V95","V96","V97","V98","V99","V100","V101","V102","V103","V104","V105","V106","V107","V108","V109","V110","V111","V112","V113","V114","V115","V116","V117","V118"
0.911124864180656,0.519268760639353,0.173119521002889,0.198048382700072,0.112807681657006,0.205192512045504,0.118626280707199,0.133719801549124,0.25094525416104,0.309077864197667,0.016031551235453,0.106205602238049,0.524955079814025,1.16855912471753,NA,2.69644571429006,1.81022066334632,0.196059468535891,5.11748292192108,1.20775273804415,0.277828328295883,0.766916167447613,NA,0.0766740463601485,0.012531730693564,0.0103309589597857,0.00941568371946143,0.0250108897888457,0.0414279280886149,1.20587728780402,1.54169181866675,0.0693528010111909,0.220418738608547,0.0845040455649008,0.123512097696043,0.257854409332337,0.135624671517661,0.097199349949301,0.12911813217075,0.0570591592383864,0.0558337876565465,0.0822601991290497,0.0725965166481161,0.0689876670514047,0.0233134749070747,0.0180516075527774,0.0589359499377138,0.0929543282356005,0.123586813709514,0.134217181040965,0.187431030691161,0.171737025826094,0.339119345246209,0.355615924695908,0.92675844384298,NA,NA,NA,2.0323522677793,5.10337693590601,0.829056318687299,0.389314194106449,0.299918436883583,0.0673693863364676,0.614572179043559,0.7693604246689,0.505237021330943,1.9762271647202,1.64243729200563,1.13876058148911,0.833204977742493,2.32909187762112,0.924715392474024,2.04971773787612,1.64595072096352,0.977574272305875,1.57168828460641,0.525144941901757,1.25131369926908,4.77888124018813,3.6956034716761,NA,1.58360723468836,2.91812734534045,2.15188884034815,0.357784983905105,0.192808642694749,0.329763469567904,0.107709794502487,0.09094790547045,0.169561261792442,0.102093458900792,0.0266800395275058,0.172869363015397,0.0830830679110005,0.140555609543259,0.0896513015232995,0.168492335831241,0.130647892054002,0.0720897888098175,0.0988752263469368,0.174142952934088,0.723426124353941,0.565510878305418,0.501633127711472,0.45272669314591,0.316128662683191,0.0857657109278092,0.0818046842974674,0.0941012968900308,0.0870763406168443,0.631731177224638,0.203292812433223,NA,11.6316494114831,6.0190818520162,0.815971742696766,0.186633924290614
0.0196051169079145,0.124044895374807,0.227567844246757,0.379933249911233,0.450471669259094,0.749516399757093,0.166958232406753,0.0732620209500777,0.0904886469471285,0.332492956818814,0.0624008430593528,0.311219238983682,0.784213448457929,1.77149489750346,NA,4.99822036431173,2.62790015300366,0.622022041848069,4.97325550968942,0.676608641130958,0.0726414684670072,0.0679240284283022,NA,0.0964987727328649,0.149667990694661,0.16274116207828,0.200946341360425,0.0984146940040656,0.342082367436845,0.292708169765182,0.191044563309152,0.29153976379264,1.26295233790211,0.0589623402371451,0.998263330645938,0.462051976209274,0.286098514212312,0.565379477219941,0.145944071420684,0.0389990277036568,0.0133749706888331,0.0082291812267726,0.00238259931000539,0.0242702508828628,0.059809745869367,0.0265244894772044,0.086382315801084,0.0911794446659869,0.181475797657332,0.13352007634625,0.262850049539998,0.549614784181787,0.639925894409268,1.0352413032124,1.87464925143076,NA,NA,NA,64.4472541907493,38.2914276674434,13.3963116142559,1.24180506408247,0.582339980548549,0.369029404671307,0.399039114680798,0.0379918602285139,0.0743034598542022,1.95184854976959,0.525052855241957,1.40021659498706,0.79480347975924,2.43416824539889,0.975113146293952,1.67828860233802,2.16989926815648,0.534034441552849,1.74455117803608,0.602549267067742,0.0304215835641963,7.24471506300901,6.85233512678736,NA,2.79319993982937,3.84150662016294,1.89262680374136,0.260812604274186,0.264356943524828,0.306488608194416,0.245959787210487,0.299643984491474,0.605311672434448,0.116785847117992,0.0726496946572821,0.186901223580252,0.125610306556196,0.21334379189137,0.0869052304852706,0.134624316653599,0.295955985592408,0.306749768650768,0.0105681735094314,0.0180937010689717,0.110599224021884,0.929403215413003,0.295886565549854,0.148762674760543,0.427401629992934,0.157645401733419,0.196118905948729,0.187911085051789,0.0146398140502803,0.768969289092366,0.682938946950597,NA,6.0053327008575,4.67719295900075,0.422295640712031,0.14499466983222
7.81850212103867,2.98435137121325,0.5076556821153,0.550487726057378,0.440143714305896,0.0736589068393541,0.0895470972775491,0.12086856859254,0.297933835037568,0.349346976463353,0.0634261997754409,0.769484492534776,1.31757220109049,7.41913544941676,NA,0.102434401428092,0.104956405906952,0.0382068072483418,0.218451850430696,0.0128226354231402,0.0472000741770405,0.404597271704587,NA,0.214146897894922,0.144437594462791,0.0964195515202969,0.150302745212708,0.320732286971744,0.944922692700847,4.45605037372882,11.2002127650784,1.1390044879429,1.66895886205439,0.29748031348604,0.217730620494179,0.0138649123660243,0.132055647207213,0.0441615009312691,0.0164001448369673,0.0096717275274256,0.00820532401632215,0.0152915066303177,0.0492624119420905,0.0833872529509252,0.0703748461890878,0.0660882202460287,0.20094660099832,0.171513664066981,0.0219419613578871,0.193892978909911,0.358017660584174,0.302383665501356,0.398746866174449,0.619023440442306,0.729175340366586,NA,NA,NA,12.8296010453039,2.47480013316349,0.954561597502163,34.2811123153773,43.4299570871375,51.4677749270537,25.1919508394684,4.614965703665,0.458398057154394,0.211517888542997,0.549028206008255,0.307872912946067,0.789016672686417,0.113489946465321,2.18947292353463,17.2251892705063,3.53860539984664,3.33613639840794,2.12525933660816,0.939625600590644,0.714944740979407,11.4861196244546,35.5128028016469,NA,1.83499053899613,2.85518879766396,0.88501753539734,0.259792569624239,0.814030671716791,0.335324853865994,0.0841317417074644,0.287357493390831,0.131785588269908,0.179971356628725,0.160494135110278,0.695459859448215,0.117644857659221,0.112282165200772,0.0828841719062254,0.273315410417023,0.144967200630902,0.217019882534921,0.706332940732667,0.580557617847675,0.150461352642132,0.0295632920505511,0.0292900479505244,0.210039635034064,0.376597524774623,0.508810929493834,0.363828119069816,0.4458495510441,0.648305491591023,0.538103999220658,0.9660538734093,NA,0.172862034945844,0.666491642587847,0.356849247912564,0.224946860457925
0.244725750424173,0.589849572733936,0.240151495956664,0.105522797398279,0.228279343607569,0.17442549094514,0.427492717922393,0.386184864541161,0.859135253264592,3.13827831518354,3.74682631014849,1.95157115042712,3.04999897787917,24.1953033963218,NA,3.8546055630804,1.08582558231575,1.44508149506113,1.69244795964609,1.10915044181124,0.785888317689673,0.621732784057209,NA,0.187727210787352,0.157748182837369,0.129802122162254,0.314498501735627,0.180451354162196,0.783399856690083,1.15777379006553,1.53676460120834,0.892713733334481,2.18332559059169,0.508974009964377,4.37132057170959,1.62252380362413,0.90766990964772,0.516269640230236,0.112141515540822,0.0906639247964314,0.199938980091327,0.361927170899694,0.486834965128247,0.466008547186461,0.49998342691143,0.609735587318424,0.720335705785144,0.79891977636913,0.394115912040101,0.490861473490122,0.50670428205346,0.394784300936596,0.456405558467733,0.413500751754872,0.553584949004538,NA,NA,NA,16.7093042991539,0.238148437262608,0.630553915501722,0.289135225482425,0.515193037854706,0.664082038129887,0.327570199705718,1.7302812305255,1.07476796289609,0.265040197452002,0.360184570207486,0.0525536352648764,0.49049904741636,0.596064967290598,2.5575934256623,1.3000325402638,0.958218344334308,0.77729435136847,0.60599515070191,0.0609286352973647,0.708643839660845,15.4518587648384,35.8562006786507,NA,42.0231957113202,2.33051258362583,0.961037819937355,0.359444680687955,0.399864562239528,0.455546043679965,0.301081353869347,0.0609077559546236,0.0693263232077608,0.288071422765107,0.16840470885016,0.174757221998712,0.123895120625412,0.205786184626607,0.376760270445852,0.290765094589146,0.360797632233068,0.563886455908077,0.645960413250746,0.879435187396839,0.597315281401208,0.716922058245227,0.466802522925461,1.19106612513146,1.68597947830263,1.79323972420399,0.763486552124763,0.906647019267284,0.866004165281029,1.4158200881049,1.36041509673544,NA,0.655337820765768,1.34453613751563,1.04484095298203,0.167580542655602
0.178120416949894,0.06282819095124,0.0569953496440714,0.164080582308034,0.222464395718671,0.14758795484758,0.194248940575935,0.516823516710994,0.881226473822944,3.00386429320682,4.17217139909121,1.06143783072031,0.86863746074472,3.81623877196541,NA,1.90598716183625,1.39010257219648,1.59549672025643,2.38583049799408,0.371828392508025,0.436181425466235,0.932381968967327,NA,0.227324573897108,0.0889589709700175,0.00794657374202312,0.13115466877879,0.0961586067317387,0.13427416804534,16.4180859014968,20.3177980694479,1.64179912080231,2.31479997305405,0.323629125775827,0.858238482378367,0.442284740724871,0.567887926166471,0.420175702537886,0.44013577207343,0.237987058654243,0.151536979285188,0.258519685785972,0.291697727258853,0.204377034680885,0.386830848536551,0.230117571786831,0.189363614113371,0.149539240903626,0.0707903140469119,0.0821880162284957,0.0772325130192563,0.227046743118172,0.117485313753816,0.469739081509485,0.291824698053964,NA,NA,NA,14.5663687014393,2.58256788044912,1.23492516564497,0.61270210164858,0.815418648409868,0.891352731953428,0.318795731354069,0.838779696803784,0.428342177684984,0.184278398987962,0.306720129735993,0.31619265089323,1.01373860431798,5.78141079781439,15.0544520196732,4.47374803389219,0.345594484271359,0.436476019333257,0.466466006417323,0.0507842633649662,0.189066807960739,9.96221183550644,21.4887921743565,NA,3.47005693305794,4.06612870092911,2.11216755779686,0.354698954293046,0.975463080711599,0.827483498997099,0.201451064792875,0.133893140498531,0.196684610566358,0.174965535819457,0.125811839522253,0.153903317105439,0.163735520500639,0.0194049340370642,0.133293685758614,0.266129302673833,0.0571165629212985,0.0376324185926138,0.0961755755001892,0.907394179098983,1.04825043156023,5.05069416419711,1.45414761777858,0.111821592119081,0.152609998721679,0.403650963436043,0.154750774675261,0.44058137900138,0.801533779017593,0.625987521456865,1.22505984731594,NA,6.39674031267581,1.19016216747074,0.311052308947229,0.0357421481282798
2.62648610344851,3.7391170267991,5.36748410183172,2.13490608703346,1.4223763347967,2.21027454697491,1.43107325784893,1.49590092206205,1.45168739798059,3.65635888631795,4.23696650791227,1.72433893155681,2.91734185248184,5.35712248240771,NA,1.52516844175155,1.66700750965417,1.21678158464578,3.03535307031726,0.220337683164386,0.0953432332557856,0.0516797423752352,NA,0.32039112972604,0.236617696151635,0.232033936190592,0.162012721018403,0.468820437292128,2.37780879136996,9.21307971998094,14.4795027087063,1.06173850751262,1.16857421029507,1.65684837996924,1.0864830385304,0.331682498029416,0.121342268084062,0.108845305179888,0.109624756479108,0.0761093865664533,0.123269731854848,0.0797153227328211,0.331969959443518,0.316610621105665,0.176586028231702,0.324588552296924,0.682532043807831,0.984049749128005,1.34492937935468,1.0768772950498,1.10336141323057,2.54886570535855,2.19986367295527,2.07665748406272,19.5740744988772,NA,NA,NA,10.8393184685343,1.4758702065234,1.12511195929337,0.60494075835137,1.00228649733468,1.7376018303547,1.69662737196527,2.54142210626991,2.23149592897536,2.53290966176166,1.71905237667841,1.01689583692567,1.38359601688413,8.48470391254789,11.5719270250153,7.73246741006671,3.428967411216,0.907972406650722,1.96749599964312,1.09529776701002,3.35833553896835,19.6896470857278,14.2141532076871,NA,0.319650271156469,0.694978165116321,0.0603145407232847,0.554157013442706,1.11945584232536,0.41357204929191,0.0523003704180695,0.234187676528757,0.165233238456751,0.233459860313431,0.159426277866604,0.183630468438646,0.229960862983103,0.452625372233768,0.275817519458554,0.242848811791337,0.38068916270436,0.32195694361066,0.11546193840101,0.649480997617598,0.81787096068709,4.09660971319237,0.730597786945238,0.239257296163328,0.743443662057357,0.711375298947147,0.673160239726382,0.54031730988642,0.648174931404783,4.61384240554047,14.3800153675697,NA,9.18302819310648,8.51797790127637,4.56424240003069,1.78689710818556
0.72732734757384,0.649018194806987,0.445592709698398,0.511614968762838,0.454408493265787,0.430866285128191,0.335921294551832,0.320579627292507,0.336479039753436,1.9033788401993,2.90735444693665,1.07463267217244,0.307042846491749,0.669155412886548,NA,29.0041150078518,4.24649995847789,14.792545112752,19.2993135428863,0.912877347615251,0.29048228062788,0.623606666261993,NA,0.107834621865377,0.238783425879598,0.112186251423867,0.0763918493561446,0.232928888869778,2.0540006190655,11.7542259706785,21.6564420841865,0.840835338405083,1.46256051642184,0.15498785875889,0.570122284292099,0.378243897927346,0.32893467256835,0.421557001219718,0.254724369203985,0.13375798397787,0.107848729549172,0.0979879967938289,0.230104330908757,0.0637294814985331,0.0430452481876879,0.0551658726287468,0.0320863867104116,0.213361243061819,0.259781642166295,0.100088554259732,0.0934742328348461,0.185985342934738,0.144306595610621,0.803658122968139,10.9548148989695,NA,NA,NA,6.12142542061008,1.21979994230461,0.680923491892499,0.7795148372503,0.729665909561341,0.429878915468257,0.421272691489975,0.453143385680624,0.548943843742538,1.00935263233191,0.795819685709859,0.810440417756631,0.812683112732839,4.02012723853181,8.33581714230135,6.80340203707038,0.95795718982753,0.926775710970779,1.13247922169469,0.618097820188859,0.689230460017684,2.08596698466701,19.3746271784982,NA,3.38755871650016,0.0458893924160024,0.634068387615389,0.18685189676206,0.0207648724004789,0.184557105787048,0.0270476178320706,0.124455066784211,0.101965101800879,0.090894780720822,0.0936470308332147,0.142184946022637,0.0273995778429263,0.145122951178497,0.0951088602206892,0.0433356532351858,0.0864388706831543,0.118736505668783,0.0374276220910704,0.843663508964024,0.876736467574453,4.93764935074691,1.59529287911496,0.610543401753489,0.45191176751512,0.693850233882436,0.439359549097341,0.404960773022506,0.546697591960583,3.17125857727338,5.71431583253266,NA,7.44353580723735,6.1353921667318,1.53794453849377,0.164061997327596
0.562048969160741,0.555718509217596,0.998371673593896,0.716293171492539,0.62975866187913,0.758889112591513,0.865764458192461,0.502158987299028,0.537302073775194,1.54346064130937,2.41340719870358,1.14507823042458,0.887782738036295,1.08184756089283,NA,4.25345971246401,3.42771912359024,2.6995516858106,3.69897118923965,0.5553346559897,0.621206625207055,1.38389618718521,NA,0.932924526616847,0.71965126088578,0.25252736760252,0.376683757460473,0.791342520073503,0.496940014443862,0.363463421316701,0.340857809230825,0.881804156354722,1.75418817169131,0.293489077583043,0.0638341309935461,0.13200772757367,0.389907596384435,0.0395388181087889,0.175832279231205,0.275299004254629,0.236408174389881,0.164843084926066,0.231239519867135,0.608430477075928,0.357796992940509,0.43005565501963,0.597495549788588,0.350934515174815,0.420242727292425,0.471756462093312,0.420461992083008,0.549258243092559,0.26708594175364,0.0368053269909354,11.258057492424,NA,NA,NA,17.7424261131213,2.09070886546951,1.35627792036642,0.709755449303139,0.770551133973538,0.734557435263823,1.29872014843467,0.572091098606159,0.422592280843695,0.427611559401003,0.633465647000264,4.02231303000221,10.5291600374152,20.6093393136369,61.3893972831638,33.8605275775308,5.12274827162014,1.96531894517752,1.34816565405552,0.148063148153291,2.60427226748957,7.79202789982684,8.23299428394478,NA,1.49459078952627,7.09090146876981,2.92327659281329,0.0152458841836075,1.73004277214354,1.63136616201447,0.456717057119397,0.762585175438144,0.861116831283759,0.773495749276502,0.727231593191905,1.3641229062634,0.670834677500582,0.742998482080318,0.730840592635775,0.961069683831335,0.50933110857811,0.529815293223264,0.401383294656107,0.36733955716475,0.57833809571698,6.58334333548258,1.77387068989405,0.831093657052102,1.28378347329636,2.99015782602476,0.792623826063034,2.27893060148019,3.35171818389381,2.43146171270138,1.80185492843192,NA,2.72302378960567,5.1277595007823,1.32517114273218,0.268029295426412
0.898173999188323,1.04338769479515,0.437474693562024,0.46800321733439,0.864134139676508,0.481051323850399,0.291783743598787,0.440924290789445,0.541878726632625,2.06190232740615,1.6601803501085,0.229949392024077,0.570937507701318,1.98742392778334,NA,2.59290235194217,3.66365577211149,2.45990259145224,3.92580986633837,0.668793656714456,0.148973670938234,0.590031538496032,NA,0.389404777617289,0.294054187673448,0.197968486390773,0.16081278196602,0.349828655824002,0.268111786576514,3.72497835135196,7.00582071356446,0.693420257738484,0.732790452951265,0.249278929754039,1.1058513280577,0.12775421001217,0.384281121744155,0.00871701952059268,0.0729547525400818,0.0994591604541735,0.141093033270882,0.103838227272205,0.0688887723860349,0.189992161874978,0.0628553822511527,0.131723463227152,0.21380078132645,0.0315145749132069,0.150133909193628,0.188016720310896,0.0261817544624999,0.134256585671097,0.00217926534040665,0.248257057348229,12.2298999906407,NA,NA,NA,11.4735172332676,1.44575319319658,0.667940289934479,0.149422358079771,0.110940175940119,0.627112962777651,1.3235391639827,0.456209459979329,0.542861946825987,0.411615405235097,0.476573248773884,2.17738716960281,5.66048928367796,12.4258272187893,20.8050703888566,14.0489353505667,4.8277791910858,1.98900226550661,1.22400880076228,0.126277569765367,2.1420347326447,7.19376083537901,12.9749094325678,NA,0.538600473031593,4.18860051563001,1.82632947011512,0.0696259995383722,1.10692915794758,0.785192665344772,0.431578040891726,0.52664389167246,0.440065008261821,0.617208384142916,0.589452931455342,1.48683974955143,0.456967727571673,0.561103302873235,0.337471665406909,0.346357367610327,0.215294026916757,0.324566113124973,0.241093100721838,0.356160857036243,0.443430901207208,7.13410802261902,1.8196453704617,0.489310334162741,0.98613371257531,2.67676226151286,0.205596210914151,0.470068818479644,0.397352155659121,0.725895702271605,1.52497627662995,NA,19.6993792441892,14.9841000746079,3.28845852917816,0.496335953325677
0.159907679086148,0.354800097626904,0.338814803218546,0.323711380920155,0.388994719486694,0.340390479631503,0.421303654051063,0.282094385887504,0.311020354898111,1.64656498107661,2.11639893191321,1.10270687137568,1.98213542130389,2.14136717127354,NA,4.75836229654053,2.52319506172453,1.9734891341089,2.19140193453058,2.20315707684091,0.225207249081768,0.134945617087243,NA,0.0478004765969682,0.110036779380425,0.154243150949398,0.187178686105514,0.381539225341881,1.874812391155,7.16324751672957,7.21843695669367,11.2179189326879,2.47241385955485,0.581093216161144,0.377740131139063,0.0152838459988529,0.142388922256458,0.0161078732608779,0.47591610709245,0.226307122938527,0.27525832587229,0.206408415077992,0.101110107411534,0.0519606638022665,0.0832194622497239,0.035685894508422,0.241472612981232,0.185164659053933,0.338631101879606,0.375011698096137,0.298087390710275,0.758175291399557,0.591233760848447,0.623982245924894,7.39833409745133,NA,NA,NA,15.2089759763563,0.855698291397189,0.541660838367006,0.161324849198655,0.422579921325369,0.282397238479669,0.0824212134712849,0.119218005042276,0.311749356691584,1.39733687382709,0.885905264774804,2.20269853634993,10.3863443351585,19.5655470583771,29.0506969706303,19.418683788466,5.26398332096522,3.05728294448672,1.49511783984314,0.318646044057884,6.56211200067625,28.0113343928825,12.2339222328042,NA,0.63033685194838,3.21841508271546,1.1066396469306,0.0923519940198851,1.94601458000233,1.26545853287844,0.30785624479961,0.821519164548837,1.20331819087312,0.680848482544208,0.651786035241979,1.40439264930991,0.680787273874205,0.669429400725756,0.895985173991216,0.685524688324946,0.646855564697134,0.323954426734612,0.180339905064951,0.614357743432783,1.13556014883719,7.00359844838139,2.2546350029047,0.870387446083948,0.674250053242433,0.78831899692001,0.356069408895942,0.32781055183184,0.281254705852725,0.495744144385163,0.641880313959645,NA,11.7014441904809,10.1714686730642,2.84810652095323,1.11544342753647
0.324576236566235,0.386361937768494,1.15561544008364,0.572901487001593,0.429748743951004,0.738283554203827,0.956359200455873,1.32802109573071,1.29300363795781,4.92336042496816,5.88567865897491,1.36243618348136,1.53635779554943,4.81298580921684,NA,0.527395029290346,0.453149254715132,0.287498703373582,1.58108476782617,0.630593386827258,0.178161556341797,0.130898426720528,NA,0.0841480580912257,0.0174721280662902,0.00905451382270146,0.074755036792424,0.210770485856731,1.47518438425804,0.725625364072132,0.992056745565075,0.299572891096423,0.79460192258716,0.121158355845563,0.336591343545265,0.110711146471937,0.0646390138064567,0.0393467593461765,0.00192065170727845,0.0279344740415476,0.043050094943022,0.0350246234336963,0.0240324242655891,0.0710332449146199,0.0589932700498446,0.0660876964799159,0.032079676621678,0.0394902466564834,0.0711530943450807,0.0563021370608205,0.0662836478765864,0.0506826479043757,0.053650657021492,0.618456869198601,12.2807546664025,NA,NA,NA,12.3839419779061,2.08614478904031,0.755448316307362,0.0816414231816851,0.353610615075282,1.39141990234619,2.30156742308605,0.729612260671118,0.532111339812025,0.609291006335578,0.55318906609766,1.35056928267126,4.50189279140204,13.7513373474607,26.6065231064467,15.733499577767,2.71958140829827,1.44640840286904,1.2941382804383,0.3773533348612,3.31967687396652,8.67473179909319,11.3486377058705,NA,0.606194063408076,4.50046793255729,1.63180741388809,0.165469211956935,1.57865684197382,0.797054914998101,0.0576855161549107,0.450988359093111,0.44131009251696,0.420492229536018,0.349211831089737,0.890377150200692,0.187506789647933,0.302331054376732,0.400686322946683,0.459828302052003,0.207581166611376,0.239386329433806,0.225766328333414,0.222924016588056,0.409770459658743,7.41130314293971,2.32268477019074,0.520048338969178,0.0916534006671636,0.573611497696147,0.467795261301803,1.11827068874626,0.771750684199162,2.11769435297948,1.61228257990904,NA,16.3959984742867,9.94389339229938,2.0490957484441,0.0915288056631368
0.1441202535697,0.437690342362688,1.04293742338308,0.722204261117032,0.592693464142785,1.25565805256678,1.17549774458541,1.18489061186126,1.47083563046212,4.06438631211125,3.3925758562538,0.877923686427256,1.51860731421802,2.78133233809711,NA,1.89982170252699,3.17999824275165,2.49445098709761,1.0682593816949,0.563270402177846,0.133798063237636,0.159268187277285,NA,0.304364069721477,0.211211662824239,0.159788913503659,0.163806557339736,0.189103621975067,0.732735822158868,0.159563743038482,1.46069253818107,0.442282759554339,0.122575877781825,0.459089030641962,0.973488043056987,0.314393154480346,0.300895728133337,0.189410131350459,0.334270009809796,0.179023192452196,0.121681168197272,0.157139879812816,0.0384622856088892,0.103930614521904,0.143310683448953,0.0618600622961261,0.0275598081492715,0.0273095942839336,0.319914856371607,0.0659825356031361,0.0814440866661398,0.21432267559728,0.168087986277891,1.66436539153311,2.67540458470717,NA,NA,NA,17.5404468316705,1.59702709415745,1.40694696056617,0.200715560492548,0.244827954392735,0.536129193855363,0.903975146027388,0.600511954210945,0.533311537860439,0.460050742326918,0.389470308531715,0.0546636880867963,0.882614069287546,1.79536878161364,4.32988838852846,2.20048514020833,1.70676373444977,0.325548797643618,1.12809858842046,0.130845413657305,1.27201685076401,4.83553758650393,10.7258906583085,NA,0.729128525648907,0.711590663491102,0.389315584170843,0.194836609323108,0.615029648481418,0.451737993267329,0.176940522930866,0.219549517864123,0.0652691668746954,0.134242648896086,0.106451625110913,0.831031879090305,0.24276955613853,0.316653588174791,0.0489456384087961,0.242622061175794,0.040229082301266,0.157243471230851,0.0811295556139775,0.435162082924591,0.548180306128134,5.31335314793266,1.09159367520167,0.254737146115155,0.339064154398897,0.901346726611333,0.435919970821275,0.610098995902569,0.612766492901053,2.21903744888613,4.2026638148334,NA,20.5570635220874,14.3496168849882,2.78904306531943,0.22136322708402
1.96500159798001,1.577989878116,0.287173163567441,0.355664390727171,0.382620400592347,0.529366824948306,0.622556979063503,1.22363573074686,1.30024783169215,3.45253453633837,3.26286232296128,0.972636224844899,1.40118955907687,2.87045317566365,NA,2.16755250414328,2.95456305191055,1.31522828681888,1.72805736319875,0.0567710816296556,0.144046552175717,0.201189400308433,NA,0.0241593393082983,0.0266176684129054,0.103507034110615,0.073977438259836,0.00638125194814784,0.319468042009738,0.451417507437167,5.27734280916837,0.850844679986638,0.700823371917417,0.0429568535574442,0.10622797428051,0.0234509976932776,0.143528100285314,0.0393468803296378,0.0322961704052325,0.0143128402006345,0.0117352132374796,0.0734738768881908,0.0621923865560667,0.0800440954452434,0.073893757671997,0.0640547096746607,0.0917779933262047,0.339298333070432,0.620033056107649,0.17392042607479,0.148731949168411,0.388707932794907,0.150991176260215,1.17798150322135,5.19173220880499,NA,NA,NA,19.7304956436999,1.61298147548893,0.189312432255754,0.446356177159751,0.366828704899659,0.978145048780448,1.34921025329637,2.56972027643356,3.11532682548105,4.52108542646127,0.839721028486808,0.417290507775573,7.08306434100119,17.0729992115316,32.1221631224142,18.3485188176872,3.07622841616244,0.817229465856825,1.60473319146985,0.260983975449601,1.21713889615037,5.74429119437256,5.52796038773545,NA,1.90804674580176,2.33504378532378,1.19043538234745,1.10293421807951,1.38550165686244,1.03739740695712,0.245887877358457,0.506765879924219,0.204799328911289,0.110978266778388,0.223534554059685,0.642429980221453,0.112388593425135,0.184592338315324,0.0342986862881257,0.261761768181572,0.0621729946288075,0.0948673071427301,0.0904013004933722,0.719041071598468,1.07251884619698,6.061072051646,1.67190495959804,0.18824109541076,0.223967176194302,0.156391327827521,0.243997894542509,0.171562563137951,0.539622499465647,1.80930279493492,3.42697998109047,NA,18.8275075283539,18.5116798986034,4.9117580646621,0.219188165831638
1.70685253723925,0.817596251544372,0.314952191795182,0.923790308662444,0.880274776696906,0.795433925718738,0.467390031510793,0.444719672295465,0.777835305401688,3.68005552484875,3.18091899266286,0.455074330810416,1.90629209256921,3.12445960654338,NA,1.58197705519528,0.777685947692418,0.562466230590752,1.07958064651076,1.9981870189184,0.558094423952353,0.717152150155976,NA,0.632637879931543,0.0898087657915195,0.593173739300539,0.677997188736587,0.584416944778939,1.53909566285213,6.54145719790633,6.76139914247523,4.64381712686837,7.99273477971772,7.65272694630936,2.72204636988428,0.0934289120566375,0.129556789868669,0.0807549683886719,0.0449631138319433,0.454886231946398,0.272057238294676,0.0536586003876459,0.194475499717448,0.179628533571244,0.329430619712946,0.164034678291575,0.0883086783682343,0.175141870787281,0.170307145177333,0.245264035119136,0.31393942970526,0.195109209073735,0.347353871084791,1.04340699064014,12.5744945781785,NA,NA,NA,14.7953782192463,1.86532784084461,0.610193974344556,0.875659000233233,0.271594772740248,0.91967819302644,1.92421554544477,1.90367177809237,2.4291497639805,3.56148733713134,1.47796979614178,0.312211240924461,1.37301751708071,7.34842212041174,16.7313109548672,11.987015705483,3.30719865974404,1.7680249969148,1.34511905625301,0.236210757814661,1.50160309347879,19.0512187922177,20.5063361369169,NA,0.726044353048713,1.91629822826765,1.85395044043963,0.163869071925939,0.699166110106412,1.72578631614629,0.550382577444031,0.237628867466585,0.565515721843978,0.219225795018746,0.262819436540172,0.273719388884874,0.186416431396714,0.54177793117834,0.100051416637793,0.387454612100825,0.324790763060069,0.277524424748492,0.205049002872994,0.644974897476675,1.03823013631678,8.50192640807364,4.03597482157395,0.538899277658321,0.43418174012589,0.222536383082278,0.983853850928972,1.34268729879956,0.465034646060219,0.7841115859274,1.34702124463654,NA,25.1183694730416,29.4308079938172,10.2250901073522,0.837557311971173
0.492152048077414,0.485773091725052,0.596970892687225,0.34059756099815,0.270768743502338,0.192050445257818,0.524692949011859,0.449101764653086,0.488331036366393,2.48221367317296,4.51043549935025,1.03514956619157,1.09226652608823,3.06922381865552,NA,3.24308004836451,3.27957515050083,2.72807472114376,6.99168181252044,0.374092913144305,0.881806698292548,0.453082578823321,NA,0.0808398236723746,0.110848966702554,0.314018874088865,0.587334767691253,0.693967166801919,5.498626520627,1.5403411308202,5.82060601307951,4.53298665784415,3.19440580078981,2.28197303159594,0.197117051104176,0.0594809918381174,0.22462746645064,0.171780645443807,0.207095735017133,0.00316366927623141,0.213790974348256,0.125923433379488,0.105818473510201,0.0701060901823453,0.0552883644840383,0.0659614255300091,0.0438334451350094,0.176054134872975,0.176283605085183,0.171424125876428,0.349619672088513,0.911362375816585,2.25265947730724,2.26421693286216,7.76160546305843,NA,NA,NA,10.3803432792287,2.85548098983241,1.5542146442697,2.12358295316733,1.47326150714716,2.80096863019651,2.12358320735992,0.653959881399625,0.206194194470325,0.387142740914294,0.479716544717995,0.730404860526404,4.46819795774655,13.2708014486853,15.5465325402886,10.0972548683159,2.64163843121046,0.873125424052513,0.647386645956195,0.0416458615531572,5.71909991290324,5.48708524623605,5.39225069978529,NA,0.455391594648159,2.68893483822032,1.55693666792007,0.171698652862015,0.452699315086213,0.734726211094345,0.108089382416123,0.0792126574005433,0.223321337657777,0.395055995432783,0.107998792485638,0.595437901391669,0.235306841861436,0.207230391134768,0.153363440241142,0.353259947266144,0.196788010325747,0.498090325237028,0.339530894441032,0.26734493895583,0.899546077838376,4.08324426860839,0.919045775932412,0.541744599778996,0.28269333896203,0.564647734374959,0.471463707576855,0.710487508901454,0.430454889773435,0.994448194109017,0.513319597275619,NA,8.88410069809998,3.33444500654636,1.63615244295932,2.19454754248034
0.875495744721826,0.303505976441455,0.273501542065143,0.959142937731654,0.753129709268003,0.641940740000514,0.655293439402803,0.618338392232394,0.972075130179428,2.68828926176456,2.01668302338868,0.514081094272319,1.58147606272898,4.26832575700886,NA,3.98950113169379,3.42876953563544,3.34085664415506,6.46079066530889,0.352277568199175,0.868495611648648,1.10833922178789,NA,0.103471215235998,0.0761107264974658,0.422513249117501,0.5611809804543,0.775209438534857,4.98374325532349,4.02853202070094,7.05229274864733,6.98268699218333,3.97774993526246,3.76668298800385,1.79769411236772,0.0495739421810908,0.329564084251042,0.116044484982977,0.107711808117664,0.219565702512539,0.0903945003432702,0.242548351556715,0.452871883978352,0.390702624513336,0.291219111032671,0.403401845416578,0.293716276178094,0.665106666204031,0.858727083488456,0.562324450317631,0.570587198776006,0.581949597721948,0.664978192006279,1.31016452852813,7.78191907015162,NA,NA,NA,12.1371240795432,1.86528968185543,1.02540441034203,1.23733749393282,0.750657159784016,1.6137746959783,2.6093954991369,1.73409239766292,1.54473192949351,1.92898755010358,0.68829666058436,0.426421211670603,0.422248603358255,3.99017040767648,12.7285572208479,7.78884347265582,2.05148469210832,0.983458280519273,1.36144700184878,0.245611725696027,0.70600623539195,17.865333201377,11.1918693961774,NA,0.681509174268244,2.66525977159534,1.56437041655062,0.227220368043639,0.698754810184222,1.34838698745395,0.11337305300532,0.164914965275437,0.19777874752142,0.1904652240718,0.113977784275558,0.302740999951516,0.0702553476089306,0.346518074340714,0.171981434405895,0.226329020889161,0.33387708610335,0.32962961968984,0.0642589749794314,0.362105746602969,0.823676031301868,5.98969159600019,2.1053739055964,0.191854212567824,0.46270132943882,1.20671718451028,0.625265971974074,0.212013597828012,0.842591778417915,2.76284714943853,22.0935942287074,NA,25.2963956034742,15.3448419796577,2.43715270129065,0.823194034681978
0.951017597477253,1.00475243516648,0.603139883000978,0.864995948304131,0.804887882113456,0.55072168939622,0.707014316894977,0.621640476900821,0.844487928246912,2.66854600648265,1.90099660630563,0.215185132899602,1.27427062587155,2.36984845900894,NA,2.05538674779176,0.460040522581148,0.266452584100958,6.04413255729475,0.645798342006172,0.204707016823233,0.189283893536333,NA,0.380066849897671,0.145028846166032,0.0818680807304995,0.159665096953987,0.319177915359269,1.867391259627,2.51973458737873,10.1354879867821,2.72559142036717,4.43599740842918,0.642595104314102,0.736592281323214,0.173617261253394,0.110749347841432,0.104926583212409,0.0662267230376575,0.0664927004360419,0.0951521797499791,0.0815363383904482,0.217655420610368,0.253670368641824,0.303235501827565,0.155117933810733,0.0352008846704782,0.230865132168545,0.373938377199799,0.131928691417694,0.126331730025148,0.263839356168775,0.408645344085859,1.93546292938772,4.33901817090977,NA,NA,NA,2.03420201437767,1.54467275043694,1.92540504346165,0.389156976521031,0.665152361156932,1.76689476733986,1.79359944508557,1.98038877434279,2.22024165752913,3.53499240762003,1.51342145250993,0.955786311816011,0.507925628365316,0.593779832843633,8.8824032734767,44.0929453220958,0.367215147255782,1.32071783559898,1.80569848413382,0.783842981792728,2.3516736477136,3.91589130151715,12.8592242730723,NA,1.61171614942593,1.5505888540914,0.531648408182216,0.274106165947253,0.874145126252798,1.11344307661557,0.265722655815921,0.426990151052548,0.0354223318769331,0.101198197960094,0.219259045953182,0.564592894765766,0.110402057452573,0.262728633195962,0.247459603716559,0.330792320867835,0.171853553807201,0.257317928464627,0.0260331457370341,0.212575341259533,0.38219743909595,4.95734884693416,0.931879288652156,0.441836204052168,0.96472050706883,1.72550701610798,1.69391608684328,2.93160892983951,1.79259497267266,4.30404404068976,5.44820970437087,NA,14.4405356064204,12.8994104088544,8.04526991671311,0.412875137714514
