"V1","V2","V3","V4","V5","V6","V7","V8","V9","V10","V11","V12","V13","V14","V15","V16","V17","V18","V19","V20","V21","V22","V23","V24","V25","V26","V27","V28","V29","V30","V31","V32","V33","V34","V35","V36","V37","V38","V39","V40","V41","V42","V43","V44","V45","V46","V47","V48","V49","V50","V51","V52","V53","V54","V55","V56","V57","V58","V59","V60","V61","V62","V63","V64","V65","V66","V67","V68","V69","V70","V71","V72","V73","V74","V75","V76","V77","V78","V79","V80","V81","V82","V83","V84","V85","V86","V87","V88","V89","V90","V91","V92","V93","V94","V95","V96","V97","V98","V99","V100","V101","V102","V103","V104","V105","V106","V107","V108","V109","V110","V111","V112","V113","V114","V115","V116","V117","V118","V119","V120","V121","V122"
0.942877728499053,1.12686766822472,1.03051995472798,1.20426239164241,0.93411008770525,1.48218700455887,1.69651000815709,2.14480963204929,1.68198755860304,2.2585692981564,2.46463322684353,2.63435308354083,1.95775974312791,3.19774079697842,2.45475508934894,2.48976713031072,2.02216544286991,1.23145037838303,NA,1.09437274425458,0.707483780804318,0.691951098509143,NA,0.663710503887683,0.503407833253087,0.435056766019763,0.355125320691947,0.471692538903418,0.593866503051384,0.539509553509815,0.469501814074926,0.339364793661964,0.296030092690874,0.25415504649657,0.154741844018956,0.167725268552092,0.319459696156532,0.637584623190677,0.458523250322192,0.435350548896962,0.26769412298186,0.148654832812214,0.173413336490505,0.266429141795779,0.16726092585716,0.152138270706267,0.192510553197101,0.288380350735753,0.19722203443299,0.264938253309636,1.01781176825467,1.15257452909725,3.41440308851108,2.88808835089551,4.19523481383612,4.73865146425084,3.41608368261529,3.51774179756268,2.23964008258663,1.21512606937928,1.50939422515235,1.2221231889961,1.14695061208877,2.30707908982753,3.01815187140591,3.40324931533689,5.50588800129615,6.69464496643922,8.13265992424231,9.20750920995308,9.30672458974301,6.16429983606828,3.86872780155384,4.7202976810543,2.00985077195403,2.64180028973869,3.51442181452097,4.18761604363171,3.7973335913127,5.05900647972374,4.70452220643444,3.45357909915628,2.18323783432819,1.22459292126773,0.81030053531999,0.629224717214664,0.521528892748596,0.37096952076735,0.488673454759294,0.607037085341374,0.266322534312264,0.310174142882328,1.00338684736814,1.04603616318237,0.463970277170456,0.7161227253958,1.76496398785606,0.840664438243867,0.699389712239193,NA,NA,0.768738434826421,0.753592810133676,0.967196618167564,1.43215217427589,0.86308313132817,0.6151601032266,0.819364293286874,0.722879378809291,0.675425507916854,0.715220563473587,0.54206170480795,0.608059584747487,0.488387484585759,0.38957667203741,NA,NA,NA,NA,NA,NA,NA
1.77641377932533,0.88056720331673,0.674127625076129,0.976222150270787,0.782746242058635,1.38940105451191,1.6344391545585,2.25274001370036,1.82352802614184,2.491335378925,2.82761603606286,2.91463032476408,2.3293515604927,3.72199965043166,2.81206077623583,2.69576941736345,2.10157292435869,1.39500214820639,NA,1.05376842705909,0.759739571139885,0.696715155052385,NA,0.895339661307739,0.71089017140411,0.788024663495344,0.696727197582184,0.382449115941563,1.11124287314459,0.617687229740801,0.641943694852468,0.921873669006789,0.809268757571467,0.829712417278978,0.170237587761353,0.182098976635693,0.282010334791924,0.557189242060447,0.471066859846537,0.390238889194173,0.343569945420401,0.211401431840916,0.242186172208808,0.310115694824072,0.152445468179963,0.190850492346508,0.258432939292283,0.410360990675067,0.318305697024224,0.416789854778459,2.04600887105428,1.2535685176256,11.3707148684244,12.6948325596243,18.8824976817101,20.9376435867932,13.0102782382573,13.8217915100821,8.31007624455517,5.30474883820443,6.65754834165227,5.65074742917643,4.31836626343865,2.53251691608398,3.40928901682107,3.73843790404285,6.05612452453339,7.01100551666895,8.45225669354544,9.63633244489825,9.87263918942896,6.6498822894685,4.22544412017629,5.132568372502,2.37644221030007,3.06775873825254,3.98626562451472,4.67987116522033,8.21352697805767,15.4859357463719,13.4787142588031,10.3538072365885,2.54340322317445,3.64344411339509,3.24623330669042,0.775201848371605,0.788789479020727,0.54624854861866,0.587678422625424,0.786823227573878,0.442406560062025,0.364622449016259,1.13383627167606,1.18852311680888,0.577804284255359,0.747155508475407,2.09356280691761,0.934729063163544,0.768453274043539,NA,NA,0.715728366875814,0.550629853246395,0.675296739084302,0.905757501217802,0.486485521294537,0.375079066437926,0.50075388132108,1.06329973480782,1.13211241398498,1.32860789132874,1.17844533648308,1.62134104564561,1.26423069470678,0.888896226477894,NA,NA,NA,NA,NA,NA,NA
12.4359928999426,16.4096048058942,11.5190758785585,8.87674372795061,3.89491753753057,1.64322465593904,1.65711842905305,2.78726967453489,1.95354230887734,2.75589511662552,3.18791243380906,3.2524827877817,2.68940016867815,4.22334495515707,2.99246369219995,2.79358888812053,2.21316671149692,0.768474962919073,NA,0.990675531928215,0.559050918847273,0.60970714139471,NA,1.44209736550553,1.21663203351043,1.74651753678794,1.10034769774395,0.84810209044777,1.75617348853626,1.28167629913419,1.29754213392407,1.37107982123033,1.89367841282856,1.17726685956441,0.117711485202335,0.145245076816388,0.631182750473667,0.986139520489196,0.801162389455602,0.746481130488898,0.359497859824917,0.203739517149677,0.264970540750357,0.231926456546605,0.430439805293504,0.175934296922633,0.221534883493309,0.691681301658272,0.247291715816109,2.19864899861681,6.830693335951,5.19970254594141,5.5849904549372,4.56891653954255,6.68780848012644,7.45006815997587,14.3766632495634,15.821613468699,9.41040100296946,14.3647704862049,18.2648524174792,15.5442326114274,11.3187533370106,8.27315372970462,2.88685389469422,2.74745505968148,5.4670158108359,5.70015506738973,6.78781398399484,7.67303257058466,7.99398998118639,5.30749665668242,3.41033341246224,3.95547173970797,2.00558814389906,2.4282149362075,2.71331276816556,3.16581117861783,2.96356133909833,2.77526448088143,6.75024550829979,5.17293249396064,3.8964139155976,3.40902721898809,5.41586296486226,2.78162362970995,0.868975213068205,2.19639511214832,3.96337648404373,1.26808386112779,0.426396445125838,0.408539626565996,1.2375364981011,1.77426121372253,0.694936609648728,1.10207324694128,2.55267470819457,1.4660631232002,1.20591543536465,NA,NA,1.37043071087547,1.27313323700503,1.47643137964848,2.39402444486091,1.70201125612336,1.12598322501668,1.27381518347932,1.84875673654022,2.48324493486576,3.35992652387034,2.40592453432546,3.89409308860521,2.96087520967693,2.01673895750415,NA,NA,NA,NA,NA,NA,NA
1.58900700973951,1.7963368576564,1.64383480620649,1.52440627279546,1.16363085344266,1.36928295420138,1.22381395102103,1.77400943876497,1.93877871666968,2.35504083628493,2.3714038115845,2.62882707568679,2.12996112576038,2.93511421659702,2.54236058841059,2.64565902924916,2.20908586641289,2.03770437109081,NA,1.94322337303816,1.56593377498076,1.48837639399302,NA,2.23103561661335,1.96898990674691,2.38583989126074,1.67075216837649,1.04628498538455,2.39817219183178,1.52535594776839,1.6092000756935,2.06682841336973,2.69277691856391,2.08397294954225,0.581799151397093,0.63086495838946,1.09145211251467,1.53637593622834,1.11762133061439,1.12880658323489,0.963527602552118,0.768073978135579,0.747205295919608,0.842019990316818,0.744122638187094,0.68169033547862,0.683300498066163,1.0492022028755,0.592521035540446,0.596289723132978,1.47994689877606,1.73489196699543,2.26171062556819,1.94875980739615,2.55943452041703,2.81517730268695,5.72085682149342,2.81661314504493,1.98253006478136,1.74858218791667,2.22816611903593,1.8464977557018,1.61487610857636,4.45639154639987,5.94457188243623,2.96347994779162,4.67217930061357,5.60259589263724,6.81726174736037,7.75694209737329,7.64501439314603,5.13532243676529,3.30609452184337,4.05268804876681,1.81506677696974,5.0697688349328,7.0436064063986,8.52782076353264,7.2875589382339,6.61338006817194,5.99503858356911,4.45593384747857,4.30693292125474,3.77548237050202,1.08170028126837,0.931327550730573,0.819842110235206,0.659066350095589,0.745824962857934,0.876128137766333,0.776846897255206,0.786041704061219,0.851853316940323,1.03280969991733,0.714278133115873,1.08580122881812,1.87676255304815,1.32892082378417,1.25807119440083,NA,NA,1.79509706034686,1.69516635478527,1.94600098585311,2.78827242414813,2.13656267634246,1.38010975267957,1.82538373365604,2.55785107248993,3.51412262152716,4.20733909170035,3.41590457777856,5.14082803497984,3.99309490712391,2.98190288389057,NA,NA,NA,NA,NA,NA,NA
0.789860274694894,0.912833174296523,0.838433784308198,0.662920528356413,0.473811037638898,0.447067971899468,0.421092051116648,0.434787614729709,0.404118992838159,0.416686487841686,0.426408306980094,0.760877758218776,0.397907443294265,0.432530788750655,0.406120764400059,0.488096716787665,0.435839928856448,0.711457776651299,NA,0.679448143362893,0.63998876142662,1.54635913993536,NA,0.935084029646508,0.946172229564579,2.05837290567127,1.65581765465708,1.8772371757825,2.5465338666993,3.90657709384918,3.94152574112932,2.19206407236155,1.78992964257914,0.662674067003458,0.27548063438945,0.321171181773686,0.477486115979794,0.322081265959726,0.322118868596205,0.326599792549216,0.384279482663481,0.298663095516122,0.317743413567616,0.393103255898307,0.976777244895734,0.26741553370481,0.276559722164577,1.89463980405867,0.22802261640827,0.243731114282552,1.17376338245134,1.41965644435284,1.95812148709414,1.62752194396436,2.2627200643962,2.56668258747117,2.20777598983793,2.21365906209165,1.39825955737301,0.877459436705755,1.07748781963414,0.962401508320387,0.80253438219182,1.11825820462845,1.25162584188428,0.984870793292827,1.67280622088204,1.98068046706,2.42184984196951,2.72502208965233,2.6737117582772,1.83159580956032,1.24792434355339,1.54504303567605,0.853096843023502,1.0869000810956,1.45508702790332,1.72627858688363,1.52801381386878,1.78280720382109,2.17286012962373,1.25843080953552,0.953999695455165,1.17568422408871,0.489265452700388,0.407834409660505,0.401358713452338,0.26744280392928,0.350770631608138,0.376478628355279,0.284375685067342,0.305120030041546,0.353070346212212,0.457950868095892,0.301414867928586,0.312171667970683,0.323342592779438,0.325989022689937,0.329975854624254,NA,NA,0.336696935162539,0.500606659580727,0.532082476761769,1.03008430151897,1.10638555559816,0.844516653688737,0.960413401023545,1.19918895498315,1.58594307334004,2.00914749037162,1.62675589340156,2.09411617693971,1.67581172553309,1.22426245102884,NA,NA,NA,NA,NA,NA,NA
0.871080131204625,0.95379185534074,0.857510866969344,0.817034601487684,0.738564106627302,0.865924451946974,0.962631943671111,0.7173308956104,0.657192952320204,0.697262333339606,0.697711623748756,0.672179840067788,0.568697997354154,0.716568286127312,0.604845089711602,0.605259620430063,0.61579830692674,1.06192331214755,NA,0.584882578597995,0.820037714463165,1.5043004542854,NA,1.29625447750739,1.28977789889113,2.11342123001857,1.80772059344414,1.76807004839697,2.41300618949689,3.67479488878391,3.7320399361261,2.40514669056045,1.58545436801778,1.02992019544498,0.521411255413779,0.553689114569484,0.778443326357073,0.388366766835282,0.266425843947,0.324125051483652,0.670703128141147,0.459633539185308,0.435213543517729,0.740893781584276,1.03876298626067,0.650595754933178,0.649553725089395,2.19788289466749,1.10395646960125,0.899255084331788,1.25319481174407,1.50735719742379,1.56268929050128,1.46927956587258,1.91704950404611,2.00202656241987,1.27040523458958,1.37739686493761,1.21097449194395,1.07064670152944,1.23739230760671,1.05275860937374,0.907595342684973,0.899093668403389,0.867307102006793,0.824862631667039,1.15375483348113,1.15276548401775,1.33597162514172,1.46518801159668,1.49382200617136,1.15744677473139,0.915661351755588,1.00325982206715,0.674880267899044,0.863724294606226,1.20688790117449,1.38612359963314,1.30567559720186,1.16446108569639,1.39796656416723,1.21243578246699,0.798373499373559,1.05495012998946,0.997353138246815,0.644881982763738,0.523870257247324,0.738898447939194,0.630133111664649,0.473529649838472,0.528794627334206,0.49473786961146,0.5966364637484,0.521962018868046,0.444694483093709,0.422969738045372,0.531776740694899,0.447832599508677,0.312815131533964,NA,NA,0.297977375317184,0.379963477364594,0.415100482646537,0.872731577923964,0.808083488655548,0.985054114702875,1.11051723433557,1.73841571252969,1.89811012406477,2.06867664543121,2.18575980192686,2.41076965684792,2.05670473706912,1.5789521281989,NA,NA,NA,NA,NA,NA,NA
0.436412166877737,0.484245728237014,1.70590817429062,0.402719056977513,1.14038616937262,2.60394416272789,1.89207002626296,1.54391957592079,3.15933587512506,4.52552938756913,4.02931089936196,2.43669769240384,3.35989727301624,5.56776919940064,5.46193451069859,5.44288977040326,4.06458682029825,5.7009292366318,NA,4.28113482698525,3.78744282385763,3.80964510800266,NA,1.90047049132772,0.977765675217068,1.89552649967794,1.75715541277086,2.00233056387101,3.78598642315875,4.26189939437249,4.22659695791401,2.29917836925074,1.38525464985979,0.44750452678638,0.202505212662284,0.256709346825171,0.404643383556657,0.257597189258824,0.210318218598845,0.253725841076261,0.501509824534364,0.213044751569392,0.234681226068394,0.512841618282626,0.959909706794775,0.151205127393634,0.192598591434615,1.95939429891504,0.104779572991052,0.180070672283562,0.320952802258043,0.182830964673513,0.517130057600743,0.611263644641383,0.860952016257894,1.35510359657744,1.25475004255716,0.857354060195982,0.622618868265861,0.581322007238448,0.71875449102788,0.668155307541493,0.595459336159985,1.75851337356735,2.19528548922805,1.13918264360741,2.05465097035727,2.40381756170928,2.89155738381241,3.2521193537357,3.16127900114111,2.27413347427653,1.48903816119533,1.88323914604887,0.957706293265816,2.28869845221633,2.95017255517551,3.50357009187727,3.03728630898395,2.80330599727032,2.22341833399744,1.88549995779222,1.79932242998388,0.800295524065224,0.636861169313423,0.690791052564086,0.512570090705213,0.284650477593703,0.377832971685897,0.42065237253549,0.263764719286836,0.208289813350712,1.05682684698233,0.554565978907914,0.322372130739341,0.340941015248816,2.10844685520639,0.374034538268624,0.320201173442823,NA,NA,0.249721419692374,0.396375893053093,0.444873078315596,0.951912558843163,0.998414263305106,0.836303039171985,2.11362945172752,1.52801398690534,1.45567186493885,1.48474606622593,1.47205510781126,1.48056436462347,1.18936094839531,0.857971437778378,NA,NA,NA,NA,NA,NA,NA
0.537546697683319,0.674435055676482,0.761245646870053,0.581167654634631,0.513616827759783,0.847074584687991,0.995003140332181,0.961026743886035,0.896160010523358,1.20850753381958,1.39344543774706,1.22036926228309,1.17776409938046,1.84892146635671,1.32024213558323,1.25969236932824,1.01930086918132,1.31684829085077,NA,1.59003806448483,1.34496772284686,1.515614802468,NA,1.76558087725399,1.54160822496631,1.4424098822785,0.883297893016515,1.2436737750707,1.64240250827474,0.743407321185013,0.683741276183242,0.797850926609113,1.03993306111621,0.691695431091108,0.23754874791819,0.320150163672645,0.785277937628774,0.30583920924941,0.224767258440481,0.370797230988836,0.435894874960204,0.343195971928112,0.308393106644476,0.464293511169962,0.342542797181698,0.312776950025615,0.351171574325466,0.4787702013863,0.376049688659183,0.347558057820795,0.505375101503239,0.464982392171104,0.475767798289744,0.384882224978115,0.447825087917993,0.383801625266155,0.577985246658596,0.622960928318867,0.46177797187314,0.622382902068219,0.696357256838211,0.589589521417132,0.523668992634098,0.366879141747009,0.372254437637123,0.453592706776412,1.66969565428017,2.23569615198811,2.70688996126009,2.98639631818097,3.05955649674732,2.14459327342882,1.35493101285532,1.48449844949057,0.378717950015934,0.32664071446264,0.25522808824393,0.22269718368582,0.224235935557565,0.239530817701719,0.321744927275012,0.274728638709011,0.240477140995746,0.256400238143491,0.347543951330045,0.227162901430964,0.196239646148327,0.290572586650489,0.331415273801993,0.383083188821286,0.212537805032579,0.265023438291876,0.61493333243633,0.618986643802756,0.433246886065822,0.39464748733732,0.905655080185328,0.485260016567279,0.325873730828209,NA,NA,0.253523112677477,0.969909917293183,1.28503670201085,2.83956883919179,3.23422765943788,1.80995451579813,2.04778690776656,2.46552378935517,2.7953282023133,3.43572677051332,2.27358436812407,2.67993754626715,2.1338900839031,1.4984706797074,NA,NA,NA,NA,NA,NA,NA
0.232936786799591,0.290033235963669,0.426125435256169,0.271741489859065,0.340058169493202,0.603074143877722,0.712698909538197,0.437192311368057,0.501655508865289,0.650377453941514,0.691300182484693,0.387741839251083,0.549679494587193,0.900306087810081,0.697896500150127,0.73522473284587,0.619440038412017,0.889473246735629,NA,0.770061803315629,0.711403436189394,0.999138476052613,NA,0.728362749013201,0.652978529240608,0.737154253970563,0.615475325280009,0.789939964339375,0.988954326307221,1.33067134317451,1.30114349961585,0.767773702229269,0.5573159788997,0.284733226560061,0.175008124778173,0.20090660470932,0.335234879540977,0.145738097213875,0.0898685797550827,0.142599042951336,0.256011123781119,0.155107487748693,0.117878519492495,0.255174183800588,0.3394481061665,0.0989756716096787,0.133770474822894,0.618574768180789,0.076029450929636,0.0980078131170487,0.101201490794595,0.0738967363245837,0.0966966349657783,0.0876871229119581,0.0879933149178602,0.0739929920917165,0.111241674170073,0.112890097522542,0.13046727714602,0.235186258946804,0.239953068389527,0.157118224630504,0.20378997279358,0.12560581808764,0.150029720872329,0.166728780623478,0.336503538321806,0.38614887420161,0.418683546450544,0.45677732964797,0.467731518346326,0.380589543282323,0.274070135369504,0.282860979036322,0.164740860478231,0.146695881154569,0.126537614334767,0.110184282615018,0.112624802964326,0.122056480876159,0.106222513364847,0.114863640668687,0.116890146705938,0.104169918344147,0.113482615771559,0.130561558374081,0.128822553530618,0.116431667774081,0.165918382587398,0.17081295419565,0.101565518514097,0.107590517706797,0.287605765926048,0.220667977730783,0.12393904465572,0.110649046100208,0.313519479951852,0.11437485779175,0.0816096852590442,NA,NA,0.119266253688053,0.506265770053216,0.703529865658978,1.15457159867554,1.28411353903424,0.723246121324431,0.84605293789203,0.977096445890171,1.07093018174617,0.936473226780458,0.731052977418133,0.644382578437939,0.542160062479032,0.425236477831444,NA,NA,NA,NA,NA,NA,NA
0.464744418436373,0.5632742823708,0.579775946106848,0.603136169406345,0.357639526811656,0.658469380174614,0.853391548669725,1.00458461625475,0.905409507444013,1.25423424640964,1.4195874733182,1.18937286221345,1.24471229051595,1.93112924251085,1.41940004911344,1.22976180393247,0.986053937048247,0.741282516161149,NA,0.736121030544457,0.566950000940963,0.695058437107331,NA,0.431466217448843,0.747400052826725,1.00631193090149,0.958210348389786,1.11467039738053,1.33977705641464,2.27412196283639,2.31782995669235,1.30774282028084,1.12205067899545,0.926016302483626,0.751544994145446,0.692463939634227,0.397435192719967,0.252310616207159,0.191021322311128,0.1980254531446,0.552154231218165,0.194802136579119,0.196989273928259,0.51855482169109,0.830892187688907,0.174389838880086,0.174493068740224,1.13764479065015,0.220979606033807,0.200775898280259,0.369575714617089,0.404901676655462,0.482052913424738,0.398425756305675,0.527166458299565,0.511697031162378,0.619505118381102,0.65136185424391,0.48542996102286,0.52591199115577,0.640900780204154,0.541605486232074,0.558346449099953,1.63798911618901,2.26502145444483,1.0834008930711,1.08670527698218,1.09483259026119,1.26629398090545,1.30750600153074,1.48132077987944,1.11776199009005,0.825660572534188,0.881839218795367,0.936629721621168,2.03570874953117,2.68835338761057,3.15841358284009,2.62248188946799,2.19367536589204,1.82420250180534,1.49891670312094,1.55672328616028,0.341927513281706,0.314269091207402,0.341155783613441,0.303350139948549,0.152697593140241,0.237501314800468,0.42131616041879,0.185484402357439,0.200588657253521,0.631282695561756,0.754363697916476,0.489531842297057,0.480335307797747,1.02743315046335,0.6259603382464,0.449844369376626,NA,NA,0.30604533136072,0.47598865793086,0.462813072513642,0.809457764169388,0.789490066655026,0.514116033054122,0.553118626756103,0.564818978573825,0.598689648276115,0.713705766911367,1.08994150376263,0.557208368924391,0.507552179608302,0.926918562552937,NA,NA,NA,NA,NA,NA,NA
0.34169854844753,0.363318466756783,0.415406678474548,0.298872753304095,0.276765793999735,0.403669553378093,0.472225759278685,0.379894482754955,0.332999470422584,0.436387590742021,0.47609844201251,0.585585089006245,0.385917366666907,0.590768665043825,0.460674723893115,0.497652279364261,0.408021790986854,0.71469052991963,NA,0.389150593769823,0.496798960972139,0.601170647392396,NA,0.370835665825627,0.388423948609525,0.545632334254863,0.5312581613311,0.498697444812026,0.68395405343063,1.10121081006837,1.21555994775583,0.703717894991432,0.504784733990468,0.284178799799765,0.22591614929833,0.234653775626023,0.180411176788572,0.226966840928827,0.173063572449496,0.172349259580478,0.308272894192496,0.148410543038367,0.125887340465968,0.30839080691444,0.369325392149253,0.102707109666327,0.124657332691252,0.542485833701557,0.121548420281313,0.151649298061975,1.01870306289143,1.3247039194305,2.28387520843846,2.14452926026284,3.14398289751565,3.90235529904936,2.62093969094579,2.42480834837221,1.49173056891716,0.602453015638448,0.725288552169864,0.810411550748745,0.541100828811076,1.19076824618535,1.25974873892463,1.02240664171233,2.38100915220908,2.90126163321532,3.58700435385706,4.06857442117702,3.93728209059417,2.62961554924397,1.66422193802432,2.09464420095751,0.57720966203231,1.37599907205441,2.02247640266678,2.42210335584462,2.34593336892382,2.7692730422253,2.90741570140356,1.76599233381491,1.18631441926273,1.46371958904527,0.621151104507453,0.496625936439044,0.260692363942528,0.179235523133323,0.198505770778373,0.167461435952138,0.145509532160283,0.129614480482044,0.234568709340667,0.168535562972809,0.12598270038876,0.151976833599641,0.187896773377681,0.15920485681544,0.152693313591824,NA,NA,0.199896237263453,0.17149865506621,0.195402292924005,0.21413733315331,0.192944593910388,0.202475836298223,0.210943926668406,0.449933124673333,0.453678512944769,0.292351282973314,0.605787117855801,0.431996243717193,0.420491926004732,0.346585944937682,NA,NA,NA,NA,NA,NA,NA
0.546531337297428,0.38620691458193,0.415964410114695,0.53790941828479,0.30130986135261,0.345085706179963,0.343790778210482,0.244407507916312,0.273485000001925,0.330402263796647,0.342898848645271,0.204769161238446,0.315191030430119,0.441640504510615,0.363189222222317,0.365620282444077,0.311705293432786,0.400409584760232,NA,0.340256012191564,0.297397337692981,0.325357904207378,NA,0.230855193800344,0.257846257919269,0.366660673794723,0.267852821595829,0.328246407355535,0.381535473207102,0.56935433846841,0.567261472772896,0.337118720257254,0.409427626853053,0.216037952646901,0.109831572959268,0.111915872612019,0.16252425377849,0.0908099172672323,0.0731753901808339,0.0978805942163191,0.133367013614863,0.10040300017085,0.115129019014502,0.15825544425828,0.242027497648404,0.135206395011744,0.147561298449908,0.340392507922881,0.179550324148946,0.179873098231175,0.64589600287446,0.782767966141801,1.21691380330599,1.53903341622926,2.04991544781259,2.57789490788828,1.73685762161907,1.76120262394639,1.16645194194403,0.748935877479356,1.05370043294528,1.18276560064245,0.978206318885791,1.55834304335071,1.95987007082196,0.975008204775226,1.02094670702881,0.528064335603657,0.598611548029201,0.622356254046783,0.533291226886902,0.451077106268422,0.42428960058668,0.727753557660451,0.907493094976623,1.78029246090075,2.66999178508983,3.17557579291764,3.0593817841427,2.7126882312201,2.42436720943535,1.93428814513421,1.56491497503199,1.18203721039957,0.723113713810356,0.716611926845558,0.445289861686058,0.184803356326514,0.211822438589409,0.164693242209985,0.140911532462466,0.118478189857104,0.158662116416434,0.149288549997235,0.102194011520674,0.0952091068334573,0.182459217888,0.0971841533105178,0.0786765485651705,NA,NA,0.0984131264821704,0.162341274623025,0.167383233626284,0.285375457342941,0.266235665450804,0.231036825049264,0.256295017080966,0.2902926360159,0.416861006005708,0.520293482370515,0.428965284256823,0.528117444718559,0.414325210027345,0.339695898802495,NA,NA,NA,NA,NA,NA,NA
0.527523123963135,0.544390069359307,0.494525161183911,0.577739824962669,0.445482002374885,0.514169182138979,0.461192362864904,0.660569128215112,0.491947842915642,0.562308656005565,0.584196230036729,0.641114703916804,0.530880256805841,0.75584151665121,0.573343141734693,0.571323975425699,0.525656561413829,0.537932517743084,NA,0.445977009433863,0.463574724770415,0.828086681542145,NA,0.545858104595477,1.20989747026012,2.08936740590126,1.86995494151009,1.11851181785012,1.44379595298081,2.52370729211474,3.90060672918854,2.57112916531454,2.5395797562265,2.23791691976204,1.69018409145872,1.53660634668948,1.13926537399416,0.429592101197901,0.217392482961172,0.293168607655025,0.621935978555377,0.330795570097352,0.233740476114712,0.56598778623395,1.26875247380996,0.199674290735785,0.263639394742367,1.18561543030668,0.210549313325004,0.293761589301449,0.364849807576039,0.267108603331328,0.373056477005808,0.364437053154499,0.400177459817604,0.458108106640465,0.475767918140813,0.449945220537394,0.418665961967002,0.545352241361796,0.648334175734568,0.527254793535993,0.620948084860264,0.996751924679568,1.18268463065396,1.09256675346944,1.40621888581017,1.36154389752288,1.61708704970105,1.78645898707894,1.81520034781392,1.29982599498731,0.866253915384146,1.1238937669572,0.885329520911154,1.12384433400104,1.42502475966281,1.65175287140075,1.44526519316201,1.16109602560423,0.958218871888338,0.951812167350494,0.990337111208167,0.475060467418328,0.447047533230319,0.564639488090649,0.373962414114379,0.315567639037593,0.353673295732565,0.366203056347923,0.237982229541841,0.2510235684179,0.382925934575285,0.433228047234024,0.335743547793168,0.33504429633324,0.521889947937179,0.401205286119677,0.345377569091839,NA,NA,0.393533689379554,0.413582108209103,0.436827148318448,0.590344906943527,0.559804670180485,0.405229520336179,0.466803465784337,0.638654458203065,1.09079970848437,1.19025038594914,2.77010491026803,2.82865312164072,2.93302131104742,2.37975389310797,NA,NA,NA,NA,NA,NA,NA
0.609304176975371,0.760490711847186,0.742825740631179,0.496777607317822,0.399295227934154,0.51007905881562,0.473335355916972,0.311886162813806,0.510849762860365,0.659280648540179,0.622968164103287,0.4332870463005,0.54748363130751,0.808199626131734,0.756110346989115,0.738213722831087,0.579241739356813,0.753546467516387,NA,0.582450643279137,0.554157984665946,0.62041699038147,NA,0.439238143780442,0.745619638764157,1.09615788539392,0.98258529751711,0.590245556617473,1.00916623773162,1.29164999923276,1.97703878696037,1.36226121400324,1.43274192926128,1.28532998152245,0.923412297298645,0.838418590565348,0.508957453368239,0.225444110248744,0.206108471316994,0.212551190327521,0.409256342162546,0.193987158009981,0.181694250469404,0.409466483439584,0.732135329443178,0.237604423863802,0.228839156802955,0.800916316384332,0.482150218817827,0.489803792119877,0.815642325478012,0.826465966582401,0.888613882203143,0.714337359519496,0.996508946034559,0.905381064133132,0.879813303636208,0.910480946991979,0.763403422298563,0.716266571181711,0.84250282599386,0.726607759304859,0.616965115216255,0.829773297810166,0.809962832486678,0.577071492628804,0.844906766909621,0.660176513890407,0.757603344073308,0.806421331695204,0.805597426696816,0.588591596071027,0.623905690200963,0.781472877273367,0.546009337282838,0.758109703976969,0.985553726646983,1.12957126992323,1.01093641090725,0.899655588059524,0.771692987198013,0.74329298020497,0.728333185523511,0.745228834139196,0.538227178452164,0.437664574395199,0.441560883815432,0.405156741226393,0.374278797368895,0.19882419861605,0.178374258142809,0.189923388872358,0.266431603593074,0.214807135286818,0.189512538581292,0.221277328949429,0.334335328319602,0.229678390801222,0.229514614946089,NA,NA,0.224843848127667,0.213201100897894,0.169586935706994,0.267236200330931,0.232111282053524,0.216760374360593,0.33497309438573,0.417113768304947,0.727122980086274,0.864192135838924,1.61478130309664,1.7437366927716,1.60559482332432,1.36262960757782,NA,NA,NA,NA,NA,NA,NA
0.511272584210105,0.605213251863073,0.738338507842704,0.494298546943352,0.552634935694127,0.810335375239766,0.81906708368934,0.728773760890796,0.703985292128462,0.872376808086487,0.844410029056259,0.531727300452251,0.700588884794383,1.09115877989783,0.925231933828249,0.954918458227371,0.814280822685458,1.01390515145964,NA,0.789111047770516,0.801155743348114,1.19675740998328,NA,1.56438551692691,1.78803573139664,2.95738174982478,2.03689807266424,1.34347362268006,2.50301585177899,2.97038963711198,3.60379357757368,2.80924503586416,3.12933338574976,2.23114126796751,1.18784310467023,1.13203173453559,0.622667329992334,0.267749346083583,0.16656432685788,0.224836170673313,0.702338523376994,0.316626024676486,0.270893079809456,0.733102875202225,1.17719988171292,0.336131387403248,0.36220778869763,1.53717174115667,0.38868177877802,0.376784196269214,0.553434174217534,0.589100561110708,0.564018830600685,0.445311517640096,0.500691247740744,0.459310330564737,0.419444112490717,0.513979840499412,0.43447168705459,0.581714475472167,0.664882838509594,0.492479908799169,0.515488827716265,0.80170486677592,0.985314153966439,1.27325033555707,1.60724321438226,1.5224074279463,1.83612872600284,2.08797871272103,2.06521877453095,1.42383943393165,1.02774467746289,1.27073015216026,0.807224549399152,0.854764575255704,1.08493284166764,1.30112935891861,1.11765481403245,0.935220085255378,0.746950656311249,0.733466892722527,0.750660786868827,0.483509049526898,0.392807874564688,0.427793123106437,0.369411134481486,0.375003473943169,0.392652254746478,0.282436481938736,0.285347661455321,0.292096926799441,0.403558400644014,0.285158208093861,0.245441428724542,0.223431944064777,0.417465118979447,0.206241858757346,0.195577560637185,NA,NA,0.144462706781767,0.203600260141612,0.221606567309086,0.43218684098043,0.450046623918981,1.03636359851421,1.23073126558152,2.08495347264157,2.93095185576847,3.97578405552917,4.32698194885003,5.69987042823816,4.7082590328738,3.66344844122458,NA,NA,NA,NA,NA,NA,NA
0.436660140505672,0.332854597717929,0.27980800331176,0.461841971499194,0.274846608048776,0.465784901668675,0.373125675836474,0.533066674973098,0.470855052467485,0.592669520756953,0.484874428421265,1.09319533756817,0.411468669294739,0.634940658947084,0.685242319321855,0.643897419377019,0.513575906655155,0.491951227131728,NA,0.496012755715356,0.375679000591026,0.410373659522597,NA,0.418085069438763,0.505637724185286,0.721221418000051,0.583373250748388,0.570677734263563,0.736391928914709,0.955179056189447,1.2705968779198,0.717426735397505,0.8423579964638,0.542456253156162,0.358510089266455,0.365102095598281,0.370823922759879,0.254366766979649,0.202355814556451,0.234268848023306,0.25961787580952,0.186683054193808,0.179882142689656,0.265967721012003,0.568967616117339,0.201235974785319,0.208048503588389,0.558767517809025,0.204656346515079,0.228842490186794,1.19212558566718,1.55903887852887,2.03585696387023,1.95131495614798,2.774976612978,3.26712273795569,2.10700832860144,2.18168267598605,1.37903422960629,0.666502148150509,0.878073786048313,0.873811445487554,0.802073134604576,1.12492897276959,1.45583967516285,2.20254250660565,3.78019750756494,4.33677221351987,5.29475116529015,5.94167895206036,5.89968861543904,3.93450922073345,2.63534665604758,3.42069412028344,1.10333272755341,1.33576358426093,1.79851862447345,2.02803229033089,2.03228171305224,1.9671260190237,2.29842325032668,1.50718347752187,1.12238235222691,1.55898008676672,0.601177946741222,0.723163436018942,0.620184342574878,0.234031956364515,0.264345037770659,0.357803013707327,0.220358321773564,0.204325672936826,0.304448260233235,0.351012947295364,0.214730619613261,0.256707170353803,0.378116092276324,0.230283173001998,0.182935410730017,NA,NA,0.21583270043233,0.272430373352758,0.338136389829487,0.491014345339757,0.429521650486111,0.408641834053793,0.534251986271201,0.375547695129425,0.525022036529114,0.663611307808266,0.745128242150586,1.02267760824137,0.840567465949055,0.678405821905499,NA,NA,NA,NA,NA,NA,NA
0.673515849896831,0.814242504623402,0.828917734598797,1.06682161644711,0.860564515852924,1.26316874800876,1.55177728043178,1.77015718894137,1.26911212859978,1.64384178734145,1.79934359294647,2.41631159973314,1.4456370305284,2.26356529215921,1.69267653836119,1.70962930046586,1.43415167417548,0.958645133822877,NA,0.866237048680178,0.473709963095522,0.502863513247365,NA,1.2236227848582,0.992731348606285,1.34530443730855,0.879583884191988,0.386598246038917,1.40098896981052,0.43971201054893,0.520011651195198,1.15092886603651,1.64713072500717,1.27173170331012,0.110342100319472,0.113558131047075,0.334818845200126,0.789425276434004,0.628211539814933,0.510084079988103,0.265683902355733,0.11533599242392,0.15548782251887,0.177577960249844,0.153125787625007,0.106532790449341,0.188950930921906,0.256280077914179,0.123438878297347,0.20112879156482,1.00938038661942,1.21968934207721,2.41428161806426,2.10513130085194,3.08058673237253,3.83975369527338,2.71608515307857,2.516315733547,1.66266388191317,0.788702112157158,0.970091924630909,0.874642913296635,0.806446662027948,1.95458781930653,2.29739435094651,2.56715910727904,5.65299609008463,6.96625136940416,8.4946424079312,9.62913574247885,9.63083101402317,6.40854046981339,4.08023871573878,5.04165286149318,1.67276097243496,2.37789053178248,3.08159878089283,3.66300490987358,3.25911308117278,3.70258221074763,3.57951532728993,2.47149207738382,1.92598607487505,1.52358570727975,0.803284358571884,0.918500324739265,0.736241283515128,0.386186559889822,0.522271101734773,0.718920293680394,0.398307330986809,0.344172551816266,0.96993310968704,1.02583628200876,0.381287738837968,0.776221761731135,1.39778393132624,0.94718396389853,0.825431958705909,NA,NA,1.02608839488566,0.801678203315638,1.0234509159295,1.61095535826082,0.89834768676751,0.593899531113651,0.731112963799366,1.52266705176299,2.0649776948326,2.88991539065916,2.24113695803383,3.66823886557691,2.76811827399254,1.89105831700092,NA,NA,NA,NA,NA,NA,NA
