"V1","V2","V3","V4","V5","V6","V7","V8","V9","V10","V11","V12","V13","V14","V15","V16","V17","V18","V19","V20","V21","V22","V23","V24","V25","V26","V27","V28","V29","V30","V31","V32","V33","V34","V35","V36","V37","V38","V39","V40","V41","V42","V43","V44","V45","V46","V47","V48","V49","V50","V51","V52","V53","V54","V55","V56","V57","V58","V59","V60","V61","V62","V63","V64","V65","V66","V67","V68","V69","V70","V71","V72","V73","V74","V75","V76","V77","V78","V79","V80","V81","V82"
3.60073951462096,2.71625885739743,2.47799116957355,2.12425995262184,2.13614356989999,1.0759952631923,0.998145525865433,1.33519390276825,2.62410158239162,4.99320911919763,6.16345739425709,7.19017244572416,6.96754335702905,6.42078545782237,5.8688169795647,5.39302550402518,4.93815156249372,6.13173127999493,3.39778429530731,2.73228730736034,3.74450614821313,1.46814927559718,1.0295209614207,1.16683087490527,1.45726633381088,0.973795086964574,1.00339382366356,1.11643491879683,1.74595648027267,1.811613270522,0.954404429062403,1.78103001542054,1.8651264312204,3.52680242155584,7.43925831870296,NA,NA,34.2401601674103,48.202579291271,41.3164965353894,34.2401601674103,NA,NA,7.21124415995508,3.78384063396614,2.10745850434309,1.84045168779981,1.64647450111089,1.47241875343664,1.86481541296204,1.8656752324378,2.30627860602904,2.41856462981925,2.86094913788028,2.71962379479986,2.17075502334161,2.02477180131562,2.38771548178244,0.731049541763388,1.03869126677912,0.826969406051929,0.830646633749711,0.8428421478587,1.08057806613322,1.01279183618841,1.496404154861,2.41104133005542,3.15820438630692,5.81508712984621,6.50462834775371,4.48002589772237,3.4930810051246,2.94125093477165,2.53284945190867,1.15730981036594,0.742132293754155,1.10856534313297,2.63838701616329,16.6659132739863,26.6321156086178,41.6006496822276,80.0815949809604
4.0529920344454,2.95516670929156,2.78717208465042,2.59786962999759,2.48667033647896,1.38241797350743,1.22225639979499,1.16158630465264,2.4088737684306,4.56217076777321,5.58667493460787,6.33601464545745,6.48999139403358,6.0931338907876,5.3921753157496,5.03027345762949,5.43717772225815,6.16206652180704,3.76972011123511,3.59738968346666,5.03490419901672,2.80033974283534,1.84649701595949,2.22784984320958,2.59808015351613,1.76768422840764,1.75510215421969,2.03158308553194,2.62730712456003,2.62452879872145,1.8110053733313,2.31854265574561,2.08791075358798,3.17456871326697,10.1154560406541,NA,NA,34.0444038543973,49.5316399942898,42.4556914236913,34.0444038543973,NA,NA,9.5168943044978,2.69329533363219,1.59308549863377,1.62700772442443,1.88367290202389,2.03863238920773,2.23053044094868,2.40068695052704,2.69144689353538,2.72673653534028,3.02006802627017,2.94923764017706,2.76440461234796,2.40386249966588,2.74010626147278,1.19150506505442,1.69777674368859,1.22346365654128,1.22885743687685,1.31770753828565,1.54011352431696,1.3695209355632,1.77701750163691,2.85007266474413,3.64511196079948,5.66158035854459,6.16094888688089,4.91794717892897,3.84533153750187,3.41830256955889,2.96502040082947,1.32348935676784,0.982851090531428,1.47080869184203,3.03377684716428,16.6885192600489,26.3975240166808,41.079070864475,78.6288626747429
12.5854698896904,8.20239925150486,8.22985118763551,8.29559579486384,5.97908606341885,2.11644941235529,1.49671740465772,1.73846375818463,2.36239687309801,2.49294413153949,2.66745986948329,3.51576075903977,3.77738350301673,2.79971929914396,3.22016633334715,3.13699670690003,3.10530578547831,3.1954695326838,2.20280066442122,3.10011760398073,3.24638946188517,2.89774464416305,3.08212127104972,4.43838944587443,NA,NA,NA,5.00902770556495,4.1889239714186,5.40296580431892,5.23830140855103,3.37529637377651,2.48324925511647,2.68922120669858,3.82546092423431,3.70740633850313,4.82802950522757,5.35875287789761,NA,NA,NA,4.13839585931888,3.63273369337508,3.67230489388069,3.08052288670115,1.95833519096882,1.96497622725177,1.92796409261829,2.8170615586478,4.5429335548023,4.4182041116779,5.84884655556784,6.10038106193283,8.01634206991373,3.69919685449784,4.41221463259425,6.40333302264425,6.59096295441526,2.36103012213683,2.30580789653298,2.41249510647114,3.06203464439625,2.55018209370233,2.76589591494789,2.88878437681758,2.70751408949541,2.79702750940549,3.32132479293606,3.53195913687081,3.62096744343946,3.66791025071534,3.45436416004339,3.00295084438781,2.87372896906327,2.52517667857595,2.1240365817106,5.89141796397637,8.73383254691871,8.90461352263515,14.4691584011596,19.3072237547545,NA
NA,3.67436512804082,3.59098573116694,3.53212775994692,3.09664565308383,2.25271279439765,1.51345705442096,1.96924009997046,3.64624184795977,3.31146964155267,3.97994122721845,4.03582801590943,2.16774436226835,2.25745389323207,1.51446459128003,3.95573221167592,1.85377729306161,1.78535560903983,1.95341818904756,2.5386437597398,2.23079676183798,2.08882789315028,2.20634998946326,2.65717283207422,2.418194931088,1.735119556076,2.34604387636154,2.89197077031396,3.66746885448511,4.37009330363516,3.30539530508293,2.76564169995022,4.42775808256925,3.32925109783291,13.7152259879711,23.8843789672645,35.0137944842626,38.7613378653552,56.6960663445374,NA,NA,NA,NA,12.5983673588211,5.77785178360744,3.24572183379456,3.49174413363244,2.32944860260699,2.97720709925239,3.63375814557551,3.42663301368807,4.12522955605974,4.02696566701017,3.43620246441227,3.592821688522,3.08611681745865,2.64277113038931,2.65654277238183,1.00193482365061,1.56580723199684,1.18335746945154,1.03614704107933,0.970890249812638,1.30557008175939,1.25543110535814,1.97704080210276,2.85278060842035,4.53212903495858,4.86697218778616,5.19783874422077,6.10464986217768,4.59233466258041,4.17227820046298,3.6533194108633,1.71899048993715,1.25869060392452,1.48212739835803,3.27990270897824,3.41841928317747,2.94754104853375,NA,NA
23.8442168507143,15.4258967352675,13.6992333877553,12.3609686952969,10.6630055245829,0.622140710574347,0.620801842740798,0.93407453398179,2.43122439673948,2.71184144253119,3.45413772129527,3.47158782407375,3.3903973019963,2.97903967597396,2.45555690980492,2.31327705102758,2.39090467624748,2.68669188966635,1.70273144210664,1.86968316350925,2.70368380190716,2.43203022283871,1.52826055699851,1.7358781447341,2.15799677376218,1.3765607306557,1.35200816046606,1.39490902575442,2.11945452425078,2.29213281197444,1.13106280777296,1.09101187695111,1.20988193803192,1.42339377638707,2.08444877429326,3.49690355910225,4.76657947973137,5.22178129074248,7.06351871528852,6.1583432614019,5.22178129074248,4.32377424235972,2.62913771431076,2.04369855405772,1.61282378541316,1.02836005905023,0.972568396235495,0.810754364919796,1.41423793216835,5.46873178485664,5.23113767810017,7.3648954291655,7.85446572695705,16.2913429934764,9.00213322862279,6.10868319807814,9.43785750655966,11.8929878374725,1.0965327530631,1.19236625224586,0.644873670515347,0.689754736393416,0.7745660663819,1.21087414985809,1.09500135654674,1.9338181126483,2.7598575067209,3.5737986353139,4.23452272001509,4.70466913719729,4.9544776589391,3.66901037495679,3.19126283059438,2.67736093563989,1.19377475456279,0.628430432423383,7.13295535386984,15.8244854582289,25.3651508568434,41.3073678063707,54.2993539796873,65.2089610432245
6.17168610903738,4.88567935912193,4.49519297425573,3.4402219305244,3.47351635654288,0.437290432009752,0.554885709642834,0.617435158209619,4.36969996920089,5.19200567737519,6.59094850010396,7.75901127115316,5.26194082387265,4.49272941554691,1.19404437594256,0.996013057626867,1.07168788720887,1.30492047993537,0.841152271213683,1.02802234001537,1.42325685284615,1.33135696363551,0.94053178229643,1.02238543491412,1.38021130964691,1.10821251194156,1.24798312403918,1.25085143200803,1.06095284564173,0.919665196559817,0.910965455618717,0.771602536076836,0.62280958488834,0.749485604587487,1.40248544378603,2.08478923988998,2.74431679744811,2.90788211469119,4.1055474985379,3.59533428385809,2.90788211469119,2.55027500216184,1.70273889357854,1.42918176802227,1.06043951169457,0.663727305632826,0.598030319986464,0.522597258970419,0.672772836002013,0.717498553827756,0.889345044860328,0.904838633279262,0.960033614197529,5.25896230450768,1.03397894497852,1.17719369246046,3.26705555001297,3.98970597655126,0.903129754330088,0.968296364106221,0.881011553366869,1.01246009180049,1.31100304405878,1.05371130733435,1.09680684973255,1.78906489355214,4.79026412158111,8.33229471968734,9.01670651497235,9.64863663192114,10.8931924738619,8.32993760770233,7.38007834566094,6.04892197816185,0.950926804269929,0.780721697710898,3.90923642728864,4.20483254804375,4.41787000648932,NA,NA,NA
5.56169231197106,4.36731822913471,4.18851001921759,3.48671355014233,3.40661010685325,0.992549918367274,1.71601715065372,1.50048226271102,4.13078696652402,4.66991454961946,5.76994941397032,5.63828935405399,5.00688552978232,4.30913880085218,1.43528079401933,1.35650991306689,1.50049583762565,1.58917002959646,1.30296994569405,1.57020055476104,1.80995892300559,2.73003495576908,2.01829967791222,1.62089149955856,1.76628606583935,2.13478073642465,1.66282804662879,1.89579710229201,1.71907942929569,1.8179834883154,1.73104941701091,1.34014200187764,0.958696757596583,1.11808490834726,1.11052735481988,1.02516247196542,1.0647697603248,1.10444905481747,1.24120633352834,1.22634737401557,1.10444905481747,1.14076532039984,1.28680872092566,0.927827580778559,1.00078601554453,0.809790856479558,0.91712071056033,0.993206002425067,1.19132070008949,1.38937067407198,1.52421535360808,1.57857873458817,1.57527068864798,4.60245672553876,1.33268401395294,1.55254971410299,3.12431252135341,4.2401718563335,2.41505262378494,2.10209857138003,2.13063362107702,2.80676493146102,NA,2.83709037874847,3.11554498599062,4.78533626844583,7.17000510874997,8.70708697157063,7.90229437398087,8.34984311124162,9.1726763405214,7.27320776874408,7.75916937205816,6.39829064974264,3.29956347331269,1.91507330669035,4.5094945856642,3.97800792602774,8.31132600759467,13.5837754834684,NA,24.5187208990223
NA,NA,NA,4.0594731924713,3.7178894884448,3.62636268957467,5.79576662229696,6.37767916802878,10.241784680144,12.9714267213359,16.4317701733035,19.6608626407517,17.9216535968249,12.9362386225258,7.49384589427983,5.82446578972922,1.63679129130558,2.77491193613344,2.37223714963095,1.59910341240549,1.31837488541974,4.06609357553898,3.7939684326947,2.88194778628303,2.63048283211396,5.79822861128556,6.08171883705249,4.38793247011428,3.83163987547869,4.12770240683618,3.32484342735872,2.61004061485269,2.26421608198283,7.43920050404109,12.3405265910115,14.6717256323698,20.9614863292739,22.2252589671964,22.3099786615446,26.146054830599,22.2252589671964,17.4700402074134,12.6396472536456,12.3927079634003,9.84402467723657,6.48787751712743,6.41692351950755,3.08792534500176,3.54193297187983,4.77699368970999,4.34015115577247,5.02808277218696,5.34843014283625,6.48195983635744,6.67624902341926,6.26848693235433,5.56953031994613,7.93393380047013,11.5690138577491,7.47752520741488,8.86366569516517,11.9140036453141,NA,8.92524765876355,10.442122891842,12.5715809498447,15.0281289576588,17.7416658584967,16.6315456340656,17.5769941619061,18.7794910954491,14.6766102534329,15.8236393363586,13.5951141080255,8.53547120416352,7.04205133581956,7.60028476544447,3.25371719478284,2.66731470736376,NA,NA,NA
NA,NA,NA,1.15527430308086,0.957807899131398,1.00908014113668,1.2653876425252,2.67897366916273,6.17866840150615,8.09405794570648,10.3545333306182,12.8273066324652,13.1261674580965,9.58852276438578,6.21277612362438,5.44202566853403,3.32939897435076,4.52096819367387,2.63405502649556,2.32967357325939,3.13786360380993,2.11215675819427,1.54672331933115,1.8246943580228,1.90931790334893,2.45354860340557,2.31170909353551,2.35691493915737,1.99452381711598,2.09063489502056,2.06979492491356,1.85695848867326,2.64208349510933,5.37035493559984,15.786767716876,19.4064297274519,27.9211762730593,30.4343924953091,41.5018409224808,37.55704626126,30.4343924953091,23.2957702006013,15.2224302276393,15.2559772980383,8.06770015013411,3.79265932070618,3.17723288121553,1.15011217187771,1.3347373649483,1.39776498362367,1.69339561462246,1.82104292079765,1.80620734238915,1.36762011703483,1.6873458286062,1.87955277011021,1.9599271051449,1.86144159561432,2.61442768258355,2.25574002984652,2.04296278137714,2.56623152629415,2.77053655183644,NA,3.13902373205056,5.04556671910421,7.9091733794139,8.87339426172052,11.203840081349,12.4380754168891,12.1902387728033,9.32760663707694,7.84612426457891,6.68662909671002,2.56933023492275,1.96909715851001,0.946646400828719,0.679176488977314,0.602684134734756,NA,NA,NA
29.7578052966447,21.6952510201551,19.4830881011424,16.1609045335977,15.839101105884,3.0051078001076,4.22734835814107,4.27066733381609,8.01819085980046,11.6088472974442,13.1378079023612,12.975709019606,13.7223867777483,13.9613150593494,10.8953311130391,11.5534629498769,12.476423551805,13.3977403404646,8.79815947040483,9.28320140052598,13.6700718088474,12.3618138119331,7.29568967587131,8.03685499219318,9.83202968369311,7.24955558394425,6.70061086157842,7.17747934492468,7.02168813136316,5.7631729027434,4.90307794544325,7.20654081624849,7.39928091737686,8.1785481965802,6.76978033729121,6.43492563604577,NA,NA,NA,NA,NA,NA,8.19475962612949,5.63622262138953,7.1965059262093,5.92131640604112,6.21567006121311,4.76428439967456,5.5017237668554,7.61695407817528,8.48135410344231,8.90905425414824,9.29906883068643,22.104919303348,10.7553818082748,9.81329129422377,14.8935634900278,18.0242584385661,5.60127863075299,6.38003092493668,4.11152567554371,4.06203325618929,6.38853480731717,6.89773396569695,5.63646779446425,NA,12.2889144389682,13.6553305913241,15.5812894291861,17.3568230290723,15.9916730730444,12.4562128245984,12.1307262040847,10.2533671292063,5.68544649157624,3.88162451014681,13.8063165066661,20.1845624292786,21.1844061120392,32.7775213575394,40.59221721945,NA
NA,NA,NA,5.0726948627848,5.198495539264,5.87946998285654,7.77128963039019,11.5177158022738,16.4773294508273,22.3198329545295,27.8061573279139,43.5833762357304,43.7450180877903,27.5911810738309,24.6819091965174,18.9915450200801,12.3680621620451,14.3748085478183,10.3887188000505,10.0924109063861,13.0300728283189,11.3633695159858,7.75784068780039,9.2583206334169,8.28558361684485,7.53736688616558,4.82397588577087,5.34250573804931,6.06851915048523,6.11074385367745,7.70327490785272,7.60974246945532,8.47248151238525,23.2213758898485,36.8787107547456,41.6585289273753,59.4953180013187,NA,71.4649459950789,77.7978146250875,64.0727774007829,49.0278040224027,36.5440023873842,37.2101265083435,26.9442007132972,15.02190067839,14.7782493270817,6.75490540815792,6.46765824278661,5.39453037132858,4.73995029158243,4.86566344845205,4.2398209187048,3.62632072941013,3.05029005606429,4.70158385840556,6.22186269100037,6.38828544665053,8.14686037179181,7.1021786964366,8.28542927099211,9.53791147003794,9.45469799371239,NA,10.0573052350161,13.9395441614694,17.8239269245904,20.6138382995643,23.679859154747,25.129532673461,27.5967134954124,21.4021760089484,18.7076652300609,16.7113566585125,9.76936693083118,8.40464484715528,6.50373664871735,4.91812040898985,4.65489581122119,NA,NA,NA
NA,NA,0.615493379747574,1.64327066781783,0.586600693975174,0.613757928892839,0.57984003182081,0.602564799236306,1.53908375321447,2.02566231946955,2.49206362157208,2.83348596605551,3.05789918869295,2.62663299546278,2.30701819422056,1.88581362862239,2.13494596493384,2.48877960204206,1.58552358538503,1.94041663033694,2.59927193568255,2.31853820330207,1.56011722880624,1.84765271575869,2.0899609303426,1.39140815538914,1.27710559339201,1.55323167535853,1.53885444826662,1.33979274914597,1.55745717810241,1.3990254997299,1.16393897819513,1.25024280664714,1.04864013642503,0.980554963936232,1.11363261865915,1.16584617415861,1.20124486990464,1.26671145271657,1.16584617415861,1.41762583516682,1.39730801858464,0.99300807188834,1.17808438985863,0.760722256596263,0.930013273244633,0.923590311626727,1.08240792701244,0.831435439529489,0.994784744580123,0.849586179519297,0.744262396758562,0.521167740734396,0.577757094995563,1.05259451563463,0.738830840396478,0.601172998632131,0.748572956281989,1.06436713424333,0.663410044865672,0.791584778909749,0.850762487880751,0.972778639991162,0.832813053060946,1.22254371047095,1.94309795966999,2.36051017919589,2.8433432148883,3.21109868545448,3.25668942250417,2.46993777045048,2.15165840746808,1.80167673691938,0.718395621985799,0.534996422253802,0.553850862577574,1.67285076842065,3.3347178850036,5.30035543770086,8.66633660556986,17.1905493913611
5.36966131449318,3.98761738843536,3.53266663801321,2.81639887389401,2.8059601425233,0.380834776315469,0.440448258947799,0.415039480341206,1.02265568055103,1.58105258251061,1.80629209326442,2.06983375599804,2.2555005823496,2.01659342964215,1.46440440677056,1.07492026202438,1.29132342183527,1.43523310643113,0.91971376139145,0.847059309359912,1.31109055676382,0.825746497331889,0.414689481117076,0.399350173952077,0.346428140534954,0.39060476370058,0.380466466332846,0.368991368006167,0.381246794086432,0.349733552687916,0.271390753258115,0.465747933249954,0.423821548579595,0.815538118628172,0.380137030646815,1.85134555020103,2.41610886959007,NA,3.84012363169873,3.30574248402182,NA,2.1530129810073,1.65542607399619,0.375263821431582,0.590610719744736,0.383131307174636,0.44692269606356,0.338699209887133,0.380208845341911,0.643943596467514,0.56395349579807,0.659175338916395,0.703532053348314,4.09332397494014,0.786811358644942,0.798415137988549,2.54190571813806,3.23630595946326,0.720309048705491,0.591097745860677,0.667973069591604,0.741770530417618,1.08985407873937,0.788505246749026,0.849620175796635,1.21644895116236,1.50471818311769,1.90494675880354,2.18578924049049,2.41478498168787,2.13599983866359,1.92245509206998,1.67931688535586,1.38048340939717,0.653709085761028,0.733966556854258,3.15249652849418,3.61908807066409,4.54931439732856,7.53350708622142,11.4485412181445,5.67085287266312
10.2545656244314,5.81522945900377,4.62703380256622,6.29589382608202,5.9972718260394,4.03406126972595,3.26722290465996,6.31004453328279,8.57959493849254,7.84731057588238,8.89335898811477,10.1030656523406,4.59807424111046,4.11112610526709,1.95669828585367,3.07346779267212,1.53522339919058,1.55753835791416,2.01027409624726,1.52343532734603,2.84044558208665,3.15636899741936,3.45789779195578,3.22503117577545,4.82021381626405,4.33833084454397,4.13589440971036,3.79361693270697,4.10762331992947,4.25186168505731,1.63728259990717,2.76861738545836,3.84595999862695,4.42362237260089,7.16931197704233,7.04153662366488,10.0441505903447,NA,NA,NA,NA,NA,6.46260402341916,7.75877557334719,7.86081585597218,6.43737511703511,5.11280319858766,3.94035156351701,3.22310338393746,3.82992546102204,4.74760686109186,5.16865799043017,5.58423709633627,5.62201383154864,7.29118638873666,5.93441362627304,5.69590071026594,6.25856724789309,5.11103148070242,4.4444996102871,5.02960868903051,4.5729498744176,5.06679003958046,5.79753371309876,5.7551435297013,5.28560836871162,7.26060570085122,8.54296105963243,NA,10.0483645191844,11.5923152056085,9.39397074584383,8.20741772741718,7.94621593934299,5.52720569378035,3.99870913275833,5.21979780842699,8.34735077452024,8.20148407174962,9.40384310324814,9.8202477061896,NA
15.9298966174279,15.6995646377785,13.9175959086874,11.6395573432138,9.05910551441676,4.00956935703372,5.28962408549553,7.74242726112623,12.2678322446867,10.7623019243287,12.0313799737637,8.80901279155188,11.1434983916761,10.5817547086124,8.69947872445174,6.75135120544158,3.60334379936,5.27839186342743,3.84378482175733,2.40335513376846,2.66272188178157,2.52039232523112,2.79314931568266,2.73858600128849,3.91850596433397,3.42572079273093,8.16273192883514,8.13597211862959,8.15059906652132,10.4568141413398,5.09754968947315,3.02116269310783,4.91075600407085,5.15980020009383,11.6255940331556,11.5067380400338,15.4281547575144,17.1171817721935,NA,NA,NA,NA,NA,15.264424762352,12.5866560024512,8.64952613623656,6.20937202714844,3.64739190089356,5.66534163470738,8.42085073152551,8.62754609204135,11.5473649100219,12.5295733695387,16.4140149745887,14.5901998160613,9.68363470854878,11.1517001246096,11.30299075717,4.77757875816741,4.14131786936878,5.1101269625456,5.09166648606037,5.8311773754919,7.37983816332334,8.25291893175066,12.7267245809693,13.8771600145442,15.0377216553618,17.5543688899284,NA,NA,15.8282191455005,13.9636429747454,11.8880057517062,10.6785766526876,5.41361968106942,7.5518598043817,11.0432074006744,21.8306771633225,32.3735310902176,46.04202647761,66.2050171401819
15.7715161907385,12.789924171179,10.7890900080447,9.57098719326686,10.6509398893417,6.82048703056213,9.9698314384617,11.9578963415696,21.3143714690587,18.4813967716383,22.3237742326357,18.2958789334314,16.9247266023885,15.6692835991517,5.80596873616184,5.8692142202034,4.28297615492651,4.74860976036582,4.93563500795115,3.4643482174029,3.3868506921144,4.3651430908801,4.04427297264056,3.21653297087486,3.99092566708534,6.47239291968767,5.03731711834751,3.91480272486297,3.74735677163271,4.11339183173267,3.33048485310523,3.68810478074672,6.0790953183849,6.56715923660396,18.8642041191583,18.5852203169302,23.8235653206382,23.4073367544412,NA,NA,NA,NA,NA,NA,13.7644170567066,10.147005273224,7.8058927449912,4.73473170598592,3.9871703634707,4.44889059851302,5.35304519787316,5.74823047266042,6.7725305962191,12.9778411812132,8.04683681391438,7.36080357089342,10.4165800632058,12.5024733264701,11.5685501573147,8.09049462259954,11.8672114873685,14.6773878422127,14.6183198213122,15.5965308616876,17.4330307151968,22.3879931736121,NA,30.0329480347636,29.3839347172331,27.2301008719835,33.0892721734041,28.4093167889469,27.2150984033807,24.414808483479,17.014472044134,12.3458609685993,14.5507028289505,12.4877081004296,11.7326864396999,16.0489585130017,21.9112362580429,NA
NA,NA,7.31495030348721,7.52998964965807,4.90568159713443,2.36510036507566,1.89160123448144,3.12452376265038,6.62975099341865,7.85019621274381,10.0653654727732,11.4535447686391,9.53143870791105,8.50756034104324,6.75077904975451,5.31409842649816,4.15060739121317,6.72946822601524,3.09592191670529,3.50081143705416,4.49424757719917,4.11994127468394,5.04473947396487,6.35130138307521,7.96262390759873,6.90194637277961,9.56782539714252,9.14398146707868,8.2609296638204,10.2716929806226,4.81590582385998,3.59801346201984,2.68939292996015,3.50607989358054,5.22162427853932,4.84518717716267,6.38040517381138,NA,NA,NA,NA,NA,NA,5.53948386377812,7.34089009043613,3.44303560209133,2.74660784054759,2.28993457813219,4.13047708509992,6.14610315052191,8.5736766289291,10.4617223462188,11.2139489561847,8.22537664914591,12.6981536012066,9.58345580162026,7.53231632531979,6.78789267158316,10.3511223069617,7.66525763845643,3.9941266644944,4.91968809287553,NA,4.10082954458358,3.7683229272041,3.69912163631765,5.15901707102464,7.29081937479762,10.5704298328582,12.4083934247084,10.4674968216499,8.13390856513241,6.59016310243425,5.88798900287906,2.83393881815711,2.3181033443361,2.74875606788722,5.37411635331445,4.99386695716356,5.55310127965691,7.93200856988936,NA
NA,NA,1.30208432680707,1.54662745649454,1.73504708836458,1.49498377894988,2.2474515075832,3.63940749103451,4.56682573973312,15.6675030588019,20.1830037962869,25.666352800716,28.4163187593115,24.8359320903719,26.096025983241,20.6090055823791,14.8893576977624,25.3625814145372,9.80852073799198,4.33023961179993,6.65181691073711,3.89919322037507,2.27653804365284,2.47459773200669,2.78627246208212,2.43294952413032,1.73770324678651,1.55198674111487,2.05058599217065,2.04279004874855,1.35664969904881,1.71703581592213,1.8298133247519,9.89173684467144,11.7622952959129,11.6341082687745,16.5493213141051,17.3716529778942,NA,NA,17.3716529778942,22.6440955167306,24.3372576400927,12.8081376606537,19.5515271804476,4.79337987860521,3.76297344033918,1.25371308739025,1.76479205010283,1.26237585374774,1.56185293079201,1.34892512972779,1.53445501041144,1.61477516355028,1.91172876820307,2.24457792126263,1.7262841106095,1.98332049773224,2.17490768404581,2.31383479357212,2.44447655090055,3.13681096553889,3.43450559417409,2.97355020529593,2.79597230295424,3.87912609420899,2.9638671261055,5.03101672318195,23.1222861633084,23.2684332909863,5.15287083329226,4.87882422899073,4.5587631883098,4.29170877872136,2.87464429683126,2.47677645400956,1.82820645433576,1.88669296792436,1.87048914109804,1.42986896640509,NA,NA
NA,NA,1.23031294638371,2.432830895571,1.38259847851749,1.54273780938833,1.61162415690267,2.8893869443789,5.07220176894154,5.93858994517546,7.05706711991234,8.04755731886526,10.0065418246662,7.31181177884732,6.59364573174809,4.84306327936756,4.06457294653444,4.75835735474347,3.13858392630106,2.45924986903384,3.00576902318734,1.97388970594436,1.15802866448683,1.29463254301669,0.609433985619713,0.612436892384239,0.706692869322163,0.88871287804554,1.38848177134487,1.75715164978394,1.18742591380614,1.47798988127888,2.14965120907139,4.74596272971898,10.4558019872982,11.3117583991853,15.4709509968115,17.1319557499771,23.2481478794122,21.8251396952611,17.1319557499771,13.5751079416929,11.1006995665098,10.5856945295045,5.69068548879215,2.98531672450671,2.5731021908327,1.14249690858902,1.39385532392265,1.36795526037148,1.19754761840693,1.49647501596542,1.35215847482744,1.21925739310121,1.30771291523429,1.01414877505599,1.00399118582052,1.07589417542001,0.70686604598802,0.731286452619114,1.10138587955828,0.976063332439281,1.3449721395766,2.41715610123866,2.85351151560223,5.59909006520344,5.72039781278678,5.98661010205918,7.68700989038525,NA,NA,6.50110747948917,5.41324535163312,4.4969201687465,4.09785271874579,1.8250174639841,1.17032904487764,2.84183231139158,2.98516306267209,3.54743610906842,5.58416691336263,NA
