"V1","V2","V3","V4","V5","V6","V7","V8","V9","V10","V11","V12","V13","V14","V15","V16","V17","V18","V19","V20","V21","V22","V23","V24","V25","V26","V27","V28","V29","V30","V31","V32","V33","V34","V35","V36","V37","V38","V39","V40","V41","V42","V43","V44","V45","V46","V47","V48","V49","V50","V51","V52","V53","V54","V55","V56","V57","V58","V59","V60","V61","V62","V63","V64","V65","V66","V67","V68","V69","V70","V71","V72","V73","V74","V75","V76","V77","V78","V79","V80","V81","V82","V83","V84","V85"
34.8869744252914,5.23863698728511,7.64455318255121,5.86856413800496,4.61626661942897,3.71073909880585,2.70995561769072,10.1396378069913,4.30332192514189,2.74153838721945,13.265985303075,25.3935023939356,16.9553649544263,19.6499363378185,8.31476843420278,4.09974388352458,3.27946352665999,6.17648817180046,3.42369999127157,1.29442261308465,3.01958887312218,2.57212242995779,4.60704104866535,9.01805234153098,4.77342012738495,12.8925366373114,15.7258109296375,3.53768920149222,6.09002179412767,2.83408936392919,4.36425705660459,7.79197873973746,1.9301223076761,11.5469672497404,NA,NA,25.8561720291653,122.351607952342,124.770419642818,53.2571718775258,NA,NA,2.7331012276392,0.447582882461657,2.56139989377222,2.52643979091556,3.65040762928612,4.23289748168894,5.3842943454577,7.66950587349985,12.4664054623758,14.0149062891283,12.5996545830333,4.28809162408428,3.71313355657938,3.912391094288,2.75671449976926,1.75218759361745,0.648129254524304,1.36763351410808,2.33822181707656,0.179621033637918,2.45673520779503,8.58943925739037,19.9205010343793,19.0430819431742,50.5652146159473,58.4979437024393,NA,NA,45.3539367409095,29.9756287098855,5.93266047627231,6.57878572628742,2.5324946555782,5.73203092497822,5.13849352193723,4.24349391060108,24.2308095787173,3.58567709220486,47.1471670623507,107.289877324498,201.621141388647,338.513324961267,381.265789522476
45.0509433296528,5.91049156813705,6.02165526187323,5.65245751948175,4.14414332006147,3.33353373728519,2.22437136765188,9.56576694610849,3.55127064910868,2.15090171808072,7.58468313819432,16.9474422674752,10.557300874435,16.0643186763752,8.78243079014812,4.33567487072832,4.67212123997864,7.64283978674824,5.36396771270195,3.11797388793362,4.17474248420945,3.75775978134066,5.34104940155827,9.33001019032689,6.58955924816266,15.0023367345994,13.5638575658536,3.39916864690654,4.13534515786268,1.87788301851593,4.76073468807852,8.26604503684896,3.47637042653205,5.62561282140348,NA,NA,19.5440642489198,65.5619401652498,117.350124055087,140.530053356902,NA,NA,2.30634288366278,0.0461943656309488,0.537208226276159,1.43548873518591,3.7147800768941,5.04173264193732,4.16121219596172,6.920812483281,12.1267774803516,10.8920661690731,10.6077184400573,5.08357484820584,4.19426462644444,4.26595419075093,3.7931067529541,2.92213370969301,1.14820293139753,1.36304970722937,3.74184343881388,1.30188918780562,2.14063719202124,8.5621844981823,19.865502121337,18.9873085814908,55.240465208927,65.6702224892556,NA,NA,51.8165429159231,34.9089279289435,6.88868609705722,7.30394357046715,2.10053173595151,6.3999828213063,6.47104805562214,4.59279786385088,24.9651504888012,6.0341068296939,37.9929022028763,120.310039207104,259.257051079369,378.03912846675,366.253175803618
8.49934680009813,NA,2.72532196008648,0.141418023842704,1.66377732078599,0.019684402572781,0.185749832266685,7.92319004890913,4.54142277759104,6.48393312684173,4.81896788708619,3.7680806017187,10.415817814614,11.8130072851205,9.47609956169168,7.6233607134556,8.51461693501119,6.22202743342746,4.42849225628882,6.40918871075766,4.36810006847571,2.42133428390381,3.03119231800283,NA,NA,NA,16.3971412442261,9.84596465530678,16.0684501935739,9.03040017062896,4.21298377330286,0.86090516242829,0.979680382132587,1.16582021493352,3.6591459592718,13.0569895210678,57.6323229834832,NA,NA,NA,13.7913698069406,5.75866925654247,0.709109481685198,0.222345601848122,0.313559123741319,1.07628691772391,0.203113809624031,1.87574019850094,0.67830123634201,0.643991791530939,1.52812732654611,9.55342020530249,8.81911717548358,5.22432648483324,3.53454607047255,2.50029107773872,4.20538715806064,2.94829748652403,1.1880905963852,4.67273089507907,6.64210311457362,5.15048361710178,2.96396023641341,2.97543862922412,16.8559180420347,21.7161079748211,34.506739866626,35.3632214728305,NA,NA,28.3229387077963,20.0962628498402,5.61330175824293,3.71797650421147,1.41629244896027,11.2022509009522,2.60047126149177,6.20046168003442,3.74087589071593,7.4934399666182,NA,NA,NA,NA,NA
17.6909830147169,6.76898409279013,1.58187149742012,1.85746851830809,2.10570501459361,0.804044342228752,0.841905672692405,7.30057305182323,3.79411612662587,2.66350212264367,5.53999094876908,4.19750488333258,9.88821797715154,10.4179510941952,7.48974850923272,7.24642310577055,6.69718687824711,3.64694599347169,3.35079858356468,4.464496194339,3.90123656907453,1.72277651858755,1.3834458752204,3.06288204459514,3.30284935903062,3.38373575136206,1.15183162400942,2.4856428067568,6.93972723699583,9.95740242270634,6.94519647031371,2.9375899801637,3.39788880667476,1.27837042624105,29.2638122310393,65.968267552072,185.629653589576,192.758878503777,NA,NA,NA,NA,3.25482427791971,1.04626460399294,0.719912420834115,1.04283274792164,1.18063529406147,3.40433489536159,4.041189542452,2.92418677574441,3.920975208426,5.08361599166653,4.02359456688189,2.75551946389337,2.82089990554052,2.51635569344988,1.92757583152953,1.1455978077618,1.5257768029546,1.96717538878325,2.60250070361471,1.90498792001423,2.46287352590011,2.93202062268386,3.34469678546526,6.50734870206761,36.0689555141165,49.337234794489,NA,NA,38.6409695773673,19.258345177265,2.60885630782401,2.57488253042454,1.40810706298145,5.33466328355028,4.17082409072126,4.38344794903282,2.64393994321103,NA,NA,NA,NA,NA,NA
21.2211465344107,5.49878743970391,1.04008296016769,0.400926853487319,1.46342059676817,1.82027686353932,0.794702095459558,9.58154086886504,4.5036800885076,3.50687614608782,10.3167532083788,10.9541782486591,9.53143273317399,6.26512082439693,5.63437666072242,11.4242733605802,10.7886389348834,3.24499377137159,3.11869962202943,7.18633372627826,3.51131542165483,1.83381733253352,0.704245199111974,2.1047132533417,0.788568418348213,2.64897504104189,0.712291037445119,1.14169375563663,3.27313169058946,3.93514667360391,3.10220800099617,1.30944423130185,0.688451930020545,4.39407585590596,6.57856072023961,0.240359417927922,27.3578494186114,12.5995376160411,12.9349350131867,31.2327776283658,37.0264517049783,20.0655081417577,3.48401446654697,1.20100746874632,1.61271902227792,0.743740848168419,0.730036426705873,1.63015606687681,0.502296099661201,0.630834580694793,1.4862874463825,3.06159983745526,2.13376353000924,0.34733561985134,0.580566713432967,0.276111296566744,0.153785069183868,0.0378232167051146,0.0408305288969961,0.730063434928933,1.61521724767577,0.404501370851667,0.376538076496141,0.988247409283672,3.88191582093357,5.82139423912076,29.521313794688,44.9401009649755,NA,NA,25.2740963110927,12.8360936702951,1.57804610980847,2.45902910626784,1.04885237172875,1.52691979801332,0.937088116764814,1.06034161746533,1.06098494408859,8.97891794533343,NA,NA,NA,NA,NA
10.7375338569355,NA,1.88602382284744,0.227420466461463,1.70476183743212,2.32801578379914,0.349868593366358,6.48549830315726,2.7134769548279,1.12221697072083,6.40494499715129,7.31698813472907,7.40323422011829,5.63587049903606,5.67924889299839,3.85426779306569,3.12803098248982,2.04382294774801,1.64923727045669,2.21929914633742,1.83113350817252,1.78775853637041,1.07362632716405,1.42488241673576,1.23212552118738,1.72391408947799,0.881989139309769,2.0077194044389,4.00497948812493,5.59722102993005,4.14007771018917,3.41624739786791,2.88826468119774,0.592629940753927,3.84603363351329,2.44574854210115,50.4962924111198,15.5157337848236,2.03968552996044,30.4665327172397,17.1215769014703,10.888245248441,1.84259844281228,0.644896612320666,0.796433962874152,0.54686775961528,0.050211474540613,1.63943114182858,0.680692664737868,0.817584456696781,1.0704224685156,0.947551546706591,1.37293648136834,0.633135684613654,0.711174361264903,0.585946030831506,0.19153032037438,0.263107080218826,0.436868848908141,0.843054294516193,1.9325484577458,1.09601991965091,0.0449415747545483,0.363638884553947,1.98743431696661,0.611236866777809,15.5518997249843,41.9367342443743,34.4046705813112,26.7998722018198,9.75810922972937,7.66315465170757,0.625697421834837,1.05931281536859,2.06452724536764,3.08736921110196,2.3528871125394,2.97372994459639,NA,NA,NA,NA,NA,NA,NA
9.00749279454548,NA,1.3380701888263,0.389831212325659,0.755684543466023,1.42414976985976,1.36153749639317,7.74409649091563,4.4312333467255,3.7359160747854,8.28523909892875,10.4154832576321,12.0356879452597,10.7691918058382,8.6332000915833,5.81211776110209,3.33787388412765,1.01491313187376,0.17506242365531,0.718214183527393,0.378526160753376,0.272117944138937,0.471728750098058,0.691348518202729,0.789164600159925,0.501611170562844,1.23925762230369,0.0617099729132982,1.07374208280908,2.32799151962107,1.89380587723417,2.09007035912372,3.06617091733168,0.204728879791948,3.03602645506882,2.26264330078255,43.3456313348793,6.34576539413951,8.79425017860905,48.0982318105552,27.6063388024395,13.2870905903542,1.20689500317444,0.521908218320507,0.55657590600295,0.620848745623395,0.406863517207332,1.52474207865371,0.851467367943276,0.909058140078712,1.07296697901214,0.569326902589478,1.01077648879397,0.84489822448937,1.02251227558547,0.587976446618905,0.191510465239689,0.110453190354006,0.382520219915753,0.246571373487726,0.462654829042231,0.59479600229229,1.00988880219406,1.43392450910797,3.40826131990811,5.4840972156901,14.3879752800148,17.0193387798996,NA,NA,12.0701459235369,8.56912444157163,0.629768498868792,3.88877074541018,1.43784670090838,0.823843854616758,0.864584971556166,0.82496644272623,4.94561630968183,25.5317635671852,NA,NA,NA,NA,NA
13.161036035955,NA,1.53228924862657,0.406151955587866,1.13735376837124,1.67129836632467,1.73312948098136,10.7133422737343,6.42034369861616,3.62784184549721,8.56793288875553,8.91106437787166,12.4691013561443,7.81087518440112,6.61261543177311,6.15321007599731,4.25703069713065,2.54974020205648,0.989083734123693,1.93702288302343,1.31991437510487,1.58186986202116,0.725441481408068,0.991243490158765,1.73277582036019,3.01286838501653,1.06530246053727,2.27321393484314,5.9479410381094,6.89945032953325,6.37359971325067,4.87913723488574,4.19927699827633,0.490683428609887,3.53631440021117,2.47150312779268,34.2752465341849,4.32473991485768,9.53911498299439,40.2615719037044,19.7256875284183,7.71759132556903,1.01785647171136,0.908387186510356,1.16094027655034,0.632308101201368,0.712531971313424,2.41123294724937,1.38086426258519,1.21865816749864,1.39271865908845,2.06711826890291,1.18148521837099,0.797429244151127,0.991658167527749,0.330412672038693,0.47927279413372,0.261745746062354,0.255801219363947,1.01616034038117,1.45191527958395,NA,19.7166529561769,10.2900404955209,8.03007323076703,14.2764742136474,34.663838912316,57.9059868139531,NA,NA,35.8409018759274,16.698621995216,1.29369663775284,0.691725410136233,1.85773958264757,4.17256562961047,1.29841418193268,4.10073331139485,6.42678024095144,NA,NA,NA,NA,NA,NA
NA,NA,7.55969117374974,2.16473691103202,2.26986677324169,2.08018090775322,0.814489280597275,5.79191642075548,7.36654038131158,3.6422810748795,3.54945896423463,6.6103729155211,4.19426762974208,2.58783912159778,5.4380555889551,3.1869481871211,3.48766691191132,3.41965139493548,0.42439247367861,0.218153592973911,0.248832501691905,1.45857732142731,0.966293703008596,1.48255589644501,1.85998327428874,2.72001936156667,1.19456914913191,1.75901208765497,11.9346722817571,7.74820958790167,5.36337900357298,2.96889841342538,1.52966432868671,0.189355053719848,0.330158131275385,1.62847585309648,17.7874844360596,6.72680988691092,21.8189428228296,30.0145334471414,24.3052493839341,13.3390408619953,12.9605838517185,8.68278950075403,5.56473216820553,0.66942536710862,1.23611609449332,0.615613560130621,1.37799745369822,1.25592451922767,4.28158457110195,11.2817098294201,5.4511404042201,5.15469641741873,12.5061356447606,3.4143710386029,2.27401231304287,18.2399166355848,9.54839852154521,10.2086875351539,35.7692634998361,NA,20.7255560742852,12.2413293743454,9.92477382233983,14.4743170052293,55.8513789747925,78.9362345351996,NA,NA,58.7403417308623,26.2407198184888,7.48313360924475,6.00442993031088,3.08418378565125,3.21072538918915,3.64888032239988,16.220165952703,NA,NA,NA,NA,NA,NA,NA
NA,NA,2.07614803828939,0.78748629105365,1.11936257016593,1.36549253107853,1.02698625499405,5.06555826987248,4.04527155084655,4.87831963853267,11.8137858228025,12.4908143931454,9.50159966598828,5.81029023154345,7.11482095661949,3.92742805239052,1.99027043133893,2.08855841888522,1.22430616855447,0.244839238687118,0.714695865629333,1.61244186047496,1.2775452471078,1.0520593596243,2.24003287642477,2.78769016368065,1.6491121143235,1.07010296511694,5.75464525020684,5.4907310755599,5.58349795759439,3.69663036348266,3.96830147787519,2.13347664856058,5.43230538683332,14.9215110313119,14.6776813642559,25.940927590882,21.6109361075686,10.3833714531927,27.7745045936172,5.24296564035425,2.75062626509576,5.74226289907392,2.18090494849586,1.70643718106518,1.69215985710566,4.22053555765524,2.32189183440293,2.8810525291187,3.63427331094116,1.82764014250708,0.669048236168944,2.87428757176912,1.35899578393031,0.119853318330199,0.413487038049019,0.0609589805619613,0.865714056286658,1.95150205790638,3.36120083984829,15.7203758048965,NA,1.31912059594271,8.56757528410666,12.2143918525182,39.1979463309014,65.5903066584265,NA,NA,40.8863846041166,22.2939119466655,2.74880722489809,1.17381216014341,2.64533544010757,4.05652826712633,2.93006070484321,1.30590478535175,NA,NA,NA,NA,NA,NA,NA
15.24982688599,10.6517598654618,2.88665953597224,2.00646072379627,2.48740480781986,4.09813044043595,0.893274179177523,5.09700551418486,3.02037836088616,6.26548812416318,17.5166880030133,28.6960119319379,22.0490567581039,14.8985907188017,22.128074339121,10.4413603081545,12.913289905163,18.5122938293181,7.61293404561214,4.20853800971397,10.9549968465473,18.407309941186,18.0052761584742,14.4644657633016,12.5478468196997,4.33520817670021,4.26421722159356,4.94833007909711,5.68179692355569,5.83063364871625,5.71427044631818,3.95640883040601,6.42686598728168,11.2954132237203,10.6447339734542,NA,NA,NA,NA,NA,NA,6.98397808270112,16.8778055003976,3.0725820137306,4.02044787298677,3.66157143567204,1.73591404201336,2.4917626828175,0.569114141392262,0.892076050636367,0.985994145725987,1.01721009445563,2.74935459757677,3.73855244721375,1.14355674687481,1.57475905117439,1.80380769419819,0.380769905856753,4.08424428060751,2.68408041060785,1.20034476211853,10.5311841768082,4.37854213506843,24.5242167032359,NA,37.9843190835222,61.9627429798898,83.8087811092707,NA,NA,53.4455446827345,34.7860759059997,8.01853135198699,2.58268931250449,2.55050532874274,3.77287730844033,6.54859980044622,2.72600694796514,24.7360178107337,41.113168535431,22.8792549012057,NA,NA,NA,NA
NA,NA,8.16378091270962,3.30490639127169,3.43443908313108,3.06012763918771,5.247431438061,10.1208737915238,15.2376183778479,7.41532345610192,6.53673457160407,10.5162736599951,6.24745732205226,29.2568233509442,18.6493428253948,13.9353376503785,18.16833164375,14.8966990108897,17.085451686861,16.0396346917394,13.4823836672469,3.70143873224437,1.27429675447644,3.03257743243019,3.33005854779539,4.51307220008119,2.69837902765836,4.02844681278358,8.546909160351,15.3933595085157,5.68964821489338,2.38251926812723,1.90669157205273,1.96460336294102,16.0713998458361,14.8147138847709,NA,27.2736635497685,24.47391787849,102.262928782723,72.373365094527,54.9871132283811,15.6503887823188,14.1359687583456,2.39095672776074,4.49067047353137,4.5755140840533,5.23172298578215,6.43578116291951,4.66518936242562,3.10049575492564,4.77181981177831,5.47937588071867,3.72529265503859,5.31642800910874,4.80516813595158,3.72465418569989,7.49316821021211,8.251405146977,11.7710362997191,20.0887037156228,31.3635944013624,NA,3.96868024003306,5.24222798369874,12.6073540253723,55.4000967221916,86.2448385910677,NA,NA,93.9572375822523,46.5178656302815,11.4438303301756,7.48779421467445,0.976215565897534,8.22216048109546,6.64373457031783,6.75567390635874,NA,NA,NA,NA,NA,NA,NA
10.8430520617387,NA,1.33729360884766,0.196308228095701,1.03911083480513,1.57131806555012,0.286122812349021,10.0099152302619,7.17031816886537,6.20240082927173,12.6704499903931,11.8491332442077,14.7796880105859,11.6190535050473,9.97395914032896,6.97213502094491,6.36654697680491,4.97893896611189,2.97548513939373,4.0621997911157,2.71554870069757,3.32486010623287,1.07183475355611,2.67993426886225,0.524717937234294,1.37338696161996,1.00841028563229,1.14841552973994,3.17269793718184,7.10664081459706,4.89329287476329,2.38558513351055,2.44250681928611,0.425817052534622,3.90689705614128,4.14445778134887,48.0848221136772,7.05657056748126,6.80856751003845,39.5139749400463,11.9379001644768,6.89159922058568,0.355882415077766,1.37473657709802,0.881617560173848,0.644469444462245,0.14717811436383,3.21034036569981,1.96561667681156,1.35206164698388,1.69663933478236,1.3382983795193,2.10701333681568,1.39250707468558,0.74170365238558,1.06944921970424,1.28942276401088,0.527271024529353,0.14306021714893,0.787718106499679,2.95705586565957,3.55597194049843,3.72318883235603,3.44106120108002,6.54596552820337,10.0590766238896,28.6027685594233,39.6050526050837,NA,NA,24.6316617181377,15.1736490470486,1.70600752727838,2.15623720995237,1.3942443365927,2.17636549144898,0.898707253394312,0.607400228901653,10.9384405578053,37.3763315367247,NA,NA,NA,NA,NA
9.54459354214829,NA,3.74603973957872,0.430619642323537,0.809428477679049,1.32823995386685,1.26989216654671,9.32221289397233,4.22437428650727,1.84926556261494,5.18201135915291,5.68742805392371,9.02232725910672,7.50837684468992,5.96828962595144,4.75815265493272,3.18422899198241,1.3600217864473,0.0695458902518057,0.867113660230567,0.488598473328997,1.3151714977392,0.233090002280028,0.930365976561966,0.295160835903753,0.735203009019054,1.41581371292104,0.113031810511706,1.2845176938477,1.89326163953325,1.25391228177077,1.34729451406583,1.86847625410278,1.27609105505663,3.86895105167478,3.31683214618716,NA,1.38764111269923,14.9710880734906,NA,25.4263730318641,14.3441833652748,2.23169576744033,0.913558320732686,0.78363537632684,0.839605222148438,0.592721541589728,1.15883930654781,0.268339570390952,0.326216577270696,0.380450243389559,1.16690446516537,1.38631793461391,0.764479077882616,0.762658285538716,0.198032582921143,0.133809499552549,0.248761473590698,0.286059384719584,0.241523568105074,3.70152938610072,0.58842344271174,0.08980901301776,0.806996216784563,2.82800516696877,2.06672704855818,13.4185546768158,28.1049573077496,NA,NA,18.9383298953519,7.27169464242339,0.293106457929569,1.45980633969573,1.27648176419954,0.964593788936596,0.727699275733756,2.03792941333377,2.64182463595619,20.2465551393106,NA,NA,NA,NA,NA
20.5302179151781,12.257386455744,2.901057231692,1.40970323843784,3.86815612535343,21.0507501300274,2.79127834027787,10.0748206153936,4.90757861947,5.42314070136618,14.5731714090999,4.29170955444854,11.3771575643756,10.2817924765287,4.95820492050575,2.02961123298377,1.91288258943311,3.01525073800178,0.641895748858493,0.580181413322733,2.44506684589649,3.99115650813747,5.10312426798175,5.10493222381822,10.1258698852262,8.74448561837898,14.3821024600026,1.43939311059984,2.89984744748131,2.71440289660321,3.26076953060535,1.97263738145099,4.00681113846096,29.426152676653,11.0912896552416,13.6929949730599,NA,NA,NA,NA,NA,8.74059654835582,42.7591137404714,2.20714753513316,2.21606661093158,2.2536753408577,0.218604430371055,2.02628662729516,1.21103366911104,1.81203994175344,2.65473499189066,5.23622739112697,7.05352145361419,2.70427532097464,1.71887414559787,1.81184169869786,3.56590040496443,4.09113336616109,4.00557626955704,4.71313924919922,3.14261976533605,3.42444916542608,3.8183963416932,5.13168557778325,4.80002672495476,7.17817691024238,2.12076516417032,NA,2.73643069784026,0.901583221540945,1.63238310370575,0.89547998436439,1.71461612156944,1.08283143042998,6.61482467378731,12.0028320545934,1.48732889077163,10.5044674794405,12.1007734054435,14.5288282823757,NA,NA,NA,NA,NA
36.1650103418136,7.33444973185381,5.93407925347745,4.35272015397901,0.850287447421679,0.873149200535721,3.03503065796556,15.3201235327533,19.2591664694387,28.1746388068202,12.946512710999,13.0913335795042,4.70877754404596,3.12102219560462,12.0491592386872,5.18139010182891,1.32549651864904,3.32193671980584,2.81348555864729,1.77260151134109,2.12025390645983,2.28586028132807,0.900381496749028,0.300196059813539,2.88477581803972,5.29504620344954,9.71354724859666,4.29121827405498,1.8226585662101,0.396083680267531,0.365370665164899,2.94952913469433,4.85755443404173,18.1799752117247,50.2075934210611,57.51368025638,59.2000524558639,NA,NA,NA,NA,NA,7.27628403898119,0.170391056879939,0.988367712981955,0.0420052826923507,0.00107073626712869,2.91734342351428,1.07114600594374,4.19670490754683,64.0265301586364,45.0144754713918,24.3496143541022,5.60274147229138,5.15148261654851,7.85566936560125,4.23663714361501,0.95316623593783,0.726834950269422,0.526082549798493,0.48369957796047,2.31544392725071,2.67960807703901,3.93124472192118,9.59813809436464,12.7611357314248,24.1184425921888,10.7900694625226,34.6856466197349,76.1411873089351,51.8378940179928,23.7891999535911,11.7358812249831,8.55197560193841,4.43742753984368,12.547763622101,5.82220434642079,2.41462599200679,14.4830968772934,3.24286083702251,29.8475578031023,9.26072410999266,73.5672787942712,128.110452465507,318.194554156277
2.89624276207501,3.68587017247511,0.71902889993132,3.09246035620796,4.00790284197902,4.8169460366237,4.64227965246342,29.8518149234721,6.06124529600075,5.00265610932012,19.1113380799108,22.6655113462901,23.590196781996,22.7329790619962,22.284576010784,9.18129394240851,9.49296984214509,10.2542001787495,2.14747321867117,1.52880106828937,5.78082034491143,2.39092792707618,3.07312045109343,4.44423659922779,12.4519443466371,14.0522184319594,23.1154992346119,2.35902181738185,1.37022534048749,1.22110068785259,0.528672274125618,1.76455672946562,1.87655863151831,10.9141765692339,21.8795140328494,77.6518775644815,170.763709764923,NA,NA,NA,NA,NA,NA,22.5739843941297,10.0091661757254,4.60525621695844,2.37822617466805,1.3505621245748,3.81840598608125,6.6755988717809,18.9361350780706,12.5583186539102,15.7530819592023,13.3648592468794,6.3263313372629,6.1149993375326,14.290242198731,6.44663655872743,4.5497373669051,13.1878351170117,12.2894742571431,5.60957664076937,19.3841788516856,48.1229605227341,65.2482536355735,NA,87.9764658603646,39.6602866775435,11.4820492055333,52.8855862485493,20.7955746325145,27.34022428963,20.5036542656449,7.03831003402386,2.37699403850028,5.17014734983984,0.815031789729916,3.05225627212434,2.79737252894831,35.7558032906453,75.5333163622836,132.162573389498,NA,NA,NA
19.9136276687252,10.3456563384293,2.41004765011481,0.0911335938146518,0.282984975523314,1.35039276743679,0.700815796478756,6.56490923785281,2.42498002744011,4.14705570035734,14.9396073856237,25.8134692636085,1.83219661346276,1.24887888432195,2.28217653083681,2.0525380090869,2.6836708930975,4.17885097277522,2.42390989169865,1.96352197866589,1.5133657387981,4.93588704125872,6.96304031033743,3.51385644730821,4.27906579228579,39.0961085032761,3.19454891548042,4.27700757931558,16.6240324235636,11.6074372852349,7.98738875881215,3.90446137649089,1.91692477537583,0.0958875143512385,1.02103708867207,16.7773314902638,NA,NA,NA,NA,NA,NA,6.50760128394011,3.60347972313277,0.70764252047349,1.05269791506746,1.0139851215095,3.20711464964964,4.02587268116642,1.92431584621583,6.85289982451846,12.0869020680232,34.5442610608835,9.57082423592009,3.83661426048473,3.40101318291157,8.14680551133508,13.7169131936847,7.13399866902787,5.28559393044223,4.04195389522906,NA,1.96034266183814,0.902797187931492,13.5083087979018,8.95849523026071,42.4974447915662,56.2747574333715,NA,NA,44.1815186374484,17.0650295953161,1.57251048367992,0.636817012462593,2.0139209888165,10.3224705598659,7.25825170478601,4.26070712334661,2.54065591040958,1.62309766998434,41.0940272349924,22.2761155530203,1.30909611307514,24.1865221196016,45.057683323812
10.4951661185858,8.30768614586626,2.168126278456,0.239453572137343,0.0680647838348548,0.779381733224022,1.58769657366947,23.2671131635438,5.02589726464718,15.070589610112,13.8044564178758,76.7545216498498,61.4113060668284,36.0300733855123,9.79794725408222,6.47995992554185,7.40190680464265,7.55527376942147,2.46680831951436,2.41524181178961,7.84526141656165,4.43459994496627,3.98792725950478,4.84474215168659,2.63412829906749,2.85729244252403,2.4834858449102,1.01290468041622,1.88617379693193,2.98304788505701,1.70317224312115,2.20353088790612,2.24056092117447,0.968318603032154,2.86699965938129,27.5214391390809,76.75172618258,NA,NA,12.348106204798,14.6818255280913,4.33942271870148,6.79377087674122,7.34018953018365,1.41677087588022,1.88342932923763,0.533172054207457,1.68860833394879,0.793959670320103,0.599595683931484,0.678750295909526,1.52677955575909,2.41842280481667,1.44893006000982,1.14019153765782,1.19280311779468,3.31191175137685,4.38215517272813,1.65151608252576,3.24729102589376,8.82517506245777,5.62983858375971,0.643128259519677,1.92896944411031,9.99303459953796,6.11740498128211,15.5142585474964,21.8914693146587,NA,NA,15.5739946390273,9.66695203791633,1.30859143514837,1.14838577535787,1.30445934820367,2.98956479170565,0.479927792434936,1.57769710771722,2.50569849788879,NA,NA,NA,NA,NA,NA
