"V1","V2","V3","V4","V5","V6","V7","V8","V9","V10","V11","V12","V13","V14","V15","V16","V17","V18","V19","V20","V21","V22","V23","V24","V25","V26","V27","V28","V29","V30","V31","V32","V33","V34","V35","V36","V37","V38","V39","V40","V41","V42","V43","V44","V45","V46","V47","V48","V49","V50","V51","V52","V53","V54","V55","V56","V57","V58","V59","V60","V61","V62","V63","V64","V65","V66","V67","V68","V69","V70","V71","V72","V73","V74","V75","V76","V77"
NA,NA,NA,NA,NA,NA,NA,NA,NA,NA,NA,NA,NA,NA,NA,NA,NA,NA,NA,NA,NA,9.73237316443996,9.47622868949218,2.63176518466703,3.82885212822408,5.14554792239487,0.960830350593363,2.14296335011462,4.73360319461238,11.4163644042575,3.99739872186458,9.02125538996571,5.49832629310914,13.5668049686073,4.49754598442055,2.07324935424924,0.947014562203543,4.57792461489245,5.03605548315308,2.32190150967191,1.224611954947,6.46139978000499,5.86772869055221,14.6008954985331,1.25013750520731,0.00693613035248466,2.55146644113049,NA,NA,NA,NA,NA,NA,0.930815889829598,0.500803444508412,0.918052228526059,0.57147463622016,0.478474504855547,2.1863754669447,5.96933548487454,8.15041749825376,NA,3.75597567332366,4.7534455801968,2.02765516370501,9.9176568685041,1.85185401664785,4.01927307548851,1.49008955459843,5.3657896725563,9.1793594267071,8.38625959187532,9.09323530270617,NA,NA,NA,NA
NA,NA,NA,NA,NA,NA,NA,NA,NA,NA,NA,NA,NA,NA,NA,NA,NA,NA,NA,NA,NA,9.48118580639746,8.51591434580514,1.26399824421466,4.89156002534797,4.27345185992325,3.22803504988244,2.48882432704715,3.98459348363959,7.20379432961945,1.17450506346172,13.308403540035,4.14846572626103,4.88876082262376,5.90280085556142,4.72904552038715,2.50849915412385,2.03611254982316,4.92614493688337,1.44040839999671,1.07653990820251,3.47133641643435,8.32089995779415,8.29950049625318,0.955191045361519,0.788764658363711,1.85265031630078,NA,NA,NA,NA,NA,NA,4.21370187905117,0.659958386037755,1.2745646869733,1.63564908302748,0.181481964524878,0.959583995306179,2.2419573629731,10.5211040594839,NA,6.21581926257784,3.47677887451442,1.34651239638859,9.25812736229109,2.29640116494983,2.66986223462872,0.946503363646959,7.35382074862927,10.5620037069008,9.01533406489308,10.1391760260994,NA,NA,NA,NA
NA,NA,NA,NA,NA,NA,NA,NA,NA,NA,NA,NA,NA,NA,NA,NA,NA,NA,NA,NA,NA,6.48281996349177,5.75535960233867,1.07420384390501,4.32470579621863,4.59692241516758,1.629638168891,1.91850415205977,3.74946525156893,6.8372121115355,3.00240424133731,12.7248001163587,4.61286742759048,10.3802038795583,2.70364467885023,1.60077516982143,2.73738208149732,2.32003149327124,4.96167511084003,1.5190756466015,1.21464434161805,4.27344180536459,7.57187522607827,9.03755911927946,0.540774813173997,0.442824414381488,3.76873596259547,NA,NA,NA,NA,NA,NA,0.601771687592003,0.310047270727595,0.842780581813883,1.19622047720814,0.475660888526285,1.3283618504795,2.3779871634746,7.49258115461991,NA,5.59971463000884,2.8280214472255,0.715958461183155,8.65717888140233,3.02106964483468,3.52700095290385,1.09457557236255,5.71742637732342,9.99661868688746,9.82131210978655,11.1174690871611,NA,NA,NA,NA
NA,NA,NA,NA,NA,NA,NA,NA,NA,NA,NA,NA,NA,NA,NA,NA,NA,NA,NA,NA,NA,8.71064437037087,6.59987077828785,1.03789977505959,4.91604855662177,5.34779750852183,1.83541973097497,1.80880065030467,4.15203920031843,7.86826749019776,2.63173534358905,11.4444529214804,10.0539021380882,18.8056581830042,2.56587783749913,3.38340239601068,1.90382197210126,3.06732609741256,5.35283184272714,1.24084239990899,1.42206199508579,5.17837404279897,7.86330236816392,9.26509305042826,0.654009570397477,0.373265972960706,2.67006477923572,NA,NA,NA,NA,NA,NA,1.26081212464975,0.547994169856961,1.04465044894565,1.35977014788069,0.275532858847507,1.15602107610546,2.18123887572839,7.24347078889441,NA,6.98989855879511,6.40101601760711,2.13124152192164,9.15587155878261,2.88643857346865,3.42550875296012,1.40463877788386,6.65566934928678,10.3749269019326,8.99671477809453,10.2092798408151,NA,NA,NA,NA
NA,NA,NA,NA,NA,NA,NA,NA,NA,NA,NA,NA,NA,NA,NA,NA,NA,NA,NA,NA,NA,12.4330330944943,8.03462386659141,1.22181210216619,4.37308046754037,4.09994114995104,1.54309041003457,3.06935947668973,5.00533201634159,9.17857585762513,1.73896206541877,16.3466424640915,13.5169577049911,23.4341760621589,2.91907453877267,2.84127216072759,1.93867910463511,3.18364399295272,6.24613271773607,2.64443492775628,1.73871902455286,5.23164363234673,7.29282193868231,8.98588596073572,0.332778834494993,0.467701809065828,1.94845337216338,NA,NA,NA,NA,NA,NA,3.1260454371842,1.266098273063,1.00525479860094,1.10473509026767,0.202576638132766,1.24190493469657,2.44456354049954,9.45100948739747,NA,6.50103653735757,3.00573234974437,1.26776574978571,8.8737526862341,2.66437086101879,3.08103844053652,2.10689046802722,5.08297559901911,10.1185090769305,9.30100020989044,10.160571264763,NA,NA,NA,NA
NA,NA,NA,NA,NA,NA,NA,NA,NA,NA,NA,NA,NA,NA,NA,NA,NA,NA,NA,NA,NA,15.2120088318106,23.2012054036646,3.80508590257882,6.60973170078115,3.06498559047514,4.34013147040887,2.8840303275311,2.70517592907475,7.83569220858012,2.95124822055127,21.1194475383045,21.22148632157,22.9269919163583,3.0229709816408,2.67412441069588,3.99227929781626,3.72390896952113,1.46648979298966,3.737377650164,0.313865139247811,2.40533507464843,2.63878269462149,12.4177611463731,0.185652426710623,1.46635271539524,3.42559447624901,NA,NA,NA,NA,NA,NA,3.02479100979693,5.0607454438468,4.20145105971855,4.34151345345288,0.557325123837759,1.9812597953688,5.89037889406853,17.8219863984836,NA,9.39632523593812,3.79958833375149,2.80310359318793,7.75729130214514,3.15711759413185,3.42864029983459,4.03483766134876,8.75809817233381,5.98933907963032,11.0284376618103,8.4166304726095,NA,NA,NA,NA
NA,NA,NA,NA,NA,NA,NA,NA,NA,NA,NA,NA,NA,NA,NA,NA,NA,NA,NA,NA,NA,8.43624988475719,5.35385529171053,0.936147446954397,3.76072762965618,5.48328110344726,1.1804730185208,1.42959522946942,3.27361001373231,10.4165078006044,6.58147068445257,4.84994922062833,1.45661284782811,37.9701646812479,2.7464322276816,2.30683880763986,1.28635142649314,3.68135246606296,3.63664278517856,2.19735203817418,0.997237187226078,5.82071914791524,6.38151630580959,11.2646489329047,1.49979276896917,1.03105699231234,5.04014722197636,NA,NA,NA,NA,NA,NA,0.897799843901683,0.445531128237372,0.746507975224842,0.504253368738901,1.06164628083913,1.21945818924413,0.904793181581427,7.2675465014652,NA,14.2845676931593,6.28423291146346,1.2828072114875,7.85306664709181,2.66993619583048,3.94234640866736,1.67567606766519,5.82998597585101,11.2821454743987,9.40388009412912,10.6668288473858,NA,NA,NA,NA
NA,NA,NA,NA,NA,NA,NA,NA,NA,NA,NA,NA,NA,NA,NA,NA,NA,NA,NA,NA,NA,12.537879389164,7.87986410262378,1.63248844206447,4.00322855420943,5.22192941885111,1.73827318342505,1.63764008981361,4.81459897510278,9.41359189357182,5.27612172474777,14.9618373594773,4.66286896679294,8.31963054908768,3.45867831433078,0.781108689960629,2.99396303825335,3.75622398900979,6.69314281696455,1.99150249231717,1.17184189850427,6.22683947722668,7.34342962019049,12.3574291594034,0.455421196346433,0.28136356631349,7.51959131126789,NA,NA,NA,NA,NA,NA,1.7513151249376,0.416400867009955,0.458009093581996,0.95475732999622,0.237487349217002,1.59251186563774,2.24066284085058,11.4821689246198,NA,4.06741712453064,11.4688881539017,0.885705978422496,11.2949635997991,2.21928471296278,2.35320949556328,0.962726711268458,3.98545133077883,9.27777899598591,9.16614786747658,9.86556929598945,NA,NA,NA,NA
NA,NA,NA,NA,NA,NA,NA,NA,NA,NA,NA,NA,NA,NA,NA,NA,NA,NA,NA,NA,NA,9.92130961258093,15.3086560297065,5.39092197275808,2.71912399382967,7.29266212671892,1.83850287043696,2.02446207326515,5.8480399045087,18.2779143919798,10.2947223743741,5.79569183978641,5.38468843000988,12.0161984089829,1.32921320525584,1.51909548803424,3.31426370570293,5.32030712449239,6.05758822716745,1.65460537011103,3.12221088474273,7.03573598101607,10.1398996907422,13.4762422063151,0.358106368303742,0.70405847184577,2.54295851702632,NA,NA,NA,NA,NA,NA,1.82907272673706,2.00803980144417,0.917337587094828,0.467288006943576,0.419722762595717,3.1622948345642,3.90421961626827,2.61294900465742,NA,2.58244996551654,2.83063312532527,0.0188881230788519,10.112673223375,2.77352650726281,2.68626072473653,1.30042260615617,5.45963157921008,5.32673921775754,6.89943908984291,5.88414632123699,NA,NA,NA,NA
NA,NA,NA,NA,NA,NA,NA,NA,NA,NA,NA,NA,NA,NA,NA,NA,NA,NA,NA,NA,NA,9.92679650571869,8.64703747873016,1.75475117405332,4.42181449315661,5.77567502066429,1.81831460749099,1.96684053409498,4.74824044217476,8.57638978324571,1.1947556313195,21.0884711391017,7.75634291932652,12.1961116244591,3.04731993706565,2.54246744346012,2.9133266150039,2.90087351055247,6.31129062703538,2.11154717038777,1.42173749482031,5.92636433355102,7.47740312331563,10.8115321517151,0.53399623406369,0.820136675527594,3.87749860007473,NA,NA,NA,NA,NA,NA,0.366936919934713,0.46438558875091,1.24897380338615,1.46241605281999,0.168081493293314,0.986722395956848,1.1984306842805,5.88397036679866,NA,5.48226205252046,6.67262057422507,1.42355031482228,9.41909213335984,3.69025621279889,3.8418247182422,0.841170383852179,5.63322448681475,9.32675052421515,8.51877372977781,9.17695217210468,NA,NA,NA,NA
NA,NA,NA,NA,NA,NA,NA,NA,NA,NA,NA,NA,NA,NA,NA,NA,NA,NA,NA,NA,NA,12.8217913571197,11.6992675894898,2.05220364084373,4.76093323144997,5.07168209781943,2.02838091112465,2.55760682388586,4.81139640783182,11.0259038740266,0.508109959353806,18.1345353084392,8.55178207907757,10.030521767347,3.48813915070268,2.72090583421636,2.46462812607241,3.70267609038842,6.07610719163697,1.70140106215104,1.35508389368013,5.07212302608581,6.33778410749187,11.5607673795797,0.327948541975722,0.359658681839882,2.16255275901422,NA,NA,NA,NA,NA,NA,1.54754028397977,0.651304635281322,1.79772215041827,2.07636815888333,0.304952533516802,1.27280443995879,1.89944435283376,7.62300709389049,NA,7.27677375096374,6.84145994290586,1.92089557569825,8.26498933477027,3.06883908352016,2.85414110074082,1.24094920702124,4.79626613162626,7.02190600698991,6.84137201379388,7.63952959256828,NA,NA,NA,NA
NA,NA,NA,NA,NA,NA,NA,NA,NA,NA,NA,NA,NA,NA,NA,NA,NA,NA,NA,NA,NA,12.0027747394668,13.1019125235689,3.10321142029267,4.13041839404334,6.29530749596076,2.28573398603291,2.13343228434224,4.3678261062037,7.97503558740686,1.28132884697978,14.8109270598258,7.3746970073238,11.3988208761495,1.23169246786776,1.41458087827918,4.60731720143708,4.98998762399121,6.25251836629298,2.14659352919458,1.44218970567704,5.22728386070928,6.52852322050738,13.0854520685827,0.374671419307435,0.0761464925833874,1.96138034365684,NA,NA,NA,NA,NA,NA,0.880594133694626,0.701247325981507,0.551941910777653,0.431317203604225,0.279989786489096,1.38259939410291,2.26246860140798,3.30308644376265,NA,3.16574779951895,4.66690021722512,1.39808711256675,9.38684543434629,2.1756684943217,3.92475770351527,1.10281687541528,4.51208445036799,6.79183522647242,7.10718657015744,7.51725842239522,NA,NA,NA,NA
NA,NA,NA,NA,NA,NA,NA,NA,NA,NA,NA,NA,NA,NA,NA,NA,NA,NA,NA,NA,NA,10.1866158688904,12.0505816854955,2.45203933556699,3.64637490846302,5.63479347939905,1.92996078192551,3.21217751826776,5.79284212075673,14.6870095283281,4.77728736921101,12.7944326547488,5.35227041233193,7.60321146299581,1.97625516828984,1.74908632374953,4.09938984235901,7.02975242248938,8.34721568408799,1.98196726729116,1.47648937522713,5.52955254469466,6.11224962552584,13.2619213147565,0.429554952569032,0.187919670639227,1.91826992131853,NA,NA,NA,NA,NA,NA,0.671468942626218,0.333212864849447,0.378359331185516,0.482147181796006,0.0259779270213853,1.19823789074701,3.2563013683543,21.1317804938287,NA,3.85085768725122,6.52263490760357,1.61269766288336,11.5357451378063,3.29222171507732,4.37840135918641,0.412336624477377,5.07801565610681,7.42717797904137,7.64970381497589,8.74017014850449,NA,NA,NA,NA
NA,NA,NA,NA,NA,NA,NA,NA,NA,NA,NA,NA,NA,NA,NA,NA,NA,NA,NA,NA,NA,8.6003258291244,7.75293562354307,2.07693265733367,4.43054581858786,4.22902918687133,1.22571235573134,1.9929750981004,4.34655965492723,5.95487301806723,1.03093908848791,17.985894123096,7.4753461680685,7.9070859809915,1.69761961095161,1.39922562492178,2.87221535551155,5.21368421393412,2.24717034284831,0.82433365066481,4.07125441524891,5.79264527880522,7.0804036810961,11.300836047947,2.28689794658745,0.530578463024884,3.18820691419073,NA,NA,NA,NA,NA,NA,1.27324125386036,0.73216197504822,0.824102266254602,0.663756687422668,0.0969221484810717,0.690135693987346,1.98919937069433,5.18760263851773,NA,6.67594186374087,7.3928679581875,1.83077535025819,8.99929251848223,2.57913492871529,2.28389411627141,1.41708512930437,5.69231788541525,5.71644213769924,8.81638405011427,7.84532406678298,NA,NA,NA,NA
NA,NA,NA,NA,NA,NA,NA,NA,NA,NA,NA,NA,NA,NA,NA,NA,NA,NA,NA,NA,NA,10.7179209089778,8.41085878821595,1.57257733167205,4.13141495419896,4.66865713760616,2.08596984357589,0.0600745877796318,3.20476811245822,7.34671546113493,5.28329282042466,21.908960506161,18.4480015362886,10.3501705797414,5.09184813322492,3.79347054257372,3.21049827387116,4.6634773048318,4.20725390537646,0.229418801095301,1.45339432880514,3.27826665056837,13.4691820811021,5.53260018465521,0.37281864616811,0.215092650277057,1.8329352351922,NA,NA,NA,NA,NA,NA,3.20748680243525,1.850900766172,1.36165179822009,0.441423612608713,1.45003795559788,0.537436277814547,6.16591398379997,28.0131212772282,NA,4.12988403543481,15.8282473163248,14.2049413797431,12.0081478534716,0.818637787662598,0.805540504549714,0.870401927259629,1.11922471236144,2.37869773139951,4.44713462354633,4.6897752516743,NA,NA,NA,NA
NA,NA,NA,NA,NA,NA,NA,NA,NA,NA,NA,NA,NA,NA,NA,NA,NA,NA,NA,NA,NA,12.7652421730868,6.81124256422888,1.94356411233753,3.52830690861938,1.91694298566109,2.49696397846038,3.22249471353309,2.71141702589664,5.16452005586247,2.58482091306782,11.6030633809245,2.42007455117881,3.08744974074201,5.3477436654321,2.29905698251683,2.1083974565671,4.42200286317709,5.7231469960213,1.65132101078477,1.72909152477618,5.16576712428501,6.92232182032399,8.89712436652943,1.52623511631314,0.367401848976314,0.289631066927981,NA,NA,NA,NA,NA,NA,4.86045067372936,0.456135308997362,0.478099279825532,0.559538464469833,0.77959991819298,1.90671585125463,6.47983914136731,10.3933989231975,NA,2.73260987737694,5.75776443065089,1.97563132045551,9.79073611419553,2.22804843492702,1.99740316138394,1.09060996131143,2.15581979338008,3.04947403064774,5.47354616400932,7.19918417645418,NA,NA,NA,NA
NA,NA,NA,NA,NA,NA,NA,NA,NA,NA,NA,NA,NA,NA,NA,NA,NA,NA,NA,NA,NA,11.949193072317,11.0243086609648,1.62979628471381,4.40963096585828,3.95667480311563,2.57223327694576,1.88842134523338,3.73361323036745,7.10520179456381,2.30093352713911,7.88635852548691,2.8321716838422,3.62037075370453,3.86046744246841,3.98483620456453,1.76421972002813,2.6189188624497,3.34325222875581,1.49956233847961,1.62623060755652,5.44087197595983,9.64319674590942,8.94430344255772,0.125573537548998,0.558514244551721,3.35018256602838,NA,NA,NA,NA,NA,NA,35.5063617658198,0.683703188355953,0.543924462947395,0.396620877400787,0.508527332480067,1.18367222944205,2.43715762338683,5.12164087077509,NA,4.71196760722327,8.02843462334677,2.03365422835182,8.97038167004479,2.46209571449504,3.37128241505956,1.68714328508682,5.4663745244054,8.61970732473999,10.5868380357593,8.38576018737895,NA,NA,NA,NA
NA,NA,NA,NA,NA,NA,NA,NA,NA,NA,NA,NA,NA,NA,NA,NA,NA,NA,NA,NA,NA,15.1367196542581,11.980413649188,1.62337817126561,5.13804545736932,3.25489057360627,1.82991507764209,1.15806764243736,3.80167451158553,7.37987311905115,1.9926944858478,17.0254984198523,7.82821727415941,8.39420076051754,1.47103435145997,1.65267406373236,0.927288309776724,3.21157799534304,0.917743842760896,1.38596895431261,1.87314647483297,2.48976550760547,7.62146893074327,8.42673082374333,0.403619123508803,0.690985493651746,0.933790566543565,NA,NA,NA,NA,NA,NA,0.986651395599251,0.742018428848998,1.19125624644965,1.23675059965874,1.33321620479652,0.959810743888371,3.29198959691292,9.22247096021782,NA,10.3454959087655,1.53277791129683,1.44224165179606,9.54167671308284,2.879151858483,3.94496197036227,1.87532441420024,5.58057712269706,6.82483439217499,7.75390765035879,8.70525685487668,NA,NA,NA,NA
NA,NA,NA,NA,NA,NA,NA,NA,NA,NA,NA,NA,NA,NA,NA,NA,NA,NA,NA,NA,NA,10.3559172313831,9.87461342363627,1.21712492713673,5.12206694479812,3.95748273500806,1.89751439279521,0.646782327327941,2.00791690924744,4.76648368035977,1.81033240408963,12.4278037730705,3.41707313086672,4.08460566841343,2.03006962541492,2.30191103291293,3.14641290580523,2.84728714436201,2.18824286943886,1.1445202324075,1.65716966069655,3.39866605616704,9.4849980131033,7.63743132125539,0.176602090271334,0.18948364687455,1.72486558308961,NA,NA,NA,NA,NA,NA,0.576748295778562,0.594808337253866,0.847106170460352,0.802082598735538,0.684040890989587,2.18889654237533,2.67589294719448,9.44508968599096,NA,28.0742385806844,17.2625824578983,3.30661311595667,8.84668139566064,2.54071055195228,4.11612950485417,0.681918530556284,7.42187153790132,13.6219401232827,8.08559622237864,9.50015671286918,NA,NA,NA,NA
