"V1","V2","V3","V4","V5","V6","V7","V8","V9","V10","V11","V12","V13","V14","V15","V16","V17","V18","V19","V20","V21","V22","V23","V24","V25","V26","V27","V28","V29","V30","V31","V32","V33","V34","V35","V36","V37","V38","V39","V40","V41","V42","V43","V44","V45","V46","V47","V48","V49","V50","V51","V52","V53","V54","V55","V56","V57","V58","V59","V60"
3.77930235562478,3.50165505567415,2.92454341250021,3.56929957472109,NA,12.4101570867116,13.0550785753909,17.2936731028539,22.1373494511287,NA,NA,19.2476856969688,5.02896277396188,3.52299649961667,3.06761479266059,3.3201566902089,3.85927882856772,4.29272800242261,4.23545008097339,3.99816655259645,3.77491781180375,3.11380949624632,2.40434441973357,2.68172289669868,4.01901650369272,7.43621361967623,6.28950087775864,10.4609940506358,15.427691426459,17.7681146721561,NA,NA,23.7557609709352,21.2205020518123,13.0098306324537,6.1896172647259,5.17745429122045,3.12239304128445,3.3428066992743,4.17746131278015,4.64014619044966,5.00438469210663,7.1767674540105,6.98884800309126,7.28398316114892,7.28398316114892,7.1120553635149,7.17628499393185,6.24307671686712,4.7305915598772,2.90622519512704,2.89590819288761,3.02373918328486,3.80942246800343,2.93551396185893,2.53880997316582,2.24089217809948,2.12641439823197,2.04035514813495,NA
6.4727515404367,5.71572223293406,4.35193990064958,3.93000725818122,NA,8.79618168621807,8.93076575841527,12.5988545459531,15.994046094259,NA,NA,11.7199950362851,2.78833160301864,4.20613280070081,5.00550366535556,5.79095844354458,6.60115978650865,7.95037181877269,7.77355715369506,7.88424766931173,5.46778144244843,5.22190215396012,3.37088287136396,3.6845390789045,4.53556070302674,9.82731357216961,11.643928331486,16.8709873621102,21.7839385196856,24.9427122943532,NA,NA,23.3834528528311,20.6495113573795,11.8424659580667,5.38918090870843,4.33817823761015,3.78203746635299,5.96372839456179,5.65321723819485,4.69197080300316,5.20766780156638,6.28747919371198,8.52604806923694,8.55439707193763,8.55439707193763,11.5548096263221,10.9652850089103,9.18004626708617,6.17953256241859,4.39654788399247,4.1639321263707,4.67304850929857,5.73762607114069,6.93931703122939,5.41933920357945,5.00179576306751,5.20881844889663,3.81562428916957,NA
2.45846987745828,2.08283572174423,1.89092372997268,2.12629962714742,NA,8.12824976920041,9.15856473493158,12.6387233829761,15.499279985419,NA,NA,10.9707856303558,1.9129352250764,1.6487564340667,1.78417876281128,1.86175575516681,2.13029786039512,2.45512804424474,2.68978706973317,2.88805530698511,2.71728061961923,2.20853328856161,2.05958286022381,2.95651444862176,4.68804100555188,7.01457538537879,6.61764888869049,9.98772176839808,12.9481228677457,14.6533383450858,NA,NA,18.3528880085618,16.3115710003542,10.5503858872075,5.8173224921931,4.1441681575765,2.32446523575503,2.19006332368372,2.9145220457556,3.56498045648334,4.17164637313187,5.89715645104226,6.26006306749744,6.59143814838926,6.59143814838926,6.72038298401047,7.81437197187888,6.6000003531325,5.11669732045671,2.76672786423533,2.61023685552106,2.25239428487853,2.62826711741594,2.22395585827617,1.88307816294068,1.7004831628294,1.71752023187755,1.89038760766864,NA
3.99666657109837,3.81063156445208,3.12647354198141,4.07575169998575,NA,14.5031525903578,15.3718386927115,20.6765652426898,25.8882648348223,NA,NA,21.3215791484277,4.67526588712166,3.99129499788155,3.74919923323462,4.22713968843758,4.30219397162331,4.68653562773062,4.25607847387649,3.93889900416167,3.57440596516116,3.05355615499733,2.53198970531161,3.53396528831599,5.22644663145922,11.1372596189513,10.5811860558865,15.1262631180675,21.8356487761646,24.8160434190347,NA,NA,30.901590797482,27.4946288170465,16.4999929951692,9.19808115644673,7.35220814220933,3.42603413283931,3.51720669106669,3.70067382553067,3.61974331812558,4.44812335511426,6.90340485931304,6.78245684857671,7.53785053163308,7.53785053163308,9.41976837055165,9.66942061940117,8.28715615903931,5.5756090206775,2.84810985576159,2.71804132626594,2.56308236302904,2.99911398176549,2.66790839501805,2.7227039754639,2.67192226026929,2.09854694080232,2.33418702923643,NA
2.01669618218524,1.95900441651413,1.53590106006956,1.67990847597664,1.4405835526304,6.35139541078371,7.5379553450197,11.882614098663,14.8470200758585,NA,NA,8.78659735967954,1.37457360949055,1.37462174326397,1.57857426413005,1.80532806714175,1.71962432253344,2.02859292530959,2.312623115352,2.47023785346851,2.33524332360441,1.98804999319764,1.73872662699402,2.20411624548933,3.92605189359434,8.92862969988041,11.6336700719588,15.8870926451121,22.9244204570819,26.6210092837806,NA,NA,21.8282825388975,19.101681110124,10.6943481091342,6.0660594671171,3.27289585395247,1.78224653256919,1.9368280147192,2.35894655172071,2.50925765421586,3.20607533169501,4.96578030802129,6.4082479388239,7.32369016140976,7.32369016140976,9.06243727402248,9.46136073064388,7.29357551111574,4.53264806406293,2.14600565094166,2.03553813614403,1.85569293824701,2.23690499821578,2.24870392101244,1.89260934151877,1.78984415952062,1.71025696769136,1.60863666637547,NA
2.07605921041099,1.76756117222386,1.99495088374004,3.71415644330074,4.62987848651388,10.4627817167336,12.9864316947927,22.8706920053598,29.4209071497786,23.49516001212,21.0348815193159,17.4259087291195,8.49082354185811,3.29391794094667,2.40494546059115,1.74050746684379,1.9094900522678,2.36985060005554,2.34699546754919,2.50465329413785,2.56457453433624,2.19269876537877,2.09156648438746,3.88175881161103,7.57631517453893,11.4817071976713,14.0688311142051,30.5876476979446,49.4098971823887,57.3966941523844,62.0946158870345,44.7918316819906,37.5601062953243,26.6803513502526,17.1328448377693,9.90621558841025,6.32044801150315,3.93928992705507,2.18519535987307,4.30629275497908,5.81963648999914,7.38808175831142,18.5339679466805,19.3263095087178,25.1532793036166,25.1532793036166,NA,17.2668325036245,14.7373643396876,10.7664262041551,4.70819176179829,3.81399504521896,1.90608026691784,2.21028687131825,1.90284085050358,1.70559083295047,1.47685671980098,1.43552910205422,1.96646877688987,4.30423100872507
7.13572830970972,7.74926708298878,7.1930929555894,7.60428754467575,7.28101686463981,9.6337461843264,9.06147262602697,10.3223120450946,11.3840804283266,11.8011186286433,10.6230987731768,10.4024105853458,7.41324260487551,7.2782000025163,4.20821997916672,4.50986494929799,5.65337881336793,6.6842593413949,7.37592719065813,7.9386191751573,8.76712980834584,7.9515464030202,8.25521688502637,9.22048222888639,14.1513270702558,14.9358088530513,17.5615155676421,21.1318393450346,16.9674988302472,18.5650211222361,NA,NA,15.7231972062584,17.2822914382411,12.7369973546674,9.52240319496536,8.44885459587325,7.3273468843732,6.8456065713927,6.20859280788683,9.15791512724521,9.86147720384501,28.7359009208875,35.5444819920396,47.9481028565013,47.9481028565013,42.5480670309427,34.1683024661291,28.8150392313712,21.3765416804425,9.17787468603811,7.93990017760875,10.3080426509067,11.2409693636137,11.3678560704217,9.87974459161076,8.94155258612402,10.0699195045725,7.52226956525998,8.48093497588433
13.0532028055831,15.8174030731803,12.1146079668818,12.094121557214,12.3665597690539,14.1596215085207,NA,NA,17.0433057902854,NA,15.231069587031,14.4409481357322,14.147236370697,16.9066803259695,16.1776931463029,18.2906915503867,15.4829098147741,15.3286964885921,14.234815914928,10.8620147518898,11.0684351891782,11.0077083233771,9.13809201085431,7.92559989035158,10.9546401033923,7.69922208692044,14.9138000766336,25.9357895565665,39.0098192168941,43.8346445476393,52.5750139954341,32.7073306628691,29.7337905698279,20.6437626696466,12.767288123244,10.6945720380803,8.73070685804534,12.9621358236698,14.3174275777093,13.1446042343728,12.0893805258863,14.9499597117363,19.8237304929949,20.5343337027944,21.2878704448754,21.2878704448754,16.3749063251441,NA,14.9735039612416,14.7958956610354,12.9869774938969,9.2122036170754,5.37750149105432,6.57217073468124,6.89642372860193,9.70426254724511,12.9499872275741,7.38801731977273,8.00715396944335,9.89101631453079
1.86165252024317,1.70354920206312,1.78366481723728,1.69612916836605,2.8648053975046,6.48434140402288,NA,NA,11.6317560864129,NA,12.5765356444519,10.4177125906037,4.77511240398151,3.79061168120808,2.35923275044104,1.72981994792399,2.29857099812851,2.39462696582858,NA,1.95772168140443,1.58322041302655,1.30365471312656,0.931671215309218,0.862210424485214,0.763976118244338,0.726989381042854,1.82238136344402,3.88828489959633,6.47779936322494,7.42073658752638,8.69259487253349,11.1463252787195,9.35526352211842,6.92491637838611,5.34155750712827,0.99817947267477,1.15421822940521,1.53432547789968,1.54427177642163,1.80665937091057,1.32106990419366,1.48527290204989,1.49516034606794,1.15033250692597,1.00005656597556,1.00005656597556,0.987198287111085,NA,0.8395477455491,0.848933269992118,0.92070291624265,1.11292400328158,1.1895447877033,1.23326961653884,1.09426138308893,1.15005553979598,1.19958866617863,0.749777771430891,1.08896032809001,1.64695361149666
2.03075883384879,1.92852713170022,1.37889399275307,1.28758665789119,1.65897966935608,4.84278142245657,NA,NA,8.29187993693603,NA,8.89045424692199,7.49228183089286,2.48206117033721,2.16450024759244,1.55411475645294,2.19961856601956,2.44024013876286,2.63515533501565,2.33602003256363,2.11527995764384,1.80057863456244,1.47847826761086,0.919482891263073,0.775571710938855,0.680154038823577,0.493910933099602,1.21061755929444,2.82515157324419,4.66910878033047,5.37114904296498,6.35350927583429,9.23771572597355,7.72160700141061,6.05063436692786,4.34740172306708,0.780006379132278,0.89992314701577,1.40403182260409,1.79940515179634,2.01810810646929,1.25378182984087,1.40059180917181,1.62104700044128,1.43407721572917,1.16781737973015,1.16781737973015,0.966737590347817,NA,0.787774265145233,0.900778766790492,1.00118700312509,1.06940777237355,0.924034106189268,1.15298709497285,0.841860854086347,0.947279974254549,1.17437155241345,0.663394345645134,0.865216475401308,1.12251561638613
14.4357472255266,16.2116345355922,17.0812042863799,18.6067888254308,18.4721133525207,20.8922766306417,NA,NA,22.6357834642425,NA,26.834878500731,29.4982743722383,27.0587650144871,NA,16.5568071756408,15.0469969424834,10.7418221986486,9.6171329064168,9.50789464077553,11.5818305437255,11.1708128706226,13.5217978429193,11.141171155112,10.5205429279492,4.93351893224408,2.39798818022502,4.49078389858456,7.44216068613457,11.788043966703,13.4701337869517,14.9574449494729,14.1431979153521,12.2508706633389,9.00980263511608,12.2941609416082,11.6455890319191,9.25315459699803,11.8127904164399,11.0467523904121,7.81118642625158,6.89790286135035,6.30854742513569,7.3712429335131,7.18801538180019,7.069617420111,7.069617420111,4.31886646209927,NA,4.37409511117106,4.76935255402259,6.57073267186748,7.90885609754681,12.6359744775522,14.6034950787993,15.6927760117607,18.0800934235023,19.8258023443871,17.7368397487314,13.9961679213187,18.7995087295419
10.3480240823231,9.92934947471499,9.21875193719032,8.99389807469133,9.03338021295602,18.7414035279817,18.8131138994245,22.6701041998816,28.9598863761415,NA,33.6582949096106,29.5815325563333,12.4698106579768,10.0625490886315,8.34754361580375,10.5383649523918,10.4006408819594,13.5427017066737,11.3079436647281,11.066882652855,8.9717366288457,9.05060016774948,7.15979985504701,7.2371872234649,5.44920211809199,11.4110311489998,4.38893761234914,9.32951772108163,14.4608872174764,15.2276507551106,17.7244369057134,29.8123484616538,25.0935593298726,22.2414319426736,16.6844193404249,13.8318135535946,13.1996257751377,9.3646111806292,9.39534056455648,8.19366052700448,5.81589706271875,7.0370904114481,6.95731072274466,2.65327890406338,2.2573679931019,2.2573679931019,3.28552324866133,NA,2.91228586349648,2.87487261591002,3.90632631815005,6.44629737429255,7.55675610285722,7.88770156218441,5.81968998194317,7.47583710582629,7.92005647206993,6.65972820084173,6.45259585215198,8.89111839586991
20.5261024910659,24.0593142601478,30.9677961625201,45.849041693744,44.9886028006162,61.6535615660005,63.3232163249563,78.0161627217233,NA,NA,NA,98.5978188737455,76.6800697646856,40.2196732133983,45.0990194725332,26.832518954172,19.5959791090959,24.3260518617762,20.5710633750954,17.9852231746552,14.4677676493321,18.1814084312961,15.0765795143856,39.7666535948173,28.8448440859749,46.4641813406282,20.592983462943,35.9942096639815,52.024545587591,59.4605763982363,69.0396146487148,64.3864623621039,54.6273627010198,69.3359492631691,60.866966287956,63.2719178718678,52.3697798403155,42.8242927392591,20.2386850829164,14.5664863197871,11.6484680660659,13.375626177039,21.2669690949823,21.6638669082507,27.778743212755,27.778743212755,23.4858292923006,19.7957456930235,18.7218010202257,14.3314100727979,8.62138547147182,11.0795305366216,11.5841571238174,13.8043193707052,14.0950481156805,19.2786217904854,24.287434827107,13.0355881867783,24.7586650971477,47.9160043020823
1.64136739283967,1.95776506444256,2.18874330104334,2.55933452816191,3.01095468893676,3.69064855047725,3.58139332534609,5.04940934217166,6.19898751339916,5.5172757746538,5.11061453753311,5.38362333780063,4.47067676654393,3.4338931654743,2.03619988387631,1.96706639944651,1.56725524395646,1.76022589177522,1.46628052950172,1.44285271786358,1.33495681854101,1.73723068599338,1.4357546757525,1.66575612220183,1.50361471980777,1.76634460274813,2.76304494829583,6.60437271756594,10.5848644820962,12.2617936901888,14.3859158804939,8.64604597916402,7.36125317962969,4.97889646552264,3.56878606425979,2.51796195908378,1.88066511519147,1.9066411943759,1.42389772863914,1.13643567382853,0.920520644659511,1.03793740607032,1.78306723740356,1.98056010944909,2.45610777832974,2.45610777832974,2.22682791003716,1.89534474729886,1.60714073478004,1.33814223796427,0.901671565006465,0.895874342558146,1.10975107318761,1.36799576780037,1.41978453109426,2.15513676284753,2.15488865068471,1.97913476766291,1.68141585983036,2.69021618129122
1.40390980130185,1.36612074206788,0.92968084553109,0.964726630776056,1.09581270345481,1.36728709460774,1.26995264754174,1.9063523355043,2.37076480577099,2.21773498611403,2.10176058860357,1.83865395128377,1.68092217006467,1.31163858805303,0.844179424194414,1.21753771534739,1.31155430047367,1.50428657332742,1.28863420418282,1.33506335320247,1.23936933736068,1.02817518545772,0.660629298900108,0.618630035504085,1.40403401017599,0.784955620505431,1.188040270444,1.90084736514844,2.42146320780822,2.77993255441044,3.17940399840729,2.24434663909764,1.95746410369711,1.57361725215435,1.14886511500025,0.70536058720773,0.575886177369884,0.70366674001193,1.04093642046118,1.07707685594603,1.5057111378909,1.71495586453207,3.1368585101117,3.21870619129234,4.25808423929014,4.25808423929015,3.45880981871907,2.7922787323524,2.39568357294732,1.92868595339774,0.643933900921719,0.69250290163843,1.0132788581094,1.17786787284916,1.122163602287,1.00332540161736,0.97780721748827,0.913266280523577,0.692104195379567,0.998309412166452
4.08880133915719,3.50212489897583,2.81814019659926,2.11701224061601,2.56299621557004,3.2902631667055,3.3512089553325,5.63654273383376,7.08030228726772,5.21776487405757,4.67995360350514,4.83464519262774,3.68271654754438,2.51560078387514,2.02783812990729,3.44754745628378,4.07740292123598,5.24294944616997,4.29581242164559,4.2797644445447,3.32673546971183,3.13419729391719,1.88212028764928,1.93330408425861,2.11204968730633,2.53707290511202,5.29311848812416,11.2298423393377,15.5015306113716,18.0458523709668,21.4452095370128,12.3664661098213,10.3967418610935,6.76273696378987,4.65383708886182,2.22204326077903,1.91360265870178,2.1863258924676,3.01269324448631,3.25532789042038,2.81621558857093,2.14127838547664,4.02098380865907,5.28230096107554,7.21726674260044,7.21726674260044,5.84628024371163,4.58020849373421,3.91894187925764,3.00809858164549,1.01964454578627,1.47610672233182,2.56004513840465,3.33018924928274,2.57749764351613,3.02128086699262,2.14167013164147,2.15312828472336,1.95978387878633,2.15898924790412
1.32622235655686,1.05795682059758,0.817485526402317,0.739804471047453,1.08489371150543,2.31071164928192,2.4726054483588,3.50529824010663,4.31508325637364,4.17381005030328,3.73565339746943,3.55513764932794,1.6381014853731,1.03385539071482,0.481910543598215,1.21773715626142,1.36812118986117,1.78726138151375,1.59127626534405,1.47043296439569,1.31327440447993,1.27462465287105,1.02649428312464,0.834190715633435,1.16159809789961,1.09830344849523,1.8068025970487,6.08701615611633,9.29754801603731,10.8327846065445,12.8869992734474,8.80429734510515,7.42411050683007,4.14350185252673,2.89883834659693,0.975543860121731,0.925127705360818,1.08022792804834,1.23497825373228,1.43800984111585,1.10012712175577,1.33168736267858,1.9920852715085,2.36986247282271,2.31966970997874,2.31966970997874,1.95661133413242,1.65561644266468,1.47053374095287,1.45337815559825,1.05748963687431,0.961876613295878,0.614728530438409,0.647825769278497,0.527846000754485,0.815873459954751,0.800496982060541,0.837521429260507,0.711059510707583,0.69685592087706
3.85954450891098,3.53516234674169,2.81883676998921,3.48519592820141,4.53952519245048,8.79964922404426,9.47450703532609,12.2069788779543,15.1509018448325,16.3835389883984,14.6225377384484,12.302123821346,7.13973531679446,4.2945126138168,3.18928173300446,3.38996189994503,3.5758442992312,4.20220373615037,NA,4.05328941745612,3.40861989004679,2.94398366921777,1.88637753693797,2.43918021179637,2.99069024289669,6.05911813887916,10.0236813413432,14.8156981333335,21.5632927025256,24.9465538457553,NA,NA,19.6847075899045,17.0087107038711,8.23973376359015,3.8260153819906,2.97337073295198,1.86267971187816,2.89386089766948,3.07734943963002,2.12059064689329,2.25019694266596,3.28715759722147,3.53667895733071,3.78248806132107,3.78248806132107,7.38305658345269,7.75766622037229,6.52938378948551,3.53694105055153,1.77016574786349,1.83609132796068,2.60523570724955,3.3491477057304,3.7208518239631,3.39815403097755,2.82998867437626,2.41546107924382,2.06720207523455,4.7696181218817
4.41445949972937,9.32856048194449,8.32888267556569,9.97058680380762,NA,11.7433115601411,9.44139560260552,10.6960942790767,12.3554381574383,NA,NA,11.4251510843589,8.91073700137423,9.81264119101139,6.64550014522155,4.87116853942444,4.43411732827079,4.36080849674019,4.8250223906355,5.20518930484146,10.6807114617566,8.70714667696246,9.26217696073551,10.5344898967308,11.5685185087447,8.51693196857124,7.86538058929376,9.71315593597462,10.3841102279198,11.2075134483439,NA,NA,11.0928444523473,11.7758025570129,9.68090632678013,11.6190596009822,9.63893836941185,10.6325483166057,8.87331101933348,8.37077023073727,9.81644222751492,12.266191177008,16.0390991840752,17.2312648368074,14.6349874299028,14.6349874299028,10.8999706860767,10.5974251552002,11.5108712827067,11.6817368254005,14.9117007020972,12.2499711264643,9.64389920838398,10.0310339005677,9.91889111681759,8.60720744902062,8.70634975199962,9.04152843068153,8.17635225358404,NA
