"","site","da1","da2"
"1",1,5.22654943306528,27.3615946890871
"2",2,9.6577564486967,22.9050429911028
"3",3,8.74947878116638,24.4861173498222
"4",4,6.15267570986575,26.8916256482204
"5",5,12.0162861769603,20.8867778815382
"6",6,12.9917140309292,19.4843055035693
"7",7,11.5682678216895,23.6387337118943
"8",8,12.67038551362,23.054732814633
"9",9,16.4498646911226,17.4862019175482
"10",10,18.7103887357803,18.1436597342778
"11",11,17.9348851874581,22.4688849715807
"12",12,19.4391815340475,20.6756180671225
"13",13,21.6774487244972,15.5788140152502
"14",14,22.7971304450194,15.8047400719914
"15",15,23.194790985184,12.0449783759425
"16",16,20.923109232584,13.5454129018983
"17",17,17.771824007413,14.9203017941974
"18",18,19.1428014070107,14.0263402718544
"19",19,23.4657771444899,9.9184583213722
"20",20,22.8759676667577,9.39785688981149
"21",21,20.9785588676887,11.6676486688642
"22",22,19.8851228650474,13.4090588725717
"23",23,22.7772077364996,12.2819136919328
"24",24,25.564970725172,8.93463413235662
"25",25,26.3910249389403,11.4667055946191
"26",26,27.396952356877,15.0181809699569
"27",27,24.3010927164971,18.0715869067699
"28",28,20.991055622179,14.2373952299041
"29",29,20.5365392722245,16.5526419742142
"30",30,20.0290079474351,19.4612472469189
"31",31,21.6378704212129,20.2372708929155
"32",32,24.4214790690645,20.3741085295218
"33",33,28.0357129007591,19.7010134797275
"34",34,30.0306796073252,20.1402602904532
"35",35,32.7218962046217,19.3442388622304
"36",36,29.1138719917126,17.4061118130899
"37",37,31.5181006160359,13.1159896531574
"38",38,29.0931403244824,12.3910413929739
"39",39,27.4124390770897,15.0794148678336
"40",40,24.9011365266552,12.737183042016
"41",41,25.3662988281512,14.1606277593983
"42",42,27.1448544617334,19.0048496344903
"43",43,22.1115855727725,17.4832240102157
"44",44,20.542542672627,16.7728581518003
"45",45,23.9772416181341,21.3077792599032
"46",46,20.9190499686249,22.6849058835063
"47",47,15.9303799356622,21.7984551967181
"48",48,18.9091753332896,22.1532780367256
"49",49,20.7639444451471,25.6577404933382
"50",50,16.4311658267464,27.0969408418962
"51",51,13.1560915864851,25.896069837062
"52",52,19.9787488817158,29.274490179301
"53",53,18.893828002415,30.9921079254736
"54",54,14.3130238550688,32.2276177717757
"55",55,16.4170144769789,36.5260311979124
"56",56,13.2456230550181,37.4141601755146
"57",57,10.2594989921798,34.3444022908643
"58",58,9.29372412047445,31.2956666067464
"59",59,9.72660838575445,28.7240349816257
"60",60,10.6502493869046,24.933945406976
"61",61,9.23873484643723,27.8144788107142
"62",62,5.02018959836165,32.44603977639
"63",63,0,32.0540893488638
"64",64,5.3844612570135,29.8723404376405
"65",65,7.99554278106853,34.595606092726
"66",66,9.35017146724134,29.5653463106987
"67",67,13.4514462306485,32.6265438884423
"68",68,15.7915712177723,28.3307473638716
"69",69,19.804373402963,34.379698646891
"70",70,23.2204820624246,33.9342829920752
"71",71,21.3951445778572,28.8419877842702
"72",72,19.3015379124616,29.3679450503527
"73",73,15.0929343655577,27.824115233794
"74",74,14.7203337413053,32.5900615332755
"75",75,12.262184618351,32.0136300117484
"76",76,11.1964081355744,35.7826561189433
"77",77,11.4194263831309,38.3199057607506
"78",78,13.8862614996286,41.9844430289271
"79",79,10.4198255482946,38.5284138788211
"80",80,13.4102005642495,38.5637221970648
"81",81,11.0385504292934,35.3594646458736
"82",82,6.82474845135649,34.7191287337871
"83",83,12.1089250082014,34.1816955055949
"84",84,13.359451456747,32.6347369230253
"85",85,9.42670707361221,29.2970197611749
"86",86,9.99306280436528,29.0527898147892
"87",87,14.1765526657118,29.6892534030669
"88",88,13.8093935727274,26.1055377336715
"89",89,11.516632353999,24.0239756038635
"90",90,15.4451556197132,26.0921448657922
"91",91,17.5674036867098,23.3402154699772
"92",92,17.5441739050071,20.0669395870089
"93",93,17.7278184083655,19.7105347685116
"94",94,20.1419309656696,21.8758929849173
"95",95,22.3892243806854,18.6190129096436
"96",96,20.6325194883939,15.4053699109973
"97",97,23.880585511547,19.3703113075107
"98",98,25.7676521996905,19.3484158160531
"99",99,26.9479984204349,15.402780022929
"100",100,27.0774617466443,12.9892244496057
"101",101,31.4535431852754,15.1412590649317
"102",102,31.0489919874243,11.8183347992014
"103",103,27.6712250722331,7.37589764828343
"104",104,31.6626980521228,7.0360999036604
"105",105,32.0540893488638,0
"106",106,34.3455777165141,6.35620094619241
"107",107,30.9678676446932,7.55610083222565
"108",108,27.3943934538855,5.09952044305694
"109",109,28.4964335923507,8.06297429848491
"110",110,30.7029470590302,10.4519070775215
"111",111,31.8378907051921,12.0935077655748
"112",112,29.7055782170397,16.9035337885421
"113",113,34.5580100948474,17.3320320386318
"114",114,34.5456832314449,14.6962154671396
"115",115,31.3730732001771,16.8952681719686
"116",116,33.6995299979068,20.8349424557981
"117",117,34.4510566251403,24.1071993073813
"118",118,36.0303027337513,25.5957873087161
"119",119,30.640136313573,24.4329156253475
"120",120,29.6119753038629,23.4797371388174
"121",121,30.6265653523117,28.0730923926905
"122",122,25.1238435848936,27.1999342645423
