"","site","sum.inv.da.CM","sum.inv.da.CA"
"1",1,0.227878399554558,0.252600886673579
"2",2,0.147202224823616,0.162558519599276
"3",3,0.155131990204367,0.155066829142746
"4",4,0.199717210727774,0.17251995810295
"5",5,0.131097567008064,0.148596152706856
"6",6,0.128295496276757,0.133306622597846
"7",7,0.12874681563447,0.127314279113506
"8",8,0.122299238635799,0.123324513816498
"9",9,0.117978721246647,0.122277392204154
"10",10,0.108561915975214,0.115976180548901
"11",11,0.100263248193115,0.106708062951195
"12",12,0.0998086428924658,0.106932919538538
"13",13,0.110320628523064,0.114601214679965
"14",14,0.107137327196105,0.110118125892644
"15",15,0.126135278193301,0.126683700568024
"16",16,0.121619774165606,0.12250249585802
"17",17,0.123291617396178,0.129508503107193
"18",18,0.12353339272556,0.127469236319536
"19",19,0.143437372222558,0.140258766502885
"20",20,0.150121236345879,0.164656464260557
"21",21,0.133374788269574,0.146330575196217
"22",22,0.12486530132349,0.130401970806123
"23",23,0.125324074096803,0.134359214268789
"24",24,0.151040024718401,0.155120826295195
"25",25,0.125100675960341,0.137684999495325
"26",26,0.103086370404392,0.110994371311659
"27",27,0.0964858964826044,0.109826511913513
"28",28,0.117876905201249,0.122400992813335
"29",29,0.109107012580248,0.115611539942573
"30",30,0.101311753263176,0.105149695147859
"31",31,0.0956290463479492,0.0966630590212144
"32",32,0.0900294629298481,0.0961682401298685
"33",33,0.0864276015696786,0.087347978516627
"34",34,0.082951070972584,0.0848909818414345
"35",35,0.0822555540030049,0.0880149136821276
"36",36,0.0917989719708713,0.101131408319613
"37",37,0.107970617314705,0.114274790066216
"38",38,0.11507583067358,0.117901529403105
"39",39,0.102795359752322,0.111406046435373
"40",40,0.118669104725355,0.129114162398148
"41",41,0.110040723245184,0.12297817182214
"42",42,0.0894575429052519,0.104788064214818
"43",43,0.102422848656669,0.10903020661155
"44",44,0.108299596615544,0.1138592295362
"45",45,0.0886374316746817,0.100971566128363
"46",46,0.0918854934960683,0.097461779985224
"47",47,0.108647952324477,0.108597234871261
"48",48,0.0980244257377105,0.103719176122656
"49",49,0.0871349995299043,0.0934609859633794
"50",50,0.097764489157714,0.100884019990514
"51",51,0.114626314754905,0.109855552451007
"52",52,0.0842126177890345,0.0947023927781543
"53",53,0.0851936158630493,0.0912949947336197
"54",54,0.100895725399576,0.104043974179434
"55",55,0.0882901499930896,0.0956373076057743
"56",56,0.10222448569875,0.103493525273886
"57",57,0.126587472965383,0.132182946436624
"58",58,0.139552798259969,0.144122417354714
"59",59,0.137624810309132,0.154874291295655
"60",60,0.134000482257718,0.156312641845418
"61",61,0.144192426808066,0.183320192547296
"62",62,0.230016066242412,0.294037832681104
"63",63,0.0311972675035751,0.032630336483194
"64",64,0.219195385158197,0.296092284939978
"65",65,0.153975087715694,0.173185513043591
"66",66,0.140773292255506,0.138184261654624
"67",67,0.10499133928204,0.111044049513073
"68",68,0.0986222602286106,0.0971707194470628
"69",69,0.0795808307254331,0.0843989531956517
"70",70,0.0725341514910553,0.0767239657622327
"71",71,0.0814112507235033,0.0831474462731464
"72",72,0.0858600742011205,0.0902074340436358
"73",73,0.102196215003489,0.103840315989104
"74",74,0.0986174434227568,0.102962538064702
"75",75,0.112788231896326,0.120695191175884
"76",76,0.11726085761655,0.116867585559802
"77",77,0.11366617040612,0.122371101141687
"78",78,0.0958319691849892,0.104917743030502
"79",79,0.121925767259608,0.119640718543169
"80",80,0.100501207045127,0.108147551350766
"81",81,0.118872576139472,0.123307296460814
"82",82,0.175328113095709,0.1709477322675
"83",83,0.111839138167397,0.137650482707126
"84",84,0.105495568618434,0.120192661997852
"85",85,0.140214746736767,0.147686012620925
"86",86,0.134489522499613,0.152421537193125
"87",87,0.104221231874636,0.117419798175627
"88",88,0.110720524749033,0.118029998271816
"89",89,0.128456022771996,0.130855769684419
"90",90,0.103070930961004,0.117402001423646
"91",91,0.099768113866046,0.105600428719853
"92",92,0.106832188278502,0.113215093347446
"93",93,0.107142810702116,0.116235430037683
"94",94,0.0953600925263863,0.103870908027666
"95",95,0.098372883143655,0.104927298800613
"96",96,0.113379608521635,0.118742798262419
"97",97,0.0935004165898637,0.109749998995226
"98",98,0.0904921653839966,0.100703906043897
"99",99,0.102031852354438,0.114125501825966
"100",100,0.113917973943528,0.127940332982096
"101",101,0.0978376263402961,0.118758459695807
"102",102,0.116821454063284,0.135376851707613
"103",103,0.171715342669799,0.185422799378597
"104",104,0.173707095547189,0.296888669125222
"105",105,0.0311972675035751,0.032630336483194
"106",106,0.18644251115542,0.29062700523209
"107",107,0.164634925673886,0.222260407238206
"108",108,0.232600690233648,0.230832151914438
"109",109,0.159115822343439,0.155887693029523
"110",110,0.128246482726868,0.141152000032676
"111",111,0.114098110664737,0.110099951937518
"112",112,0.0928229384375088,0.0981140338938895
"113",113,0.0866334905690043,0.0866413397150829
"114",114,0.0969919058773938,0.0933109062451647
"115",115,0.0910626371516284,0.0918661407994368
"116",116,0.0776702972255658,0.0800884905053566
"117",117,0.070508070259193,0.073099819777426
"118",118,0.0668233448183578,0.0712434018823444
"119",119,0.0735653246315489,0.0771811966374208
"120",120,0.076360035987629,0.07774324088639
"121",121,0.068272690655804,0.0744412408363864
"122",122,0.0765676217420526,0.0790176255551416
