"","site","min.da.CM","min.da.ca","mean.z.RSD.exp","mean.z.RSD.strong","mean.z.RSD.mut"
"1",1,21.4411806177858,20.9747540867587,1.01547973072189,0.693772001641074,0.714640462923845
"2",2,19.0057634225405,20.1593727580994,0.325536728730375,0.155131050490036,0.0382397517992224
"3",3,22.507900175837,23.330195219929,0.193464688121854,0.759138318513978,0.677036655254143
"4",4,24.4550462782246,24.424492645703,0.181702573560705,0.639654405297865,0.6425671279714
"5",5,23.0312786636807,24.0843355108668,0.199607419251309,0.565312664429211,0.447978014570913
"6",6,19.9680542177208,20.4369560355744,-0.0136469310130734,-0.257069192308981,-0.289573168235664
"7",7,18.3687230564032,19.7501156958637,-0.0570098524273679,-0.353758954542586,-0.369599666314008
"8",8,21.7854466731731,21.4938720802,0.0794358558816266,0.0532168748142981,0.0415341514569619
"9",9,19.4021176650487,19.685009042416,-0.0165239293090979,-0.364258931857585,-0.35172075184509
"10",10,15.5866436925939,16.4299059339973,-0.121917828827205,-0.638114105499169,-0.602326814598763
"11",11,16.4017321204183,16.6369736731174,0.0839847435738,-0.259000209226966,-0.206094768700402
"12",12,18.8421680469522,18.6727946756772,0.0430067061663699,-0.0264659127115792,-0.0592148954867055
"13",13,13.8423089610751,15.2123492268617,0.0249988785462975,-0.358966673650824,-0.356281772183946
"14",14,10.8092673284102,13.63115424313,-0.217989017839778,-0.368049212305055,-0.310860132586476
"15",15,15.6963830028572,15.6606213478265,-0.0464226593081944,0.195627777193,0.161429750375202
"16",16,15.6207802701071,14.9566612918793,0.234961170856668,-0.0641659245721473,-0.0190871082667639
"17",17,10.6707575628569,11.5673438178348,0.240271425013588,-0.366414801394303,-0.289946703618596
"18",18,12.0926534110208,12.3293912664008,0.341226197442538,-0.125673023517839,0.0236398115561906
"19",19,14.6240116786178,15.2140967198188,0.340697502000338,0.723676676771038,0.784239692597768
"20",20,11.3112936290867,12.3981081218063,0.213437608619885,0.452491514989774,0.387985864754964
"21",21,9.0451888550073,9.62991869124553,0.266632042665965,-0.348178027040384,-0.208988702872522
"22",22,9.35881601312752,8.72435808526908,0.346491266342023,-0.445930922087419,-0.37570285675392
"23",23,8.08614380864245,8.55031093001886,-0.115043600845819,-0.0716665619789933,-0.0820776266158603
"24",24,6.94021751089071,6.02897047596022,-0.539041917561029,-0.45239139827417,-0.338430009181933
"25",25,4.78654408814586,5.14610901555729,-0.14569400553305,-0.519896037443576,-0.434260315522945
"26",26,6.98712738720039,5.37415044448888,0.174361081664698,-0.556383847046385,-0.399217907615826
"27",27,5.18517013754172,3.78105778850311,-0.263290558332334,-0.498906157370316,-0.439461179793554
"28",28,0,0,-0.837138340577377,-0.459761078212838,-0.41170047508458
"29",29,0,0,-0.606409188226558,-0.556402555848874,-0.537210388827271
"30",30,5.17053956665747,3.78524979360676,-0.30840846162646,-0.399001613187847,-0.370671596927516
"31",31,6.36292738458982,3.80573251818884,-0.371977146915763,-0.379899396678666,-0.40719372459291
"32",32,0,0,-0.674011801316152,-0.270009793297349,-0.36583820635757
"33",33,4.36110961292578,3.81711068741791,-0.59012290970829,-0.377339258816585,-0.405256064434803
"34",34,7.52367140907916,5.60417969019552,-0.245247014865154,-0.140934485357666,-0.0841547556724984
"35",35,5.86308586529952,5.33038844738355,-0.0303730751358625,0.0905842016548208,-0.00854588424093809
"36",36,5.1207754641289,5.70194580823073,-0.476503583960813,0.00961558115196978,0.0527207604036749
"37",37,7.56385287517237,7.5541750707804,-0.402927339503466,0.24560968975058,0.212757576641095
"38",38,8.07525445605497,9.39965850443515,-0.0571512942980859,0.27280795625236,0.338621589657696
"39",39,5.34747568381231,7.14439682548499,-0.377915975276683,-0.332166967710205,-0.319899867832104
"40",40,7.97314939354907,7.98302023046416,-0.144300529964178,-0.213533677231747,-0.185678887648555
"41",41,12.0530008062389,11.4355597152041,-0.0503074565822322,0.234969169773969,0.37216458197814
"42",42,8.29626186034405,8.35426489884059,-0.546331919361428,0.102242272522808,0.0667394377060272
"43",43,6.5521877417258,7.71244014563484,-0.312567154762697,0.277515250593997,0.31175760187722
"44",44,10.9385747459874,10.6231582403728,0.899907342345983,1.05002581079443,1.06125645785779
"45",45,6.73253477027819,9.70973604172637,1.12673139365732,0.476540141958373,0.537177306141022
"46",46,7.72387923166899,10.0540655458377,0.726653967593575,0.012797312782088,0.00798740837928589
"47",47,13.5740581317391,12.3083563890554,2.68669494942946,0.199626724249562,0.228414371875293
"48",48,13.5037714238714,14.4771623255388,1.84009945552608,0.874582191608068,0.730560883388664
"49",49,10.7590990758038,11.9869284639561,0.699186616796301,0.102607969186748,0.0933031368568153
"50",50,14.4910740237929,13.5348035449356,1.9314668489474,0.574634769558225,0.384549213042741
"51",51,13.1400494517082,12.7991581754426,0.257075079119656,0.545129716696459,0.452710282738074
"52",52,10.7513141412133,10.497494701118,0.813075759297447,0.390315324279871,0.341499305123987
"53",53,12.9334789638188,12.8719650015062,0.685890359575071,0.924842558043363,0.784828019227306
"54",54,13.3001748579254,12.5629495740451,-0.0323038876004782,0.486720009457902,0.359141778946744
"55",55,7.82952050336083,8.82410182398186,0.130565210539492,-0.305736099792858,-0.359208096213188
"56",56,10.0267677530648,9.7305110862688,1.07529391024448,0.00735951730350841,-0.0273225133515454
"57",57,12.5807430681598,12.7525876981889,1.04775388744353,0.56765847898096,0.49372654001017
"58",58,10.21744429284,10.0683111791402,0.155760177805475,0.274560456067763,0.204020595805187
"59",59,10.5002797626189,8.61275426330045,0.348807004010959,0.339241190559073,0.41839310122381
"60",60,6.96350477595748,6.25426910198146,0.428650615669337,0.293084437323317,0.226009590541898
"61",61,6.11256333666563,5.08592508792648,-0.0781904687255053,-0.401437749342246,-0.355562157871085
"62",62,8.81033265379716,5.42909329446456,-0.305852627130515,-0.323405479970899,-0.273591214177218
"63",63,6.3964192595504,3.78009021056376,-0.167144925844697,0.0822395131232115,0.0209432977318533
"64",64,0,0,-0.447702752368723,-0.331857177735966,-0.36916257358938
"65",65,4.68053302960205,3.77661395962044,-0.495637982035881,-0.549083032208878,-0.539220465718195
"66",66,6.11785138127267,5.26674709854194,-0.4282857597513,-0.330079150433312,-0.254516752295472
"67",67,4.40632551390837,3.81506212269211,-0.51694808583075,-0.268478415471394,-0.25583192709561
"68",68,0,0,-0.622689289536374,-0.258339594490686,-0.140273659794012
"69",69,4.24982748839654,3.79077656951712,-0.572803961373663,-0.498911926305708,-0.35239479314379
"70",70,6.13697131188075,5.51903261450773,-0.64421036399239,-0.0639470857453929,-0.0280453350658999
"71",71,5.70956131990605,5.34679763970921,-0.547854930948241,-0.0870883758823189,-0.181566786297665
"72",72,6.61307473940928,6.28244395120243,-0.383866356415309,-0.291940100899097,-0.156343522098677
"73",73,9.074940323447,8.67956410195812,-0.315798657930148,0.0856052278787207,0.250032927179895
"74",74,10.5365873898277,10.1740378414865,-0.522886009755528,0.192727242690119,0.200907601649299
"75",75,10.5224495545128,10.8933057425191,-0.351709907013638,-0.186186356495446,-0.254138826353378
"76",76,11.9746900439094,12.4187693834776,0.276287785047091,-0.28471614846674,-0.348140844734809
"77",77,13.8989248613335,14.5242220101457,0.33182514297365,-0.0740291189167928,-0.0131110898886525
"78",78,16.2741949184642,16.0676037728094,-0.20248074517723,0.227914155937188,0.20062028934947
"79",79,19.0465887564443,17.6457330252954,0.0533147674120364,-0.152011395449837,-0.104322324185936
"80",80,17.6318500893911,17.4117102548831,1.74792164746641,0.027821607374366,-0.15122377202252
"81",81,20.0462482133633,18.4215891551191,0.440929514325381,0.428424239909088,0.431628260029722
"82",82,14.033874398428,14.9173588144819,0.679302827521353,0.122674794727322,-0.00755314968640287
"83",83,16.4942098351438,15.2184260355662,1.17033919169597,0.328519396847801,0.258217945637947
"84",84,14.2160691773169,15.0366128167217,1.24093353963919,0.833137089636339,0.833898282099954
"85",85,12.8474094075533,12.0007226865718,0.632086651541103,0.217105906566762,0.142562855543175
"86",86,9.86709871789777,10.2205329606631,-0.115748157300013,-0.12452579595767,-0.148314869282814
"87",87,11.5362553181963,10.0654135036768,0.0996859667736245,0.224320945416183,0.173359199841632
"88",88,8.4925102047929,8.45292523331421,-0.135919985824294,0.603368080039607,0.660311633707111
"89",89,5.04717432821481,6.00828170111888,-0.66151145033535,-0.133793358697852,-0.0879104539410623
"90",90,5.44450527645918,5.14875577202881,-0.668269671096005,-0.526573414496475,-0.562445728340291
"91",91,8.08157039144729,5.58087770874797,-0.543069478887264,-0.129706779636439,-0.0574780757978872
"92",92,3.73744600818854,3.75624027452984,-0.59878338648961,-0.112213911231547,-0.12493909063387
"93",93,0,0,-0.680195622382687,-0.366876320439729,-0.403923216450631
"94",94,5.70874359328813,3.80410133934416,-0.240904619386522,-0.316565538290102,-0.363274073125115
"95",95,7.70330466504754,5.83024150443187,0.227222503619845,0.185232962751869,0.140603091688941
"96",96,7.1530834977268,5.88854642505262,0.449782279527327,0.762669367755677,0.590557473982774
"97",97,4.52664047189443,4.80922540540574,0.0466916745608403,-0.122183024639505,-0.151690509963881
"98",98,7.85749886848652,5.5488887175722,0.238449616962775,-0.0747192485884687,-0.0149877111203974
"99",99,5.04840384302959,5.40131558048592,-0.350783237602178,-0.39034813530211,-0.371456511321612
"100",100,8.58585468890607,8.15774245732237,-0.166659906414408,-0.0939942820612823,-0.0871137681473665
"101",101,9.70041869739165,9.34151299308629,-0.0196865219239334,-0.179557521239645,-0.0571373706598174
"102",102,9.97002350555701,8.90300544760026,-0.403769614719565,0.186888350056223,0.173617083953836
"103",103,8.29555134615982,6.36104393948037,-0.746670943150409,-0.197465202243945,-0.342248348642544
"104",104,5.80284768172351,5.1716061334947,-0.715989241972431,-0.403862755805719,-0.384428112801973
"105",105,7.82684946517115,5.57318939208062,-0.633058769972555,-0.115822747697165,-0.0830350487145582
"106",106,6.49661888779562,3.83851090919382,-0.76212026169215,-0.0552173475311274,-0.0608116015877262
"107",107,0,0,-0.890581874203648,-0.477495769649692,-0.401161351839631
"108",108,4.3109643658184,3.79520724071822,-0.765266255792842,-0.122955717897455,-0.156268567510096
"109",109,7.09247869304612,5.34799177261895,-0.662808639000211,-0.288737709398521,-0.228062073353832
"110",110,4.84289309654123,4.9363286965112,-0.602988059974324,-0.304501674594311,-0.250673288826757
"111",111,5.5643971737875,5.72282185639218,-0.721229218549883,-0.459554586906805,-0.401930110894966
"112",112,9.01928381862926,8.61754263116812,-0.728283310189235,0.028300773552232,-0.0115185490090888
"113",113,8.51526954534159,8.17795726327791,-0.632567219448567,-0.109622418904189,-0.0903024967799359
"114",114,6.05799516054814,6.28096369994287,-0.782887399567131,-0.223847165804375,-0.108227440596283
"115",115,8.87858220207553,9.05556657531708,-0.639396641225959,-0.415092456919605,-0.426957322770146
"116",116,12.8397308506848,11.5277187248822,-0.425048677378038,-0.106000346963485,-0.050888881563876
"117",117,10.9505611765471,10.9794524453636,-0.233909213130242,0.396600687934781,0.486087475865559
"118",118,9.82485736235376,11.1909181482129,-0.390437798810384,-0.0805116669383447,-0.0399411889226472
"119",119,12.6689255878592,13.7688419992387,0.0836804107328652,0.0388973134565337,-0.0144647714180983
"120",120,16.1505172892672,15.8743624753878,1.00104821447429,0.0395783782190926,0.264288782341519
"121",121,18.9395589899943,19.0262840828155,1.91456715169137,0.708018879645412,0.624363738154397
"122",122,17.617216383287,17.8074538887512,1.70929510245249,-0.171363271551547,-0.242289496097457
"123",123,13.8108517170979,15.8948989930732,0.149056329096483,-0.304120052834874,-0.264666801135984
"124",124,18.2503749401762,18.742267125404,-0.268374469110373,0.394828458593303,0.424419141636034
"125",125,19.3186650055838,19.1345543716074,-0.398355788768915,0.695878644250705,0.601081418511985
"126",126,20.5511051797599,20.1395705267019,-0.499076229730844,0.144134288950725,0.116287231070421
"127",127,16.8166810289522,17.6256699730819,-0.496806005341872,-0.422869888346469,-0.430048799291355
"128",128,15.3747857378658,14.7884851489258,-0.667274696433644,-0.365735466662025,-0.326769915653281
"129",129,15.9951483845247,15.9679545966288,-0.618142971907773,-0.0475015005676495,-0.0344489887471233
"130",130,15.4794592849121,16.2459490027514,-0.704659133826106,-0.322355944212219,-0.358751033499139
"131",131,11.3933230369767,12.7780443730643,-0.770908196935411,-0.612601018208929,-0.586588381551199
"132",132,11.8230788945879,11.5337740570899,-0.682048376568123,-0.212513224742128,-0.155295546261775
"133",133,16.0487983367344,14.1137550991931,-0.71656658501666,-0.167725439799988,-0.182113127458953
"134",134,12.1353981905175,13.1387188873193,-0.672341469560253,-0.392688104090854,-0.362641978361768
"135",135,8.44712308398838,9.54358135083471,-0.45546148033746,-0.423879174316397,-0.423307955822231
"136",136,12.4543826900859,11.3977370122319,-0.445378717199401,-0.0223030290534569,-0.0735358363231723
"137",137,14.3697675841064,13.9002797453864,-0.3229937648198,-0.0606991525160291,-0.0195866749785012
"138",138,9.01694689722872,11.3149892178473,-0.165454964967899,-0.212272602165344,-0.325221589874828
"139",139,9.33179363262994,10.5869430432018,0.156294182390068,-0.0766606137399437,-0.137734656128705
"140",140,15.9768379752549,14.2407795783798,0.497117236507615,0.19077856137289,0.224425593846649
"141",141,13.6015035359059,12.9783854542851,0.514446225693863,-0.172647980222185,-0.195894676997431
"142",142,8.49320224596998,9.2481084552464,0.723387369479908,-0.338414948630064,-0.315514888660137
"143",143,11.5255267357971,10.6965961875729,0.858248017597821,-0.203215492377582,-0.189080824354507
"144",144,13.210653584652,12.8851270851319,1.05849563452742,0.489139673595807,0.508128547253411
"145",145,11.6004027875134,10.3872373131647,0.728060795449061,-0.103157607243045,-0.15381809678144
"146",146,7.82067807347485,8.75337152187658,0.460168417228678,-0.237137044739076,-0.190442124241717
"147",147,15.6368531361048,12.512649080031,1.80021354244946,0.699993797857015,0.5604270785475
"148",148,14.4194845836841,13.3794553327107,0.93864381756767,1.41869375621049,1.33144048829112
"149",149,11.6723943522655,11.1345847250807,1.41652111080336,0.622727753345321,0.481503299633689
"150",150,13.6218828493165,12.4796353312106,2.24786576713,1.29737397434999,1.3584630758938
"151",151,9.22802183117009,9.83354102040562,1.43590506395716,0.148506543897741,0.194059325507818
