"run","n.mut","site","CN","p.accept","accept"
1,1,88,10,1,1
1,2,80,12,1,1
1,3,83,27,1,1
1,4,96,18,1,1
1,5,90,7,1,1
1,6,107,9,1,1
1,7,117,17,1,1
1,8,110,20,1,1
1,9,97,26,1,1
1,10,99,18,1,1
1,11,106,9,1,1
1,12,115,16,1,1
1,13,102,10,1,1
1,14,77,18,1,1
1,15,64,22,1,1
1,16,103,8,1,1
1,17,73,15,1,1
1,18,108,19,1,1
1,19,78,5,1,1
1,20,67,16,1,1
1,21,89,11,1,1
1,22,94,16,1,1
1,23,100,20,1,1
1,24,116,13,1,1
1,25,76,12,1,1
1,26,120,11,1,1
1,27,68,16,1,1
1,28,65,19,1,1
1,29,92,13,1,1
1,30,105,9,1,1
1,31,82,33,1,1
1,32,87,19,1,1
2,1,76,12,1,1
2,2,115,16,1,1
2,3,86,16,1,1
2,4,90,7,1,1
2,5,106,9,1,1
2,6,94,16,1,1
2,7,89,11,1,1
2,8,96,18,1,1
2,9,83,27,1,1
2,10,98,21,1,1
2,11,72,12,1,1
2,12,117,17,1,1
2,13,97,26,1,1
2,14,61,25,1,1
2,15,78,5,1,1
2,16,118,20,1,1
2,17,119,24,1,1
2,18,68,16,1,1
2,19,75,14,1,1
2,20,80,12,1,1
2,21,77,18,1,1
2,22,70,14,1,1
2,23,107,9,1,1
2,24,62,17,1,1
2,25,65,19,1,1
2,26,99,18,1,1
2,27,101,15,1,1
2,28,103,8,1,1
2,29,81,21,1,1
2,30,109,16,1,1
2,31,113,18,1,1
2,32,102,10,1,1
3,1,97,26,1,1
3,2,116,13,1,1
3,3,103,8,1,1
3,4,101,15,1,1
3,5,69,8,1,1
3,6,74,16,1,1
3,7,92,13,1,1
3,8,72,12,1,1
3,9,62,17,1,1
3,10,112,18,1,1
3,11,99,18,1,1
3,12,82,33,1,1
3,13,109,16,1,1
3,14,77,18,1,1
3,15,68,16,1,1
3,16,61,25,1,1
3,17,119,24,1,1
3,18,84,21,1,1
3,19,76,12,1,1
3,20,102,10,1,1
3,21,114,14,1,1
3,22,120,11,1,1
3,23,104,15,1,1
3,24,106,9,1,1
3,25,91,5,1,1
3,26,93,14,1,1
3,27,79,17,1,1
3,28,75,14,1,1
3,29,108,19,1,1
3,30,66,22,1,1
3,31,100,20,1,1
3,32,71,7,1,1
4,1,112,18,1,1
4,2,82,33,1,1
4,3,97,26,1,1
4,4,107,9,1,1
4,5,85,20,1,1
4,6,84,21,1,1
4,7,81,21,1,1
4,8,67,16,1,1
4,9,77,18,1,1
4,10,79,17,1,1
4,11,95,21,1,1
4,12,103,8,1,1
4,13,63,31,1,1
4,14,96,18,1,1
4,15,105,9,1,1
4,16,75,14,1,1
4,17,64,22,1,1
4,18,90,7,1,1
4,19,115,16,1,1
4,20,93,14,1,1
4,21,65,19,1,1
4,22,70,14,1,1
4,23,114,14,1,1
4,24,102,10,1,1
4,25,76,12,1,1
4,26,119,24,1,1
4,27,116,13,1,1
4,28,92,13,1,1
4,29,109,16,1,1
4,30,91,5,1,1
4,31,71,7,1,1
4,32,86,16,1,1
5,1,99,18,1,1
5,2,93,14,1,1
5,3,68,16,1,1
5,4,119,24,1,1
5,5,120,11,1,1
5,6,84,21,1,1
5,7,71,7,1,1
5,8,81,21,1,1
5,9,86,16,1,1
5,10,115,16,1,1
5,11,111,10,1,1
5,12,82,33,1,1
5,13,102,10,1,1
5,14,79,17,1,1
5,15,97,26,1,1
5,16,112,18,1,1
5,17,103,8,1,1
5,18,66,22,1,1
5,19,106,9,1,1
5,20,113,18,1,1
5,21,92,13,1,1
5,22,89,11,1,1
5,23,109,16,1,1
5,24,67,16,1,1
5,25,98,21,1,1
5,26,114,14,1,1
5,27,110,20,1,1
5,28,96,18,1,1
5,29,100,20,1,1
5,30,73,15,1,1
5,31,72,12,1,1
5,32,94,16,1,1
6,1,102,10,1,1
6,2,108,19,1,1
6,3,72,12,1,1
6,4,90,7,1,1
6,5,79,17,1,1
6,6,85,20,1,1
6,7,119,24,1,1
6,8,65,19,1,1
6,9,73,15,1,1
6,10,84,21,1,1
6,11,120,11,1,1
6,12,114,14,1,1
6,13,95,21,1,1
6,14,97,26,1,1
6,15,61,25,1,1
6,16,107,9,1,1
6,17,62,17,1,1
6,18,103,8,1,1
6,19,80,12,1,1
6,20,101,15,1,1
6,21,64,22,1,1
6,22,110,20,1,1
6,23,75,14,1,1
6,24,76,12,1,1
6,25,99,18,1,1
6,26,67,16,1,1
6,27,86,16,1,1
6,28,70,14,1,1
6,29,63,31,1,1
6,30,104,15,1,1
6,31,74,16,1,1
6,32,87,19,1,1
7,1,111,10,1,1
7,2,83,27,1,1
7,3,66,22,1,1
7,4,93,14,1,1
7,5,88,10,1,1
7,6,101,15,1,1
7,7,71,7,1,1
7,8,91,5,1,1
7,9,86,16,1,1
7,10,108,19,1,1
7,11,109,16,1,1
7,12,87,19,1,1
7,13,99,18,1,1
7,14,116,13,1,1
7,15,89,11,1,1
7,16,78,5,1,1
7,17,119,24,1,1
7,18,94,16,1,1
7,19,64,22,1,1
7,20,95,21,1,1
7,21,77,18,1,1
7,22,97,26,1,1
7,23,105,9,1,1
7,24,67,16,1,1
7,25,82,33,1,1
7,26,90,7,1,1
7,27,114,14,1,1
7,28,106,9,1,1
7,29,117,17,1,1
7,30,102,10,1,1
7,31,65,19,1,1
7,32,92,13,1,1
8,1,83,27,1,1
8,2,116,13,1,1
8,3,93,14,1,1
8,4,105,9,1,1
8,5,74,16,1,1
8,6,81,21,1,1
8,7,101,15,1,1
8,8,119,24,1,1
8,9,103,8,1,1
8,10,98,21,1,1
8,11,79,17,1,1
8,12,66,22,1,1
8,13,108,19,1,1
8,14,97,26,1,1
8,15,104,15,1,1
8,16,82,33,1,1
8,17,118,20,1,1
8,18,88,10,1,1
8,19,68,16,1,1
8,20,61,25,1,1
8,21,84,21,1,1
8,22,67,16,1,1
8,23,113,18,1,1
8,24,78,5,1,1
8,25,111,10,1,1
8,26,106,9,1,1
8,27,91,5,1,1
8,28,112,18,1,1
8,29,72,12,1,1
8,30,63,31,1,1
8,31,69,8,1,1
8,32,90,7,1,1
9,1,107,9,1,1
9,2,73,15,1,1
9,3,103,8,1,1
9,4,99,18,1,1
9,5,102,10,1,1
9,6,95,21,1,1
9,7,91,5,1,1
9,8,72,12,1,1
9,9,76,12,1,1
9,10,120,11,1,1
9,11,89,11,1,1
9,12,79,17,1,1
9,13,94,16,1,1
9,14,90,7,1,1
9,15,112,18,1,1
9,16,97,26,1,1
9,17,88,10,1,1
9,18,83,27,1,1
9,19,65,19,1,1
9,20,81,21,1,1
9,21,106,9,1,1
9,22,62,17,1,1
9,23,64,22,1,1
9,24,86,16,1,1
9,25,63,31,1,1
9,26,116,13,1,1
9,27,66,22,1,1
9,28,110,20,1,1
9,29,68,16,1,1
9,30,111,10,1,1
9,31,98,21,1,1
9,32,96,18,1,1
10,1,114,14,1,1
10,2,99,18,1,1
10,3,88,10,1,1
10,4,85,20,1,1
10,5,61,25,1,1
10,6,87,19,1,1
10,7,70,14,1,1
10,8,119,24,1,1
10,9,82,33,1,1
10,10,86,16,1,1
10,11,105,9,1,1
10,12,74,16,1,1
10,13,111,10,1,1
10,14,73,15,1,1
10,15,113,18,1,1
10,16,79,17,1,1
10,17,112,18,1,1
10,18,66,22,1,1
10,19,80,12,1,1
10,20,84,21,1,1
10,21,67,16,1,1
10,22,65,19,1,1
10,23,101,15,1,1
10,24,76,12,1,1
10,25,96,18,1,1
10,26,120,11,1,1
10,27,116,13,1,1
10,28,109,16,1,1
10,29,98,21,1,1
10,30,90,7,1,1
10,31,89,11,1,1
10,32,108,19,1,1
11,1,65,19,1,1
11,2,94,16,1,1
11,3,118,20,1,1
11,4,105,9,1,1
11,5,66,22,1,1
11,6,78,5,1,1
11,7,84,21,1,1
11,8,104,15,1,1
11,9,99,18,1,1
11,10,76,12,1,1
11,11,90,7,1,1
11,12,106,9,1,1
11,13,97,26,1,1
11,14,77,18,1,1
11,15,88,10,1,1
11,16,98,21,1,1
11,17,64,22,1,1
11,18,107,9,1,1
11,19,100,20,1,1
11,20,75,14,1,1
11,21,80,12,1,1
11,22,115,16,1,1
11,23,109,16,1,1
11,24,89,11,1,1
11,25,102,10,1,1
11,26,112,18,1,1
11,27,72,12,1,1
11,28,79,17,1,1
11,29,85,20,1,1
11,30,73,15,1,1
11,31,91,5,1,1
11,32,114,14,1,1
12,1,102,10,1,1
12,2,120,11,1,1
12,3,95,21,1,1
12,4,63,31,1,1
12,5,112,18,1,1
12,6,82,33,1,1
12,7,87,19,1,1
12,8,74,16,1,1
12,9,76,12,1,1
12,10,61,25,1,1
12,11,66,22,1,1
12,12,103,8,1,1
12,13,64,22,1,1
12,14,83,27,1,1
12,15,91,5,1,1
12,16,97,26,1,1
12,17,73,15,1,1
12,18,67,16,1,1
12,19,89,11,1,1
12,20,85,20,1,1
12,21,106,9,1,1
12,22,119,24,1,1
12,23,94,16,1,1
12,24,68,16,1,1
12,25,86,16,1,1
12,26,115,16,1,1
12,27,92,13,1,1
12,28,99,18,1,1
12,29,98,21,1,1
12,30,62,17,1,1
12,31,109,16,1,1
12,32,71,7,1,1
13,1,92,13,1,1
13,2,105,9,1,1
13,3,96,18,1,1
13,4,77,18,1,1
13,5,65,19,1,1
13,6,98,21,1,1
13,7,114,14,1,1
13,8,74,16,1,1
13,9,103,8,1,1
13,10,80,12,1,1
13,11,116,13,1,1
13,12,101,15,1,1
13,13,113,18,1,1
13,14,70,14,1,1
13,15,120,11,1,1
13,16,93,14,1,1
13,17,104,15,1,1
13,18,95,21,1,1
13,19,84,21,1,1
13,20,62,17,1,1
13,21,108,19,1,1
13,22,97,26,1,1
13,23,99,18,1,1
13,24,85,20,1,1
13,25,112,18,1,1
13,26,110,20,1,1
13,27,100,20,1,1
13,28,75,14,1,1
13,29,115,16,1,1
13,30,111,10,1,1
13,31,109,16,1,1
13,32,78,5,1,1
14,1,88,10,1,1
14,2,106,9,1,1
14,3,62,17,1,1
14,4,66,22,1,1
14,5,94,16,1,1
14,6,65,19,1,1
14,7,118,20,1,1
14,8,70,14,1,1
14,9,67,16,1,1
14,10,98,21,1,1
14,11,76,12,1,1
14,12,109,16,1,1
14,13,95,21,1,1
14,14,119,24,1,1
14,15,78,5,1,1
14,16,97,26,1,1
14,17,111,10,1,1
14,18,120,11,1,1
14,19,112,18,1,1
14,20,102,10,1,1
14,21,117,17,1,1
14,22,73,15,1,1
14,23,69,8,1,1
14,24,87,19,1,1
14,25,77,18,1,1
14,26,91,5,1,1
14,27,68,16,1,1
14,28,93,14,1,1
14,29,107,9,1,1
14,30,81,21,1,1
14,31,74,16,1,1
14,32,83,27,1,1
15,1,85,20,1,1
15,2,77,18,1,1
15,3,71,7,1,1
15,4,101,15,1,1
15,5,95,21,1,1
15,6,115,16,1,1
15,7,119,24,1,1
15,8,67,16,1,1
15,9,104,15,1,1
15,10,118,20,1,1
15,11,107,9,1,1
15,12,89,11,1,1
15,13,83,27,1,1
15,14,64,22,1,1
15,15,84,21,1,1
15,16,82,33,1,1
15,17,78,5,1,1
15,18,91,5,1,1
15,19,87,19,1,1
15,20,110,20,1,1
15,21,75,14,1,1
15,22,117,17,1,1
15,23,113,18,1,1
15,24,68,16,1,1
15,25,76,12,1,1
15,26,116,13,1,1
15,27,79,17,1,1
15,28,97,26,1,1
15,29,80,12,1,1
15,30,70,14,1,1
15,31,108,19,1,1
15,32,93,14,1,1
16,1,119,24,1,1
16,2,85,20,1,1
16,3,110,20,1,1
16,4,88,10,1,1
16,5,96,18,1,1
16,6,98,21,1,1
16,7,87,19,1,1
16,8,112,18,1,1
16,9,90,7,1,1
16,10,104,15,1,1
16,11,105,9,1,1
16,12,71,7,1,1
16,13,91,5,1,1
16,14,101,15,1,1
16,15,106,9,1,1
16,16,72,12,1,1
16,17,92,13,1,1
16,18,97,26,1,1
16,19,75,14,1,1
16,20,111,10,1,1
16,21,66,22,1,1
16,22,100,20,1,1
16,23,68,16,1,1
16,24,61,25,1,1
16,25,118,20,1,1
16,26,82,33,1,1
16,27,114,14,1,1
16,28,99,18,1,1
16,29,102,10,1,1
16,30,95,21,1,1
16,31,76,12,1,1
16,32,117,17,1,1
17,1,76,12,1,1
17,2,113,18,1,1
17,3,116,13,1,1
17,4,61,25,1,1
17,5,65,19,1,1
17,6,63,31,1,1
17,7,97,26,1,1
17,8,88,10,1,1
17,9,120,11,1,1
17,10,86,16,1,1
17,11,77,18,1,1
17,12,118,20,1,1
17,13,93,14,1,1
17,14,68,16,1,1
17,15,114,14,1,1
17,16,94,16,1,1
17,17,78,5,1,1
17,18,85,20,1,1
17,19,98,21,1,1
17,20,108,19,1,1
17,21,101,15,1,1
17,22,87,19,1,1
17,23,90,7,1,1
17,24,106,9,1,1
17,25,119,24,1,1
17,26,99,18,1,1
17,27,100,20,1,1
17,28,107,9,1,1
17,29,89,11,1,1
17,30,96,18,1,1
17,31,74,16,1,1
17,32,62,17,1,1
18,1,90,7,1,1
18,2,88,10,1,1
18,3,112,18,1,1
18,4,115,16,1,1
18,5,97,26,1,1
18,6,104,15,1,1
18,7,100,20,1,1
18,8,82,33,1,1
18,9,79,17,1,1
18,10,102,10,1,1
18,11,84,21,1,1
18,12,95,21,1,1
18,13,77,18,1,1
18,14,89,11,1,1
18,15,68,16,1,1
18,16,73,15,1,1
18,17,63,31,1,1
18,18,69,8,1,1
18,19,103,8,1,1
18,20,87,19,1,1
18,21,106,9,1,1
18,22,80,12,1,1
18,23,109,16,1,1
18,24,114,14,1,1
18,25,85,20,1,1
18,26,105,9,1,1
18,27,117,17,1,1
18,28,64,22,1,1
18,29,94,16,1,1
18,30,93,14,1,1
18,31,96,18,1,1
18,32,67,16,1,1
19,1,67,16,1,1
19,2,114,14,1,1
19,3,84,21,1,1
19,4,62,17,1,1
19,5,109,16,1,1
19,6,91,5,1,1
19,7,102,10,1,1
19,8,82,33,1,1
19,9,76,12,1,1
19,10,83,27,1,1
19,11,96,18,1,1
19,12,97,26,1,1
19,13,61,25,1,1
19,14,106,9,1,1
19,15,81,21,1,1
19,16,101,15,1,1
19,17,99,18,1,1
19,18,63,31,1,1
19,19,71,7,1,1
19,20,104,15,1,1
19,21,80,12,1,1
19,22,100,20,1,1
19,23,74,16,1,1
19,24,88,10,1,1
19,25,117,17,1,1
19,26,85,20,1,1
19,27,111,10,1,1
19,28,94,16,1,1
19,29,66,22,1,1
19,30,87,19,1,1
19,31,105,9,1,1
19,32,75,14,1,1
20,1,116,13,1,1
20,2,101,15,1,1
20,3,76,12,1,1
20,4,64,22,1,1
20,5,107,9,1,1
20,6,87,19,1,1
20,7,89,11,1,1
20,8,106,9,1,1
20,9,83,27,1,1
20,10,95,21,1,1
20,11,88,10,1,1
20,12,120,11,1,1
20,13,86,16,1,1
20,14,105,9,1,1
20,15,77,18,1,1
20,16,82,33,1,1
20,17,85,20,1,1
20,18,108,19,1,1
20,19,97,26,1,1
20,20,93,14,1,1
20,21,75,14,1,1
20,22,119,24,1,1
20,23,69,8,1,1
20,24,66,22,1,1
20,25,111,10,1,1
20,26,109,16,1,1
20,27,70,14,1,1
20,28,110,20,1,1
20,29,99,18,1,1
20,30,92,13,1,1
20,31,67,16,1,1
20,32,72,12,1,1
21,1,112,18,1,1
21,2,120,11,1,1
21,3,95,21,1,1
21,4,93,14,1,1
21,5,99,18,1,1
21,6,100,20,1,1
21,7,86,16,1,1
21,8,81,21,1,1
21,9,91,5,1,1
21,10,96,18,1,1
21,11,106,9,1,1
21,12,111,10,1,1
21,13,64,22,1,1
21,14,88,10,1,1
21,15,98,21,1,1
21,16,78,5,1,1
21,17,103,8,1,1
21,18,70,14,1,1
21,19,116,13,1,1
21,20,107,9,1,1
21,21,82,33,1,1
21,22,117,17,1,1
21,23,83,27,1,1
21,24,66,22,1,1
21,25,80,12,1,1
21,26,67,16,1,1
21,27,71,7,1,1
21,28,69,8,1,1
21,29,77,18,1,1
21,30,109,16,1,1
21,31,113,18,1,1
21,32,104,15,1,1
22,1,83,27,1,1
22,2,74,16,1,1
22,3,105,9,1,1
22,4,80,12,1,1
22,5,66,22,1,1
22,6,96,18,1,1
22,7,86,16,1,1
22,8,115,16,1,1
22,9,110,20,1,1
22,10,119,24,1,1
22,11,81,21,1,1
22,12,61,25,1,1
22,13,87,19,1,1
22,14,72,12,1,1
22,15,108,19,1,1
22,16,78,5,1,1
22,17,114,14,1,1
22,18,116,13,1,1
22,19,67,16,1,1
22,20,100,20,1,1
22,21,88,10,1,1
22,22,63,31,1,1
22,23,99,18,1,1
22,24,106,9,1,1
22,25,71,7,1,1
22,26,79,17,1,1
22,27,94,16,1,1
22,28,98,21,1,1
22,29,97,26,1,1
22,30,91,5,1,1
22,31,118,20,1,1
22,32,64,22,1,1
23,1,120,11,1,1
23,2,117,17,1,1
23,3,115,16,1,1
23,4,81,21,1,1
23,5,88,10,1,1
23,6,75,14,1,1
23,7,109,16,1,1
23,8,101,15,1,1
23,9,69,8,1,1
23,10,77,18,1,1
23,11,97,26,1,1
23,12,99,18,1,1
23,13,92,13,1,1
23,14,103,8,1,1
23,15,63,31,1,1
23,16,106,9,1,1
23,17,76,12,1,1
23,18,71,7,1,1
23,19,84,21,1,1
23,20,85,20,1,1
23,21,79,17,1,1
23,22,90,7,1,1
23,23,72,12,1,1
23,24,64,22,1,1
23,25,70,14,1,1
23,26,114,14,1,1
23,27,62,17,1,1
23,28,102,10,1,1
23,29,118,20,1,1
23,30,107,9,1,1
23,31,86,16,1,1
23,32,67,16,1,1
24,1,110,20,1,1
24,2,75,14,1,1
24,3,97,26,1,1
24,4,104,15,1,1
24,5,95,21,1,1
24,6,98,21,1,1
24,7,89,11,1,1
24,8,114,14,1,1
24,9,67,16,1,1
24,10,115,16,1,1
24,11,120,11,1,1
24,12,116,13,1,1
24,13,68,16,1,1
24,14,100,20,1,1
24,15,81,21,1,1
24,16,61,25,1,1
24,17,91,5,1,1
24,18,87,19,1,1
24,19,106,9,1,1
24,20,74,16,1,1
24,21,63,31,1,1
24,22,83,27,1,1
24,23,69,8,1,1
24,24,77,18,1,1
24,25,101,15,1,1
24,26,102,10,1,1
24,27,72,12,1,1
24,28,107,9,1,1
24,29,64,22,1,1
24,30,94,16,1,1
24,31,96,18,1,1
24,32,99,18,1,1
25,1,63,31,1,1
25,2,79,17,1,1
25,3,106,9,1,1
25,4,77,18,1,1
25,5,103,8,1,1
25,6,120,11,1,1
25,7,73,15,1,1
25,8,113,18,1,1
25,9,114,14,1,1
25,10,119,24,1,1
25,11,107,9,1,1
25,12,112,18,1,1
25,13,61,25,1,1
25,14,118,20,1,1
25,15,92,13,1,1
25,16,111,10,1,1
25,17,75,14,1,1
25,18,93,14,1,1
25,19,90,7,1,1
25,20,91,5,1,1
25,21,86,16,1,1
25,22,97,26,1,1
25,23,71,7,1,1
25,24,85,20,1,1
25,25,72,12,1,1
25,26,69,8,1,1
25,27,88,10,1,1
25,28,84,21,1,1
25,29,117,17,1,1
25,30,109,16,1,1
25,31,66,22,1,1
25,32,94,16,1,1
26,1,87,19,1,1
26,2,111,10,1,1
26,3,120,11,1,1
26,4,108,19,1,1
26,5,101,15,1,1
26,6,74,16,1,1
26,7,117,17,1,1
26,8,102,10,1,1
26,9,112,18,1,1
26,10,104,15,1,1
26,11,61,25,1,1
26,12,113,18,1,1
26,13,105,9,1,1
26,14,79,17,1,1
26,15,83,27,1,1
26,16,88,10,1,1
26,17,85,20,1,1
26,18,107,9,1,1
26,19,118,20,1,1
26,20,71,7,1,1
26,21,69,8,1,1
26,22,98,21,1,1
26,23,92,13,1,1
26,24,68,16,1,1
26,25,78,5,1,1
26,26,66,22,1,1
26,27,94,16,1,1
26,28,110,20,1,1
26,29,114,14,1,1
26,30,80,12,1,1
26,31,75,14,1,1
26,32,109,16,1,1
27,1,66,22,1,1
27,2,77,18,1,1
27,3,119,24,1,1
27,4,85,20,1,1
27,5,113,18,1,1
27,6,83,27,1,1
27,7,91,5,1,1
27,8,103,8,1,1
27,9,69,8,1,1
27,10,89,11,1,1
27,11,99,18,1,1
27,12,115,16,1,1
27,13,74,16,1,1
27,14,94,16,1,1
27,15,96,18,1,1
27,16,65,19,1,1
27,17,68,16,1,1
27,18,88,10,1,1
27,19,80,12,1,1
27,20,67,16,1,1
27,21,76,12,1,1
27,22,106,9,1,1
27,23,114,14,1,1
27,24,62,17,1,1
27,25,75,14,1,1
27,26,110,20,1,1
27,27,107,9,1,1
27,28,104,15,1,1
27,29,84,21,1,1
27,30,87,19,1,1
27,31,92,13,1,1
27,32,63,31,1,1
28,1,99,18,1,1
28,2,116,13,1,1
28,3,109,16,1,1
28,4,106,9,1,1
28,5,79,17,1,1
28,6,66,22,1,1
28,7,71,7,1,1
28,8,120,11,1,1
28,9,61,25,1,1
28,10,77,18,1,1
28,11,102,10,1,1
28,12,64,22,1,1
28,13,94,16,1,1
28,14,118,20,1,1
28,15,113,18,1,1
28,16,83,27,1,1
28,17,84,21,1,1
28,18,73,15,1,1
28,19,63,31,1,1
28,20,108,19,1,1
28,21,78,5,1,1
28,22,62,17,1,1
28,23,87,19,1,1
28,24,70,14,1,1
28,25,68,16,1,1
28,26,110,20,1,1
28,27,92,13,1,1
28,28,75,14,1,1
28,29,80,12,1,1
28,30,95,21,1,1
28,31,72,12,1,1
28,32,103,8,1,1
29,1,84,21,1,1
29,2,120,11,1,1
29,3,88,10,1,1
29,4,108,19,1,1
29,5,89,11,1,1
29,6,93,14,1,1
29,7,64,22,1,1
29,8,80,12,1,1
29,9,111,10,1,1
29,10,68,16,1,1
29,11,104,15,1,1
29,12,109,16,1,1
29,13,83,27,1,1
29,14,102,10,1,1
29,15,82,33,1,1
29,16,79,17,1,1
29,17,112,18,1,1
29,18,86,16,1,1
29,19,94,16,1,1
29,20,78,5,1,1
29,21,101,15,1,1
29,22,87,19,1,1
29,23,91,5,1,1
29,24,66,22,1,1
29,25,75,14,1,1
29,26,65,19,1,1
29,27,92,13,1,1
29,28,77,18,1,1
29,29,63,31,1,1
29,30,103,8,1,1
29,31,99,18,1,1
29,32,116,13,1,1
30,1,96,18,1,1
30,2,78,5,1,1
30,3,66,22,1,1
30,4,105,9,1,1
30,5,85,20,1,1
30,6,117,17,1,1
30,7,113,18,1,1
30,8,81,21,1,1
30,9,86,16,1,1
30,10,88,10,1,1
30,11,103,8,1,1
30,12,61,25,1,1
30,13,94,16,1,1
30,14,101,15,1,1
30,15,75,14,1,1
30,16,92,13,1,1
30,17,73,15,1,1
30,18,97,26,1,1
30,19,84,21,1,1
30,20,112,18,1,1
30,21,83,27,1,1
30,22,87,19,1,1
30,23,116,13,1,1
30,24,95,21,1,1
30,25,82,33,1,1
30,26,69,8,1,1
30,27,102,10,1,1
30,28,74,16,1,1
30,29,91,5,1,1
30,30,106,9,1,1
30,31,120,11,1,1
30,32,72,12,1,1
31,1,120,11,1,1
31,2,106,9,1,1
31,3,68,16,1,1
31,4,64,22,1,1
31,5,74,16,1,1
31,6,88,10,1,1
31,7,72,12,1,1
31,8,95,21,1,1
31,9,86,16,1,1
31,10,67,16,1,1
31,11,92,13,1,1
31,12,91,5,1,1
31,13,79,17,1,1
31,14,71,7,1,1
31,15,77,18,1,1
31,16,98,21,1,1
31,17,108,19,1,1
31,18,112,18,1,1
31,19,109,16,1,1
31,20,62,17,1,1
31,21,94,16,1,1
31,22,65,19,1,1
31,23,82,33,1,1
31,24,80,12,1,1
31,25,96,18,1,1
31,26,69,8,1,1
31,27,61,25,1,1
31,28,81,21,1,1
31,29,115,16,1,1
31,30,107,9,1,1
31,31,87,19,1,1
31,32,119,24,1,1
32,1,82,33,1,1
32,2,81,21,1,1
32,3,112,18,1,1
32,4,68,16,1,1
32,5,74,16,1,1
32,6,111,10,1,1
32,7,120,11,1,1
32,8,92,13,1,1
32,9,71,7,1,1
32,10,83,27,1,1
32,11,116,13,1,1
32,12,103,8,1,1
32,13,69,8,1,1
32,14,61,25,1,1
32,15,75,14,1,1
32,16,97,26,1,1
32,17,67,16,1,1
32,18,79,17,1,1
32,19,72,12,1,1
32,20,109,16,1,1
32,21,87,19,1,1
32,22,90,7,1,1
32,23,98,21,1,1
32,24,91,5,1,1
32,25,78,5,1,1
32,26,70,14,1,1
32,27,93,14,1,1
32,28,119,24,1,1
32,29,73,15,1,1
32,30,108,19,1,1
32,31,77,18,1,1
32,32,105,9,1,1
33,1,101,15,1,1
33,2,72,12,1,1
33,3,74,16,1,1
33,4,117,17,1,1
33,5,75,14,1,1
33,6,85,20,1,1
33,7,70,14,1,1
33,8,89,11,1,1
33,9,104,15,1,1
33,10,94,16,1,1
33,11,93,14,1,1
33,12,111,10,1,1
33,13,92,13,1,1
33,14,102,10,1,1
33,15,83,27,1,1
33,16,80,12,1,1
33,17,64,22,1,1
33,18,73,15,1,1
33,19,97,26,1,1
33,20,103,8,1,1
33,21,82,33,1,1
33,22,113,18,1,1
33,23,88,10,1,1
33,24,86,16,1,1
33,25,110,20,1,1
33,26,112,18,1,1
33,27,76,12,1,1
33,28,116,13,1,1
33,29,62,17,1,1
33,30,77,18,1,1
33,31,96,18,1,1
33,32,91,5,1,1
34,1,104,15,1,1
34,2,63,31,1,1
34,3,108,19,1,1
34,4,115,16,1,1
34,5,66,22,1,1
34,6,86,16,1,1
34,7,70,14,1,1
34,8,94,16,1,1
34,9,109,16,1,1
34,10,67,16,1,1
34,11,71,7,1,1
34,12,87,19,1,1
34,13,68,16,1,1
34,14,96,18,1,1
34,15,98,21,1,1
34,16,83,27,1,1
34,17,74,16,1,1
34,18,75,14,1,1
34,19,82,33,1,1
34,20,91,5,1,1
34,21,114,14,1,1
34,22,116,13,1,1
34,23,65,19,1,1
34,24,93,14,1,1
34,25,106,9,1,1
34,26,77,18,1,1
34,27,102,10,1,1
34,28,78,5,1,1
34,29,97,26,1,1
34,30,79,17,1,1
34,31,69,8,1,1
34,32,107,9,1,1
35,1,116,13,1,1
35,2,104,15,1,1
35,3,70,14,1,1
35,4,106,9,1,1
35,5,120,11,1,1
35,6,67,16,1,1
35,7,92,13,1,1
35,8,79,17,1,1
35,9,86,16,1,1
35,10,108,19,1,1
35,11,100,20,1,1
35,12,90,7,1,1
35,13,109,16,1,1
35,14,110,20,1,1
35,15,78,5,1,1
35,16,93,14,1,1
35,17,72,12,1,1
35,18,91,5,1,1
35,19,71,7,1,1
35,20,81,21,1,1
35,21,119,24,1,1
35,22,76,12,1,1
35,23,69,8,1,1
35,24,85,20,1,1
35,25,73,15,1,1
35,26,105,9,1,1
35,27,117,17,1,1
35,28,98,21,1,1
35,29,103,8,1,1
35,30,74,16,1,1
35,31,61,25,1,1
35,32,82,33,1,1
36,1,96,18,1,1
36,2,85,20,1,1
36,3,111,10,1,1
36,4,64,22,1,1
36,5,110,20,1,1
36,6,63,31,1,1
36,7,101,15,1,1
36,8,76,12,1,1
36,9,100,20,1,1
36,10,120,11,1,1
36,11,83,27,1,1
36,12,94,16,1,1
36,13,106,9,1,1
36,14,105,9,1,1
36,15,68,16,1,1
36,16,115,16,1,1
36,17,112,18,1,1
36,18,104,15,1,1
36,19,75,14,1,1
36,20,113,18,1,1
36,21,78,5,1,1
36,22,73,15,1,1
36,23,109,16,1,1
36,24,114,14,1,1
36,25,116,13,1,1
36,26,107,9,1,1
36,27,87,19,1,1
36,28,61,25,1,1
36,29,84,21,1,1
36,30,103,8,1,1
36,31,119,24,1,1
36,32,95,21,1,1
37,1,77,18,1,1
37,2,110,20,1,1
37,3,62,17,1,1
37,4,72,12,1,1
37,5,88,10,1,1
37,6,78,5,1,1
37,7,117,17,1,1
37,8,111,10,1,1
37,9,79,17,1,1
37,10,100,20,1,1
37,11,96,18,1,1
37,12,114,14,1,1
37,13,112,18,1,1
37,14,94,16,1,1
37,15,65,19,1,1
37,16,91,5,1,1
37,17,87,19,1,1
37,18,74,16,1,1
37,19,95,21,1,1
37,20,66,22,1,1
37,21,73,15,1,1
37,22,90,7,1,1
37,23,84,21,1,1
37,24,120,11,1,1
37,25,69,8,1,1
37,26,75,14,1,1
37,27,70,14,1,1
37,28,102,10,1,1
37,29,83,27,1,1
37,30,86,16,1,1
37,31,80,12,1,1
37,32,89,11,1,1
38,1,94,16,1,1
38,2,113,18,1,1
38,3,120,11,1,1
38,4,89,11,1,1
38,5,61,25,1,1
38,6,82,33,1,1
38,7,114,14,1,1
38,8,96,18,1,1
38,9,65,19,1,1
38,10,62,17,1,1
38,11,84,21,1,1
38,12,93,14,1,1
38,13,85,20,1,1
38,14,112,18,1,1
38,15,83,27,1,1
38,16,77,18,1,1
38,17,67,16,1,1
38,18,100,20,1,1
38,19,106,9,1,1
38,20,102,10,1,1
38,21,74,16,1,1
38,22,119,24,1,1
38,23,104,15,1,1
38,24,108,19,1,1
38,25,64,22,1,1
38,26,98,21,1,1
38,27,90,7,1,1
38,28,97,26,1,1
38,29,107,9,1,1
38,30,92,13,1,1
38,31,70,14,1,1
38,32,73,15,1,1
39,1,62,17,1,1
39,2,63,31,1,1
39,3,69,8,1,1
39,4,88,10,1,1
39,5,76,12,1,1
39,6,71,7,1,1
39,7,90,7,1,1
39,8,84,21,1,1
39,9,80,12,1,1
39,10,74,16,1,1
39,11,106,9,1,1
39,12,85,20,1,1
39,13,110,20,1,1
39,14,101,15,1,1
39,15,82,33,1,1
39,16,75,14,1,1
39,17,64,22,1,1
39,18,91,5,1,1
39,19,98,21,1,1
39,20,119,24,1,1
39,21,102,10,1,1
39,22,114,14,1,1
39,23,112,18,1,1
39,24,67,16,1,1
39,25,78,5,1,1
39,26,87,19,1,1
39,27,89,11,1,1
39,28,104,15,1,1
39,29,72,12,1,1
39,30,99,18,1,1
39,31,113,18,1,1
39,32,120,11,1,1
40,1,63,31,1,1
40,2,66,22,1,1
40,3,81,21,1,1
40,4,76,12,1,1
40,5,111,10,1,1
40,6,77,18,1,1
40,7,64,22,1,1
40,8,73,15,1,1
40,9,67,16,1,1
40,10,110,20,1,1
40,11,106,9,1,1
40,12,92,13,1,1
40,13,94,16,1,1
40,14,119,24,1,1
40,15,117,17,1,1
40,16,79,17,1,1
40,17,71,7,1,1
40,18,99,18,1,1
40,19,114,14,1,1
40,20,101,15,1,1
40,21,90,7,1,1
40,22,120,11,1,1
40,23,88,10,1,1
40,24,89,11,1,1
40,25,74,16,1,1
40,26,75,14,1,1
40,27,68,16,1,1
40,28,105,9,1,1
40,29,61,25,1,1
40,30,95,21,1,1
40,31,113,18,1,1
40,32,86,16,1,1
41,1,115,16,1,1
41,2,94,16,1,1
41,3,62,17,1,1
41,4,69,8,1,1
41,5,95,21,1,1
41,6,72,12,1,1
41,7,100,20,1,1
41,8,61,25,1,1
41,9,82,33,1,1
41,10,89,11,1,1
41,11,63,31,1,1
41,12,78,5,1,1
41,13,110,20,1,1
41,14,67,16,1,1
41,15,107,9,1,1
41,16,104,15,1,1
41,17,112,18,1,1
41,18,68,16,1,1
41,19,91,5,1,1
41,20,75,14,1,1
41,21,114,14,1,1
41,22,118,20,1,1
41,23,92,13,1,1
41,24,90,7,1,1
41,25,119,24,1,1
41,26,99,18,1,1
41,27,102,10,1,1
41,28,66,22,1,1
41,29,98,21,1,1
41,30,113,18,1,1
41,31,64,22,1,1
41,32,97,26,1,1
42,1,115,16,1,1
42,2,103,8,1,1
42,3,93,14,1,1
42,4,105,9,1,1
42,5,81,21,1,1
42,6,74,16,1,1
42,7,78,5,1,1
42,8,96,18,1,1
42,9,68,16,1,1
42,10,91,5,1,1
42,11,87,19,1,1
42,12,106,9,1,1
42,13,102,10,1,1
42,14,77,18,1,1
42,15,112,18,1,1
42,16,101,15,1,1
42,17,97,26,1,1
42,18,65,19,1,1
42,19,95,21,1,1
42,20,120,11,1,1
42,21,111,10,1,1
42,22,116,13,1,1
42,23,107,9,1,1
42,24,110,20,1,1
42,25,73,15,1,1
42,26,118,20,1,1
42,27,94,16,1,1
42,28,63,31,1,1
42,29,98,21,1,1
42,30,108,19,1,1
42,31,90,7,1,1
42,32,75,14,1,1
43,1,116,13,1,1
43,2,110,20,1,1
43,3,65,19,1,1
43,4,89,11,1,1
43,5,62,17,1,1
43,6,74,16,1,1
43,7,76,12,1,1
43,8,120,11,1,1
43,9,61,25,1,1
43,10,80,12,1,1
43,11,105,9,1,1
43,12,69,8,1,1
43,13,98,21,1,1
43,14,118,20,1,1
43,15,103,8,1,1
43,16,100,20,1,1
43,17,66,22,1,1
43,18,85,20,1,1
43,19,99,18,1,1
43,20,88,10,1,1
43,21,111,10,1,1
43,22,91,5,1,1
43,23,64,22,1,1
43,24,101,15,1,1
43,25,119,24,1,1
43,26,108,19,1,1
43,27,83,27,1,1
43,28,112,18,1,1
43,29,117,17,1,1
43,30,63,31,1,1
43,31,84,21,1,1
43,32,109,16,1,1
44,1,63,31,1,1
44,2,80,12,1,1
44,3,82,33,1,1
44,4,61,25,1,1
44,5,106,9,1,1
44,6,91,5,1,1
44,7,73,15,1,1
44,8,85,20,1,1
44,9,118,20,1,1
44,10,95,21,1,1
44,11,78,5,1,1
44,12,117,17,1,1
44,13,89,11,1,1
44,14,83,27,1,1
44,15,88,10,1,1
44,16,109,16,1,1
44,17,68,16,1,1
44,18,112,18,1,1
44,19,84,21,1,1
44,20,90,7,1,1
44,21,67,16,1,1
44,22,116,13,1,1
44,23,79,17,1,1
44,24,114,14,1,1
44,25,72,12,1,1
44,26,75,14,1,1
44,27,70,14,1,1
44,28,69,8,1,1
44,29,113,18,1,1
44,30,94,16,1,1
44,31,81,21,1,1
44,32,102,10,1,1
45,1,85,20,1,1
45,2,107,9,1,1
45,3,64,22,1,1
45,4,75,14,1,1
45,5,115,16,1,1
45,6,92,13,1,1
45,7,114,14,1,1
45,8,90,7,1,1
45,9,97,26,1,1
45,10,84,21,1,1
45,11,110,20,1,1
45,12,106,9,1,1
45,13,62,17,1,1
45,14,94,16,1,1
45,15,79,17,1,1
45,16,118,20,1,1
45,17,80,12,1,1
45,18,67,16,1,1
45,19,99,18,1,1
45,20,93,14,1,1
45,21,76,12,1,1
45,22,71,7,1,1
45,23,78,5,1,1
45,24,82,33,1,1
45,25,81,21,1,1
45,26,116,13,1,1
45,27,104,15,1,1
45,28,101,15,1,1
45,29,61,25,1,1
45,30,86,16,1,1
45,31,108,19,1,1
45,32,113,18,1,1
46,1,82,33,1,1
46,2,68,16,1,1
46,3,106,9,1,1
46,4,115,16,1,1
46,5,105,9,1,1
46,6,84,21,1,1
46,7,96,18,1,1
46,8,112,18,1,1
46,9,61,25,1,1
46,10,110,20,1,1
46,11,74,16,1,1
46,12,114,14,1,1
46,13,88,10,1,1
46,14,70,14,1,1
46,15,63,31,1,1
46,16,81,21,1,1
46,17,85,20,1,1
46,18,109,16,1,1
46,19,95,21,1,1
46,20,83,27,1,1
46,21,72,12,1,1
46,22,116,13,1,1
46,23,92,13,1,1
46,24,80,12,1,1
46,25,87,19,1,1
46,26,98,21,1,1
46,27,94,16,1,1
46,28,99,18,1,1
46,29,79,17,1,1
46,30,100,20,1,1
46,31,89,11,1,1
46,32,119,24,1,1
47,1,69,8,1,1
47,2,103,8,1,1
47,3,91,5,1,1
47,4,111,10,1,1
47,5,90,7,1,1
47,6,79,17,1,1
47,7,77,18,1,1
47,8,118,20,1,1
47,9,93,14,1,1
47,10,117,17,1,1
47,11,85,20,1,1
47,12,106,9,1,1
47,13,75,14,1,1
47,14,97,26,1,1
47,15,68,16,1,1
47,16,112,18,1,1
47,17,101,15,1,1
47,18,87,19,1,1
47,19,110,20,1,1
47,20,82,33,1,1
47,21,94,16,1,1
47,22,73,15,1,1
47,23,115,16,1,1
47,24,72,12,1,1
47,25,114,14,1,1
47,26,99,18,1,1
47,27,86,16,1,1
47,28,105,9,1,1
47,29,104,15,1,1
47,30,74,16,1,1
47,31,95,21,1,1
47,32,64,22,1,1
48,1,99,18,1,1
48,2,67,16,1,1
48,3,82,33,1,1
48,4,108,19,1,1
48,5,80,12,1,1
48,6,119,24,1,1
48,7,62,17,1,1
48,8,113,18,1,1
48,9,92,13,1,1
48,10,77,18,1,1
48,11,112,18,1,1
48,12,73,15,1,1
48,13,114,14,1,1
48,14,63,31,1,1
48,15,102,10,1,1
48,16,84,21,1,1
48,17,61,25,1,1
48,18,110,20,1,1
48,19,64,22,1,1
48,20,78,5,1,1
48,21,97,26,1,1
48,22,79,17,1,1
48,23,106,9,1,1
48,24,116,13,1,1
48,25,118,20,1,1
48,26,76,12,1,1
48,27,117,17,1,1
48,28,88,10,1,1
48,29,107,9,1,1
48,30,103,8,1,1
48,31,100,20,1,1
48,32,109,16,1,1
49,1,61,25,1,1
49,2,64,22,1,1
49,3,78,5,1,1
49,4,92,13,1,1
49,5,65,19,1,1
49,6,81,21,1,1
49,7,105,9,1,1
49,8,84,21,1,1
49,9,73,15,1,1
49,10,110,20,1,1
49,11,87,19,1,1
49,12,86,16,1,1
49,13,112,18,1,1
49,14,91,5,1,1
49,15,69,8,1,1
49,16,115,16,1,1
49,17,108,19,1,1
49,18,70,14,1,1
49,19,63,31,1,1
49,20,109,16,1,1
49,21,79,17,1,1
49,22,102,10,1,1
49,23,116,13,1,1
49,24,76,12,1,1
49,25,113,18,1,1
49,26,107,9,1,1
49,27,82,33,1,1
49,28,67,16,1,1
49,29,95,21,1,1
49,30,89,11,1,1
49,31,75,14,1,1
49,32,88,10,1,1
50,1,94,16,1,1
50,2,90,7,1,1
50,3,96,18,1,1
50,4,105,9,1,1
50,5,75,14,1,1
50,6,119,24,1,1
50,7,77,18,1,1
50,8,93,14,1,1
50,9,71,7,1,1
50,10,62,17,1,1
50,11,66,22,1,1
50,12,100,20,1,1
50,13,111,10,1,1
50,14,65,19,1,1
50,15,80,12,1,1
50,16,76,12,1,1
50,17,83,27,1,1
50,18,104,15,1,1
50,19,101,15,1,1
50,20,98,21,1,1
50,21,109,16,1,1
50,22,118,20,1,1
50,23,115,16,1,1
50,24,81,21,1,1
50,25,107,9,1,1
50,26,110,20,1,1
50,27,113,18,1,1
50,28,74,16,1,1
50,29,97,26,1,1
50,30,70,14,1,1
50,31,95,21,1,1
50,32,116,13,1,1
51,1,75,14,1,1
51,2,61,25,1,1
51,3,89,11,1,1
51,4,84,21,1,1
51,5,77,18,1,1
51,6,73,15,1,1
51,7,97,26,1,1
51,8,102,10,1,1
51,9,92,13,1,1
51,10,114,14,1,1
51,11,69,8,1,1
51,12,83,27,1,1
51,13,63,31,1,1
51,14,68,16,1,1
51,15,118,20,1,1
51,16,117,17,1,1
51,17,95,21,1,1
51,18,82,33,1,1
51,19,104,15,1,1
51,20,91,5,1,1
51,21,94,16,1,1
51,22,62,17,1,1
51,23,90,7,1,1
51,24,100,20,1,1
51,25,72,12,1,1
51,26,110,20,1,1
51,27,107,9,1,1
51,28,96,18,1,1
51,29,81,21,1,1
51,30,79,17,1,1
51,31,99,18,1,1
51,32,120,11,1,1
52,1,90,7,1,1
52,2,65,19,1,1
52,3,64,22,1,1
52,4,111,10,1,1
52,5,67,16,1,1
52,6,91,5,1,1
52,7,109,16,1,1
52,8,72,12,1,1
52,9,107,9,1,1
52,10,89,11,1,1
52,11,108,19,1,1
52,12,112,18,1,1
52,13,117,17,1,1
52,14,84,21,1,1
52,15,93,14,1,1
52,16,62,17,1,1
52,17,73,15,1,1
52,18,81,21,1,1
52,19,77,18,1,1
52,20,78,5,1,1
52,21,102,10,1,1
52,22,116,13,1,1
52,23,68,16,1,1
52,24,103,8,1,1
52,25,94,16,1,1
52,26,104,15,1,1
52,27,83,27,1,1
52,28,66,22,1,1
52,29,100,20,1,1
52,30,85,20,1,1
52,31,86,16,1,1
52,32,79,17,1,1
53,1,97,26,1,1
53,2,112,18,1,1
53,3,69,8,1,1
53,4,110,20,1,1
53,5,101,15,1,1
53,6,73,15,1,1
53,7,89,11,1,1
53,8,105,9,1,1
53,9,98,21,1,1
53,10,117,17,1,1
53,11,100,20,1,1
53,12,94,16,1,1
53,13,80,12,1,1
53,14,118,20,1,1
53,15,91,5,1,1
53,16,96,18,1,1
53,17,83,27,1,1
53,18,102,10,1,1
53,19,87,19,1,1
53,20,108,19,1,1
53,21,95,21,1,1
53,22,82,33,1,1
53,23,75,14,1,1
53,24,119,24,1,1
53,25,109,16,1,1
53,26,61,25,1,1
53,27,99,18,1,1
53,28,81,21,1,1
53,29,68,16,1,1
53,30,107,9,1,1
53,31,76,12,1,1
53,32,104,15,1,1
54,1,82,33,1,1
54,2,105,9,1,1
54,3,61,25,1,1
54,4,119,24,1,1
54,5,116,13,1,1
54,6,86,16,1,1
54,7,114,14,1,1
54,8,89,11,1,1
54,9,92,13,1,1
54,10,97,26,1,1
54,11,120,11,1,1
54,12,64,22,1,1
54,13,96,18,1,1
54,14,77,18,1,1
54,15,81,21,1,1
54,16,78,5,1,1
54,17,106,9,1,1
54,18,73,15,1,1
54,19,85,20,1,1
54,20,108,19,1,1
54,21,117,17,1,1
54,22,68,16,1,1
54,23,90,7,1,1
54,24,115,16,1,1
54,25,84,21,1,1
54,26,112,18,1,1
54,27,110,20,1,1
54,28,83,27,1,1
54,29,63,31,1,1
54,30,79,17,1,1
54,31,80,12,1,1
54,32,100,20,1,1
55,1,113,18,1,1
55,2,65,19,1,1
55,3,115,16,1,1
55,4,64,22,1,1
55,5,72,12,1,1
55,6,110,20,1,1
55,7,119,24,1,1
55,8,73,15,1,1
55,9,102,10,1,1
55,10,85,20,1,1
55,11,61,25,1,1
55,12,81,21,1,1
55,13,87,19,1,1
55,14,109,16,1,1
55,15,83,27,1,1
55,16,67,16,1,1
55,17,78,5,1,1
55,18,103,8,1,1
55,19,105,9,1,1
55,20,116,13,1,1
55,21,93,14,1,1
55,22,90,7,1,1
55,23,98,21,1,1
55,24,66,22,1,1
55,25,88,10,1,1
55,26,70,14,1,1
55,27,89,11,1,1
55,28,80,12,1,1
55,29,71,7,1,1
55,30,100,20,1,1
55,31,94,16,1,1
55,32,82,33,1,1
56,1,80,12,1,1
56,2,111,10,1,1
56,3,92,13,1,1
56,4,67,16,1,1
56,5,63,31,1,1
56,6,78,5,1,1
56,7,97,26,1,1
56,8,85,20,1,1
56,9,120,11,1,1
56,10,105,9,1,1
56,11,94,16,1,1
56,12,113,18,1,1
56,13,64,22,1,1
56,14,84,21,1,1
56,15,81,21,1,1
56,16,98,21,1,1
56,17,104,15,1,1
56,18,118,20,1,1
56,19,77,18,1,1
56,20,89,11,1,1
56,21,68,16,1,1
56,22,90,7,1,1
56,23,108,19,1,1
56,24,101,15,1,1
56,25,117,17,1,1
56,26,96,18,1,1
56,27,82,33,1,1
56,28,73,15,1,1
56,29,95,21,1,1
56,30,83,27,1,1
56,31,102,10,1,1
56,32,76,12,1,1
57,1,81,21,1,1
57,2,108,19,1,1
57,3,75,14,1,1
57,4,61,25,1,1
57,5,104,15,1,1
57,6,120,11,1,1
57,7,83,27,1,1
57,8,103,8,1,1
57,9,114,14,1,1
57,10,93,14,1,1
57,11,64,22,1,1
57,12,66,22,1,1
57,13,102,10,1,1
57,14,112,18,1,1
57,15,107,9,1,1
57,16,115,16,1,1
57,17,106,9,1,1
57,18,85,20,1,1
57,19,87,19,1,1
57,20,116,13,1,1
57,21,96,18,1,1
57,22,77,18,1,1
57,23,110,20,1,1
57,24,95,21,1,1
57,25,86,16,1,1
57,26,72,12,1,1
57,27,73,15,1,1
57,28,63,31,1,1
57,29,91,5,1,1
57,30,98,21,1,1
57,31,76,12,1,1
57,32,118,20,1,1
58,1,103,8,1,1
58,2,85,20,1,1
58,3,89,11,1,1
58,4,78,5,1,1
58,5,99,18,1,1
58,6,118,20,1,1
58,7,92,13,1,1
58,8,64,22,1,1
58,9,110,20,1,1
58,10,71,7,1,1
58,11,76,12,1,1
58,12,62,17,1,1
58,13,80,12,1,1
58,14,102,10,1,1
58,15,69,8,1,1
58,16,61,25,1,1
58,17,66,22,1,1
58,18,114,14,1,1
58,19,70,14,1,1
58,20,94,16,1,1
58,21,67,16,1,1
58,22,83,27,1,1
58,23,73,15,1,1
58,24,95,21,1,1
58,25,108,19,1,1
58,26,87,19,1,1
58,27,77,18,1,1
58,28,112,18,1,1
58,29,79,17,1,1
58,30,106,9,1,1
58,31,90,7,1,1
58,32,84,21,1,1
59,1,79,17,1,1
59,2,104,15,1,1
59,3,76,12,1,1
59,4,78,5,1,1
59,5,107,9,1,1
59,6,110,20,1,1
59,7,82,33,1,1
59,8,101,15,1,1
59,9,81,21,1,1
59,10,92,13,1,1
59,11,71,7,1,1
59,12,62,17,1,1
59,13,103,8,1,1
59,14,93,14,1,1
59,15,65,19,1,1
59,16,117,17,1,1
59,17,114,14,1,1
59,18,118,20,1,1
59,19,106,9,1,1
59,20,83,27,1,1
59,21,74,16,1,1
59,22,116,13,1,1
59,23,95,21,1,1
59,24,99,18,1,1
59,25,109,16,1,1
59,26,80,12,1,1
59,27,102,10,1,1
59,28,115,16,1,1
59,29,72,12,1,1
59,30,89,11,1,1
59,31,98,21,1,1
59,32,67,16,1,1
60,1,66,22,1,1
60,2,97,26,1,1
60,3,103,8,1,1
60,4,88,10,1,1
60,5,98,21,1,1
60,6,117,17,1,1
60,7,74,16,1,1
60,8,90,7,1,1
60,9,80,12,1,1
60,10,84,21,1,1
60,11,87,19,1,1
60,12,114,14,1,1
60,13,73,15,1,1
60,14,70,14,1,1
60,15,107,9,1,1
60,16,61,25,1,1
60,17,106,9,1,1
60,18,95,21,1,1
60,19,119,24,1,1
60,20,99,18,1,1
60,21,94,16,1,1
60,22,67,16,1,1
60,23,76,12,1,1
60,24,72,12,1,1
60,25,79,17,1,1
60,26,110,20,1,1
60,27,89,11,1,1
60,28,85,20,1,1
60,29,93,14,1,1
60,30,68,16,1,1
60,31,91,5,1,1
60,32,96,18,1,1
61,1,71,7,1,1
61,2,106,9,1,1
61,3,113,18,1,1
61,4,85,20,1,1
61,5,118,20,1,1
61,6,77,18,1,1
61,7,108,19,1,1
61,8,115,16,1,1
61,9,102,10,1,1
61,10,90,7,1,1
61,11,104,15,1,1
61,12,64,22,1,1
61,13,84,21,1,1
61,14,83,27,1,1
61,15,70,14,1,1
61,16,109,16,1,1
61,17,78,5,1,1
61,18,82,33,1,1
61,19,88,10,1,1
61,20,86,16,1,1
61,21,75,14,1,1
61,22,99,18,1,1
61,23,66,22,1,1
61,24,67,16,1,1
61,25,61,25,1,1
61,26,100,20,1,1
61,27,63,31,1,1
61,28,96,18,1,1
61,29,120,11,1,1
61,30,68,16,1,1
61,31,91,5,1,1
61,32,116,13,1,1
62,1,106,9,1,1
62,2,99,18,1,1
62,3,73,15,1,1
62,4,82,33,1,1
62,5,116,13,1,1
62,6,76,12,1,1
62,7,107,9,1,1
62,8,110,20,1,1
62,9,120,11,1,1
62,10,86,16,1,1
62,11,64,22,1,1
62,12,118,20,1,1
62,13,63,31,1,1
62,14,117,17,1,1
62,15,66,22,1,1
62,16,68,16,1,1
62,17,111,10,1,1
62,18,79,17,1,1
62,19,104,15,1,1
62,20,71,7,1,1
62,21,93,14,1,1
62,22,75,14,1,1
62,23,91,5,1,1
62,24,81,21,1,1
62,25,85,20,1,1
62,26,94,16,1,1
62,27,112,18,1,1
62,28,65,19,1,1
62,29,101,15,1,1
62,30,67,16,1,1
62,31,97,26,1,1
62,32,96,18,1,1
63,1,81,21,1,1
63,2,101,15,1,1
63,3,106,9,1,1
63,4,96,18,1,1
63,5,119,24,1,1
63,6,89,11,1,1
63,7,109,16,1,1
63,8,102,10,1,1
63,9,114,14,1,1
63,10,104,15,1,1
63,11,99,18,1,1
63,12,110,20,1,1
63,13,82,33,1,1
63,14,113,18,1,1
63,15,73,15,1,1
63,16,117,17,1,1
63,17,112,18,1,1
63,18,78,5,1,1
63,19,76,12,1,1
63,20,74,16,1,1
63,21,115,16,1,1
63,22,105,9,1,1
63,23,77,18,1,1
63,24,67,16,1,1
63,25,93,14,1,1
63,26,100,20,1,1
63,27,70,14,1,1
63,28,84,21,1,1
63,29,87,19,1,1
63,30,103,8,1,1
63,31,75,14,1,1
63,32,91,5,1,1
64,1,77,18,1,1
64,2,108,19,1,1
64,3,114,14,1,1
64,4,85,20,1,1
64,5,80,12,1,1
64,6,99,18,1,1
64,7,107,9,1,1
64,8,78,5,1,1
64,9,109,16,1,1
64,10,84,21,1,1
64,11,88,10,1,1
64,12,105,9,1,1
64,13,115,16,1,1
64,14,82,33,1,1
64,15,63,31,1,1
64,16,87,19,1,1
64,17,73,15,1,1
64,18,70,14,1,1
64,19,69,8,1,1
64,20,94,16,1,1
64,21,91,5,1,1
64,22,93,14,1,1
64,23,65,19,1,1
64,24,90,7,1,1
64,25,97,26,1,1
64,26,86,16,1,1
64,27,117,17,1,1
64,28,92,13,1,1
64,29,111,10,1,1
64,30,102,10,1,1
64,31,120,11,1,1
64,32,67,16,1,1
65,1,95,21,1,1
65,2,65,19,1,1
65,3,112,18,1,1
65,4,70,14,1,1
65,5,108,19,1,1
65,6,97,26,1,1
65,7,106,9,1,1
65,8,115,16,1,1
65,9,88,10,1,1
65,10,93,14,1,1
65,11,81,21,1,1
65,12,82,33,1,1
65,13,67,16,1,1
65,14,83,27,1,1
65,15,69,8,1,1
65,16,100,20,1,1
65,17,98,21,1,1
65,18,76,12,1,1
65,19,92,13,1,1
65,20,113,18,1,1
65,21,68,16,1,1
65,22,99,18,1,1
65,23,63,31,1,1
65,24,105,9,1,1
65,25,114,14,1,1
65,26,116,13,1,1
65,27,75,14,1,1
65,28,120,11,1,1
65,29,77,18,1,1
65,30,103,8,1,1
65,31,86,16,1,1
65,32,90,7,1,1
66,1,70,14,1,1
66,2,104,15,1,1
66,3,94,16,1,1
66,4,111,10,1,1
66,5,91,5,1,1
66,6,64,22,1,1
66,7,68,16,1,1
66,8,63,31,1,1
66,9,102,10,1,1
66,10,115,16,1,1
66,11,74,16,1,1
66,12,77,18,1,1
66,13,114,14,1,1
66,14,95,21,1,1
66,15,96,18,1,1
66,16,89,11,1,1
66,17,112,18,1,1
66,18,79,17,1,1
66,19,81,21,1,1
66,20,100,20,1,1
66,21,78,5,1,1
66,22,62,17,1,1
66,23,75,14,1,1
66,24,69,8,1,1
66,25,83,27,1,1
66,26,86,16,1,1
66,27,71,7,1,1
66,28,61,25,1,1
66,29,92,13,1,1
66,30,85,20,1,1
66,31,65,19,1,1
66,32,82,33,1,1
67,1,95,21,1,1
67,2,90,7,1,1
67,3,104,15,1,1
67,4,113,18,1,1
67,5,86,16,1,1
67,6,96,18,1,1
67,7,80,12,1,1
67,8,85,20,1,1
67,9,97,26,1,1
67,10,71,7,1,1
67,11,70,14,1,1
67,12,117,17,1,1
67,13,78,5,1,1
67,14,93,14,1,1
67,15,74,16,1,1
67,16,102,10,1,1
67,17,88,10,1,1
67,18,83,27,1,1
67,19,109,16,1,1
67,20,81,21,1,1
67,21,116,13,1,1
67,22,107,9,1,1
67,23,115,16,1,1
67,24,103,8,1,1
67,25,92,13,1,1
67,26,91,5,1,1
67,27,62,17,1,1
67,28,114,14,1,1
67,29,111,10,1,1
67,30,99,18,1,1
67,31,67,16,1,1
67,32,100,20,1,1
68,1,76,12,1,1
68,2,61,25,1,1
68,3,64,22,1,1
68,4,96,18,1,1
68,5,71,7,1,1
68,6,88,10,1,1
68,7,106,9,1,1
68,8,80,12,1,1
68,9,95,21,1,1
68,10,119,24,1,1
68,11,120,11,1,1
68,12,73,15,1,1
68,13,113,18,1,1
68,14,87,19,1,1
68,15,84,21,1,1
68,16,81,21,1,1
68,17,109,16,1,1
68,18,78,5,1,1
68,19,70,14,1,1
68,20,118,20,1,1
68,21,102,10,1,1
68,22,97,26,1,1
68,23,91,5,1,1
68,24,115,16,1,1
68,25,99,18,1,1
68,26,110,20,1,1
68,27,112,18,1,1
68,28,108,19,1,1
68,29,75,14,1,1
68,30,105,9,1,1
68,31,86,16,1,1
68,32,74,16,1,1
69,1,99,18,1,1
69,2,87,19,1,1
69,3,107,9,1,1
69,4,100,20,1,1
69,5,101,15,1,1
69,6,79,17,1,1
69,7,95,21,1,1
69,8,108,19,1,1
69,9,69,8,1,1
69,10,98,21,1,1
69,11,113,18,1,1
69,12,96,18,1,1
69,13,74,16,1,1
69,14,80,12,1,1
69,15,66,22,1,1
69,16,116,13,1,1
69,17,77,18,1,1
69,18,82,33,1,1
69,19,85,20,1,1
69,20,92,13,1,1
69,21,75,14,1,1
69,22,104,15,1,1
69,23,84,21,1,1
69,24,78,5,1,1
69,25,89,11,1,1
69,26,61,25,1,1
69,27,117,17,1,1
69,28,91,5,1,1
69,29,112,18,1,1
69,30,114,14,1,1
69,31,109,16,1,1
69,32,90,7,1,1
70,1,104,15,1,1
70,2,65,19,1,1
70,3,110,20,1,1
70,4,67,16,1,1
70,5,80,12,1,1
70,6,114,14,1,1
70,7,120,11,1,1
70,8,79,17,1,1
70,9,99,18,1,1
70,10,106,9,1,1
70,11,82,33,1,1
70,12,86,16,1,1
70,13,69,8,1,1
70,14,70,14,1,1
70,15,83,27,1,1
70,16,112,18,1,1
70,17,63,31,1,1
70,18,94,16,1,1
70,19,98,21,1,1
70,20,90,7,1,1
70,21,66,22,1,1
70,22,81,21,1,1
70,23,111,10,1,1
70,24,73,15,1,1
70,25,61,25,1,1
70,26,95,21,1,1
70,27,102,10,1,1
70,28,105,9,1,1
70,29,71,7,1,1
70,30,89,11,1,1
70,31,109,16,1,1
70,32,103,8,1,1
71,1,79,17,1,1
71,2,80,12,1,1
71,3,81,21,1,1
71,4,62,17,1,1
71,5,74,16,1,1
71,6,120,11,1,1
71,7,105,9,1,1
71,8,73,15,1,1
71,9,109,16,1,1
71,10,76,12,1,1
71,11,102,10,1,1
71,12,61,25,1,1
71,13,75,14,1,1
71,14,94,16,1,1
71,15,115,16,1,1
71,16,86,16,1,1
71,17,95,21,1,1
71,18,71,7,1,1
71,19,118,20,1,1
71,20,83,27,1,1
71,21,101,15,1,1
71,22,111,10,1,1
71,23,88,10,1,1
71,24,78,5,1,1
71,25,113,18,1,1
71,26,97,26,1,1
71,27,85,20,1,1
71,28,98,21,1,1
71,29,66,22,1,1
71,30,89,11,1,1
71,31,114,14,1,1
71,32,96,18,1,1
72,1,79,17,1,1
72,2,85,20,1,1
72,3,95,21,1,1
72,4,104,15,1,1
72,5,69,8,1,1
72,6,63,31,1,1
72,7,81,21,1,1
72,8,120,11,1,1
72,9,70,14,1,1
72,10,118,20,1,1
72,11,92,13,1,1
72,12,108,19,1,1
72,13,111,10,1,1
72,14,87,19,1,1
72,15,115,16,1,1
72,16,105,9,1,1
72,17,64,22,1,1
72,18,65,19,1,1
72,19,100,20,1,1
72,20,117,17,1,1
72,21,67,16,1,1
72,22,83,27,1,1
72,23,113,18,1,1
72,24,73,15,1,1
72,25,86,16,1,1
72,26,107,9,1,1
72,27,114,14,1,1
72,28,71,7,1,1
72,29,61,25,1,1
72,30,82,33,1,1
72,31,109,16,1,1
72,32,90,7,1,1
73,1,118,20,1,1
73,2,90,7,1,1
73,3,109,16,1,1
73,4,62,17,1,1
73,5,119,24,1,1
73,6,98,21,1,1
73,7,97,26,1,1
73,8,99,18,1,1
73,9,120,11,1,1
73,10,76,12,1,1
73,11,112,18,1,1
73,12,86,16,1,1
73,13,91,5,1,1
73,14,89,11,1,1
73,15,94,16,1,1
73,16,113,18,1,1
73,17,61,25,1,1
73,18,103,8,1,1
73,19,114,14,1,1
73,20,83,27,1,1
73,21,108,19,1,1
73,22,101,15,1,1
73,23,84,21,1,1
73,24,67,16,1,1
73,25,63,31,1,1
73,26,78,5,1,1
73,27,68,16,1,1
73,28,72,12,1,1
73,29,116,13,1,1
73,30,81,21,1,1
73,31,73,15,1,1
73,32,100,20,1,1
74,1,106,9,1,1
74,2,96,18,1,1
74,3,114,14,1,1
74,4,76,12,1,1
74,5,97,26,1,1
74,6,99,18,1,1
74,7,110,20,1,1
74,8,89,11,1,1
74,9,94,16,1,1
74,10,113,18,1,1
74,11,111,10,1,1
74,12,93,14,1,1
74,13,67,16,1,1
74,14,64,22,1,1
74,15,119,24,1,1
74,16,112,18,1,1
74,17,79,17,1,1
74,18,84,21,1,1
74,19,65,19,1,1
74,20,95,21,1,1
74,21,98,21,1,1
74,22,109,16,1,1
74,23,81,21,1,1
74,24,86,16,1,1
74,25,115,16,1,1
74,26,77,18,1,1
74,27,90,7,1,1
74,28,78,5,1,1
74,29,107,9,1,1
74,30,62,17,1,1
74,31,75,14,1,1
74,32,101,15,1,1
75,1,68,16,1,1
75,2,90,7,1,1
75,3,98,21,1,1
75,4,119,24,1,1
75,5,105,9,1,1
75,6,96,18,1,1
75,7,100,20,1,1
75,8,89,11,1,1
75,9,72,12,1,1
75,10,82,33,1,1
75,11,73,15,1,1
75,12,101,15,1,1
75,13,91,5,1,1
75,14,114,14,1,1
75,15,69,8,1,1
75,16,84,21,1,1
75,17,63,31,1,1
75,18,112,18,1,1
75,19,118,20,1,1
75,20,83,27,1,1
75,21,103,8,1,1
75,22,95,21,1,1
75,23,71,7,1,1
75,24,102,10,1,1
75,25,94,16,1,1
75,26,77,18,1,1
75,27,87,19,1,1
75,28,93,14,1,1
75,29,65,19,1,1
75,30,88,10,1,1
75,31,86,16,1,1
75,32,107,9,1,1
76,1,115,16,1,1
76,2,116,13,1,1
76,3,65,19,1,1
76,4,76,12,1,1
76,5,97,26,1,1
76,6,85,20,1,1
76,7,119,24,1,1
76,8,101,15,1,1
76,9,68,16,1,1
76,10,69,8,1,1
76,11,84,21,1,1
76,12,94,16,1,1
76,13,103,8,1,1
76,14,88,10,1,1
76,15,114,14,1,1
76,16,67,16,1,1
76,17,83,27,1,1
76,18,120,11,1,1
76,19,93,14,1,1
76,20,62,17,1,1
76,21,106,9,1,1
76,22,112,18,1,1
76,23,72,12,1,1
76,24,86,16,1,1
76,25,90,7,1,1
76,26,70,14,1,1
76,27,89,11,1,1
76,28,105,9,1,1
76,29,102,10,1,1
76,30,104,15,1,1
76,31,109,16,1,1
76,32,99,18,1,1
77,1,104,15,1,1
77,2,94,16,1,1
77,3,102,10,1,1
77,4,82,33,1,1
77,5,103,8,1,1
77,6,85,20,1,1
77,7,107,9,1,1
77,8,79,17,1,1
77,9,99,18,1,1
77,10,108,19,1,1
77,11,74,16,1,1
77,12,65,19,1,1
77,13,63,31,1,1
77,14,64,22,1,1
77,15,61,25,1,1
77,16,111,10,1,1
77,17,109,16,1,1
77,18,78,5,1,1
77,19,96,18,1,1
77,20,101,15,1,1
77,21,98,21,1,1
77,22,117,17,1,1
77,23,73,15,1,1
77,24,67,16,1,1
77,25,76,12,1,1
77,26,62,17,1,1
77,27,116,13,1,1
77,28,66,22,1,1
77,29,106,9,1,1
77,30,88,10,1,1
77,31,90,7,1,1
77,32,118,20,1,1
78,1,96,18,1,1
78,2,85,20,1,1
78,3,84,21,1,1
78,4,62,17,1,1
78,5,113,18,1,1
78,6,97,26,1,1
78,7,99,18,1,1
78,8,105,9,1,1
78,9,64,22,1,1
78,10,61,25,1,1
78,11,94,16,1,1
78,12,65,19,1,1
78,13,110,20,1,1
78,14,78,5,1,1
78,15,109,16,1,1
78,16,103,8,1,1
78,17,106,9,1,1
78,18,92,13,1,1
78,19,116,13,1,1
78,20,63,31,1,1
78,21,115,16,1,1
78,22,118,20,1,1
78,23,75,14,1,1
78,24,79,17,1,1
78,25,73,15,1,1
78,26,69,8,1,1
78,27,90,7,1,1
78,28,95,21,1,1
78,29,74,16,1,1
78,30,114,14,1,1
78,31,93,14,1,1
78,32,91,5,1,1
79,1,94,16,1,1
79,2,103,8,1,1
79,3,113,18,1,1
79,4,79,17,1,1
79,5,96,18,1,1
79,6,68,16,1,1
79,7,98,21,1,1
79,8,108,19,1,1
79,9,61,25,1,1
79,10,95,21,1,1
79,11,69,8,1,1
79,12,117,17,1,1
79,13,109,16,1,1
79,14,97,26,1,1
79,15,84,21,1,1
79,16,71,7,1,1
79,17,80,12,1,1
79,18,104,15,1,1
79,19,90,7,1,1
79,20,112,18,1,1
79,21,92,13,1,1
79,22,65,19,1,1
79,23,86,16,1,1
79,24,76,12,1,1
79,25,93,14,1,1
79,26,81,21,1,1
79,27,63,31,1,1
79,28,101,15,1,1
79,29,120,11,1,1
79,30,78,5,1,1
79,31,115,16,1,1
79,32,73,15,1,1
80,1,91,5,1,1
80,2,84,21,1,1
80,3,106,9,1,1
80,4,109,16,1,1
80,5,101,15,1,1
80,6,85,20,1,1
80,7,104,15,1,1
80,8,119,24,1,1
80,9,92,13,1,1
80,10,117,17,1,1
80,11,70,14,1,1
80,12,112,18,1,1
80,13,79,17,1,1
80,14,87,19,1,1
80,15,77,18,1,1
80,16,67,16,1,1
80,17,80,12,1,1
80,18,113,18,1,1
80,19,72,12,1,1
80,20,76,12,1,1
80,21,98,21,1,1
80,22,90,7,1,1
80,23,99,18,1,1
80,24,69,8,1,1
80,25,108,19,1,1
80,26,116,13,1,1
80,27,83,27,1,1
80,28,89,11,1,1
80,29,66,22,1,1
80,30,111,10,1,1
80,31,95,21,1,1
80,32,110,20,1,1
81,1,72,12,1,1
81,2,98,21,1,1
81,3,82,33,1,1
81,4,96,18,1,1
81,5,78,5,1,1
81,6,68,16,1,1
81,7,75,14,1,1
81,8,66,22,1,1
81,9,73,15,1,1
81,10,85,20,1,1
81,11,87,19,1,1
81,12,65,19,1,1
81,13,115,16,1,1
81,14,107,9,1,1
81,15,93,14,1,1
81,16,114,14,1,1
81,17,117,17,1,1
81,18,97,26,1,1
81,19,76,12,1,1
81,20,112,18,1,1
81,21,71,7,1,1
81,22,95,21,1,1
81,23,116,13,1,1
81,24,77,18,1,1
81,25,100,20,1,1
81,26,110,20,1,1
81,27,88,10,1,1
81,28,109,16,1,1
81,29,111,10,1,1
81,30,61,25,1,1
81,31,120,11,1,1
81,32,113,18,1,1
82,1,109,16,1,1
82,2,83,27,1,1
82,3,82,33,1,1
82,4,96,18,1,1
82,5,120,11,1,1
82,6,107,9,1,1
82,7,74,16,1,1
82,8,99,18,1,1
82,9,85,20,1,1
82,10,65,19,1,1
82,11,117,17,1,1
82,12,90,7,1,1
82,13,61,25,1,1
82,14,66,22,1,1
82,15,111,10,1,1
82,16,115,16,1,1
82,17,87,19,1,1
82,18,92,13,1,1
82,19,106,9,1,1
82,20,113,18,1,1
82,21,94,16,1,1
82,22,104,15,1,1
82,23,64,22,1,1
82,24,84,21,1,1
82,25,75,14,1,1
82,26,103,8,1,1
82,27,68,16,1,1
82,28,70,14,1,1
82,29,73,15,1,1
82,30,95,21,1,1
82,31,71,7,1,1
82,32,62,17,1,1
83,1,99,18,1,1
83,2,81,21,1,1
83,3,100,20,1,1
83,4,89,11,1,1
83,5,114,14,1,1
83,6,96,18,1,1
83,7,65,19,1,1
83,8,118,20,1,1
83,9,108,19,1,1
83,10,112,18,1,1
83,11,119,24,1,1
83,12,83,27,1,1
83,13,77,18,1,1
83,14,111,10,1,1
83,15,72,12,1,1
83,16,69,8,1,1
83,17,93,14,1,1
83,18,103,8,1,1
83,19,97,26,1,1
83,20,113,18,1,1
83,21,101,15,1,1
83,22,88,10,1,1
83,23,67,16,1,1
83,24,61,25,1,1
83,25,71,7,1,1
83,26,75,14,1,1
83,27,95,21,1,1
83,28,70,14,1,1
83,29,106,9,1,1
83,30,91,5,1,1
83,31,102,10,1,1
83,32,74,16,1,1
84,1,71,7,1,1
84,2,87,19,1,1
84,3,93,14,1,1
84,4,80,12,1,1
84,5,117,17,1,1
84,6,98,21,1,1
84,7,63,31,1,1
84,8,84,21,1,1
84,9,82,33,1,1
84,10,90,7,1,1
84,11,91,5,1,1
84,12,88,10,1,1
84,13,92,13,1,1
84,14,119,24,1,1
84,15,65,19,1,1
84,16,73,15,1,1
84,17,118,20,1,1
84,18,83,27,1,1
84,19,96,18,1,1
84,20,106,9,1,1
84,21,101,15,1,1
84,22,78,5,1,1
84,23,89,11,1,1
84,24,77,18,1,1
84,25,86,16,1,1
84,26,103,8,1,1
84,27,105,9,1,1
84,28,95,21,1,1
84,29,67,16,1,1
84,30,116,13,1,1
84,31,61,25,1,1
84,32,111,10,1,1
85,1,75,14,1,1
85,2,66,22,1,1
85,3,116,13,1,1
85,4,82,33,1,1
85,5,97,26,1,1
85,6,88,10,1,1
85,7,111,10,1,1
85,8,114,14,1,1
85,9,67,16,1,1
85,10,73,15,1,1
85,11,80,12,1,1
85,12,102,10,1,1
85,13,78,5,1,1
85,14,105,9,1,1
85,15,109,16,1,1
85,16,95,21,1,1
85,17,68,16,1,1
85,18,106,9,1,1
85,19,98,21,1,1
85,20,110,20,1,1
85,21,107,9,1,1
85,22,64,22,1,1
85,23,63,31,1,1
85,24,93,14,1,1
85,25,70,14,1,1
85,26,104,15,1,1
85,27,61,25,1,1
85,28,89,11,1,1
85,29,87,19,1,1
85,30,84,21,1,1
85,31,103,8,1,1
85,32,120,11,1,1
86,1,99,18,1,1
86,2,92,13,1,1
86,3,113,18,1,1
86,4,64,22,1,1
86,5,66,22,1,1
86,6,68,16,1,1
86,7,89,11,1,1
86,8,91,5,1,1
86,9,103,8,1,1
86,10,86,16,1,1
86,11,118,20,1,1
86,12,77,18,1,1
86,13,120,11,1,1
86,14,98,21,1,1
86,15,105,9,1,1
86,16,83,27,1,1
86,17,94,16,1,1
86,18,106,9,1,1
86,19,102,10,1,1
86,20,82,33,1,1
86,21,111,10,1,1
86,22,114,14,1,1
86,23,67,16,1,1
86,24,100,20,1,1
86,25,72,12,1,1
86,26,74,16,1,1
86,27,115,16,1,1
86,28,97,26,1,1
86,29,110,20,1,1
86,30,101,15,1,1
86,31,107,9,1,1
86,32,108,19,1,1
87,1,106,9,1,1
87,2,75,14,1,1
87,3,97,26,1,1
87,4,70,14,1,1
87,5,120,11,1,1
87,6,61,25,1,1
87,7,101,15,1,1
87,8,102,10,1,1
87,9,88,10,1,1
87,10,105,9,1,1
87,11,82,33,1,1
87,12,90,7,1,1
87,13,81,21,1,1
87,14,108,19,1,1
87,15,117,17,1,1
87,16,118,20,1,1
87,17,96,18,1,1
87,18,104,15,1,1
87,19,119,24,1,1
87,20,89,11,1,1
87,21,68,16,1,1
87,22,71,7,1,1
87,23,83,27,1,1
87,24,93,14,1,1
87,25,78,5,1,1
87,26,80,12,1,1
87,27,87,19,1,1
87,28,94,16,1,1
87,29,111,10,1,1
87,30,112,18,1,1
87,31,107,9,1,1
87,32,85,20,1,1
88,1,110,20,1,1
88,2,67,16,1,1
88,3,111,10,1,1
88,4,116,13,1,1
88,5,105,9,1,1
88,6,89,11,1,1
88,7,74,16,1,1
88,8,80,12,1,1
88,9,108,19,1,1
88,10,63,31,1,1
88,11,112,18,1,1
88,12,96,18,1,1
88,13,114,14,1,1
88,14,100,20,1,1
88,15,86,16,1,1
88,16,117,17,1,1
88,17,113,18,1,1
88,18,79,17,1,1
88,19,103,8,1,1
88,20,66,22,1,1
88,21,70,14,1,1
88,22,62,17,1,1
88,23,77,18,1,1
88,24,75,14,1,1
88,25,65,19,1,1
88,26,120,11,1,1
88,27,98,21,1,1
88,28,95,21,1,1
88,29,93,14,1,1
88,30,85,20,1,1
88,31,107,9,1,1
88,32,109,16,1,1
89,1,102,10,1,1
89,2,87,19,1,1
89,3,88,10,1,1
89,4,97,26,1,1
89,5,107,9,1,1
89,6,103,8,1,1
89,7,94,16,1,1
89,8,114,14,1,1
89,9,63,31,1,1
89,10,115,16,1,1
89,11,86,16,1,1
89,12,62,17,1,1
89,13,65,19,1,1
89,14,68,16,1,1
89,15,61,25,1,1
89,16,79,17,1,1
89,17,66,22,1,1
89,18,77,18,1,1
89,19,85,20,1,1
89,20,70,14,1,1
89,21,73,15,1,1
89,22,109,16,1,1
89,23,80,12,1,1
89,24,108,19,1,1
89,25,96,18,1,1
89,26,72,12,1,1
89,27,98,21,1,1
89,28,99,18,1,1
89,29,113,18,1,1
89,30,91,5,1,1
89,31,118,20,1,1
89,32,104,15,1,1
90,1,101,15,1,1
90,2,103,8,1,1
90,3,73,15,1,1
90,4,86,16,1,1
90,5,61,25,1,1
90,6,99,18,1,1
90,7,104,15,1,1
90,8,93,14,1,1
90,9,89,11,1,1
90,10,78,5,1,1
90,11,77,18,1,1
90,12,120,11,1,1
90,13,114,14,1,1
90,14,92,13,1,1
90,15,102,10,1,1
90,16,72,12,1,1
90,17,118,20,1,1
90,18,63,31,1,1
90,19,66,22,1,1
90,20,74,16,1,1
90,21,96,18,1,1
90,22,64,22,1,1
90,23,105,9,1,1
90,24,68,16,1,1
90,25,106,9,1,1
90,26,119,24,1,1
90,27,69,8,1,1
90,28,115,16,1,1
90,29,76,12,1,1
90,30,91,5,1,1
90,31,109,16,1,1
90,32,82,33,1,1
91,1,78,5,1,1
91,2,82,33,1,1
91,3,74,16,1,1
91,4,100,20,1,1
91,5,61,25,1,1
91,6,120,11,1,1
91,7,111,10,1,1
91,8,63,31,1,1
91,9,117,17,1,1
91,10,109,16,1,1
91,11,75,14,1,1
91,12,98,21,1,1
91,13,73,15,1,1
91,14,90,7,1,1
91,15,72,12,1,1
91,16,113,18,1,1
91,17,92,13,1,1
91,18,69,8,1,1
91,19,118,20,1,1
91,20,112,18,1,1
91,21,64,22,1,1
91,22,70,14,1,1
91,23,85,20,1,1
91,24,103,8,1,1
91,25,110,20,1,1
91,26,76,12,1,1
91,27,115,16,1,1
91,28,114,14,1,1
91,29,119,24,1,1
91,30,62,17,1,1
91,31,93,14,1,1
91,32,80,12,1,1
92,1,70,14,1,1
92,2,62,17,1,1
92,3,102,10,1,1
92,4,76,12,1,1
92,5,77,18,1,1
92,6,103,8,1,1
92,7,63,31,1,1
92,8,67,16,1,1
92,9,85,20,1,1
92,10,117,17,1,1
92,11,109,16,1,1
92,12,101,15,1,1
92,13,111,10,1,1
92,14,92,13,1,1
92,15,82,33,1,1
92,16,120,11,1,1
92,17,61,25,1,1
92,18,118,20,1,1
92,19,79,17,1,1
92,20,104,15,1,1
92,21,74,16,1,1
92,22,114,14,1,1
92,23,105,9,1,1
92,24,65,19,1,1
92,25,68,16,1,1
92,26,75,14,1,1
92,27,89,11,1,1
92,28,78,5,1,1
92,29,71,7,1,1
92,30,100,20,1,1
92,31,73,15,1,1
92,32,115,16,1,1
93,1,110,20,1,1
93,2,82,33,1,1
93,3,66,22,1,1
93,4,80,12,1,1
93,5,79,17,1,1
93,6,62,17,1,1
93,7,107,9,1,1
93,8,65,19,1,1
93,9,88,10,1,1
93,10,94,16,1,1
93,11,74,16,1,1
93,12,64,22,1,1
93,13,90,7,1,1
93,14,76,12,1,1
93,15,113,18,1,1
93,16,78,5,1,1
93,17,93,14,1,1
93,18,104,15,1,1
93,19,68,16,1,1
93,20,109,16,1,1
93,21,95,21,1,1
93,22,91,5,1,1
93,23,102,10,1,1
93,24,61,25,1,1
93,25,103,8,1,1
93,26,85,20,1,1
93,27,101,15,1,1
93,28,100,20,1,1
93,29,111,10,1,1
93,30,83,27,1,1
93,31,75,14,1,1
93,32,106,9,1,1
94,1,80,12,1,1
94,2,75,14,1,1
94,3,97,26,1,1
94,4,89,11,1,1
94,5,113,18,1,1
94,6,64,22,1,1
94,7,99,18,1,1
94,8,106,9,1,1
94,9,82,33,1,1
94,10,79,17,1,1
94,11,119,24,1,1
94,12,71,7,1,1
94,13,103,8,1,1
94,14,63,31,1,1
94,15,101,15,1,1
94,16,94,16,1,1
94,17,118,20,1,1
94,18,67,16,1,1
94,19,72,12,1,1
94,20,109,16,1,1
94,21,84,21,1,1
94,22,88,10,1,1
94,23,117,17,1,1
94,24,102,10,1,1
94,25,98,21,1,1
94,26,107,9,1,1
94,27,85,20,1,1
94,28,104,15,1,1
94,29,91,5,1,1
94,30,112,18,1,1
94,31,61,25,1,1
94,32,62,17,1,1
95,1,68,16,1,1
95,2,87,19,1,1
95,3,85,20,1,1
95,4,61,25,1,1
95,5,80,12,1,1
95,6,95,21,1,1
95,7,111,10,1,1
95,8,65,19,1,1
95,9,67,16,1,1
95,10,89,11,1,1
95,11,64,22,1,1
95,12,70,14,1,1
95,13,82,33,1,1
95,14,88,10,1,1
95,15,69,8,1,1
95,16,62,17,1,1
95,17,94,16,1,1
95,18,90,7,1,1
95,19,102,10,1,1
95,20,107,9,1,1
95,21,86,16,1,1
95,22,81,21,1,1
95,23,63,31,1,1
95,24,120,11,1,1
95,25,100,20,1,1
95,26,99,18,1,1
95,27,71,7,1,1
95,28,101,15,1,1
95,29,72,12,1,1
95,30,92,13,1,1
95,31,73,15,1,1
95,32,91,5,1,1
96,1,112,18,1,1
96,2,103,8,1,1
96,3,64,22,1,1
96,4,89,11,1,1
96,5,88,10,1,1
96,6,84,21,1,1
96,7,91,5,1,1
96,8,92,13,1,1
96,9,104,15,1,1
96,10,114,14,1,1
96,11,68,16,1,1
96,12,80,12,1,1
96,13,78,5,1,1
96,14,105,9,1,1
96,15,85,20,1,1
96,16,76,12,1,1
96,17,70,14,1,1
96,18,109,16,1,1
96,19,61,25,1,1
96,20,83,27,1,1
96,21,107,9,1,1
96,22,111,10,1,1
96,23,116,13,1,1
96,24,73,15,1,1
96,25,117,17,1,1
96,26,63,31,1,1
96,27,113,18,1,1
96,28,66,22,1,1
96,29,106,9,1,1
96,30,69,8,1,1
96,31,77,18,1,1
96,32,108,19,1,1
97,1,82,33,1,1
97,2,102,10,1,1
97,3,120,11,1,1
97,4,63,31,1,1
97,5,73,15,1,1
97,6,89,11,1,1
97,7,67,16,1,1
97,8,86,16,1,1
97,9,119,24,1,1
97,10,96,18,1,1
97,11,104,15,1,1
97,12,113,18,1,1
97,13,115,16,1,1
97,14,64,22,1,1
97,15,108,19,1,1
97,16,65,19,1,1
97,17,83,27,1,1
97,18,103,8,1,1
97,19,71,7,1,1
97,20,76,12,1,1
97,21,88,10,1,1
97,22,68,16,1,1
97,23,81,21,1,1
97,24,70,14,1,1
97,25,117,17,1,1
97,26,109,16,1,1
97,27,91,5,1,1
97,28,95,21,1,1
97,29,116,13,1,1
97,30,98,21,1,1
97,31,94,16,1,1
97,32,106,9,1,1
98,1,90,7,1,1
98,2,101,15,1,1
98,3,103,8,1,1
98,4,98,21,1,1
98,5,119,24,1,1
98,6,104,15,1,1
98,7,94,16,1,1
98,8,63,31,1,1
98,9,114,14,1,1
98,10,83,27,1,1
98,11,105,9,1,1
98,12,118,20,1,1
98,13,80,12,1,1
98,14,65,19,1,1
98,15,67,16,1,1
98,16,61,25,1,1
98,17,85,20,1,1
98,18,107,9,1,1
98,19,81,21,1,1
98,20,68,16,1,1
98,21,108,19,1,1
98,22,99,18,1,1
98,23,96,18,1,1
98,24,112,18,1,1
98,25,84,21,1,1
98,26,111,10,1,1
98,27,120,11,1,1
98,28,73,15,1,1
98,29,69,8,1,1
98,30,102,10,1,1
98,31,100,20,1,1
98,32,72,12,1,1
99,1,73,15,1,1
99,2,89,11,1,1
99,3,86,16,1,1
99,4,100,20,1,1
99,5,107,9,1,1
99,6,102,10,1,1
99,7,118,20,1,1
99,8,110,20,1,1
99,9,62,17,1,1
99,10,113,18,1,1
99,11,104,15,1,1
99,12,116,13,1,1
99,13,69,8,1,1
99,14,64,22,1,1
99,15,77,18,1,1
99,16,92,13,1,1
99,17,108,19,1,1
99,18,65,19,1,1
99,19,115,16,1,1
99,20,114,14,1,1
99,21,75,14,1,1
99,22,120,11,1,1
99,23,63,31,1,1
99,24,93,14,1,1
99,25,96,18,1,1
99,26,109,16,1,1
99,27,101,15,1,1
99,28,61,25,1,1
99,29,70,14,1,1
99,30,95,21,1,1
99,31,84,21,1,1
99,32,103,8,1,1
100,1,101,15,1,1
100,2,120,11,1,1
100,3,91,5,1,1
100,4,87,19,1,1
100,5,106,9,1,1
100,6,85,20,1,1
100,7,83,27,1,1
100,8,110,20,1,1
100,9,79,17,1,1
100,10,102,10,1,1
100,11,98,21,1,1
100,12,76,12,1,1
100,13,61,25,1,1
100,14,100,20,1,1
100,15,90,7,1,1
100,16,107,9,1,1
100,17,74,16,1,1
100,18,97,26,1,1
100,19,86,16,1,1
100,20,111,10,1,1
100,21,119,24,1,1
100,22,81,21,1,1
100,23,99,18,1,1
100,24,71,7,1,1
100,25,78,5,1,1
100,26,62,17,1,1
100,27,67,16,1,1
100,28,64,22,1,1
100,29,117,17,1,1
100,30,112,18,1,1
100,31,105,9,1,1
100,32,75,14,1,1
101,1,115,16,1,1
101,2,68,16,1,1
101,3,113,18,1,1
101,4,117,17,1,1
101,5,108,19,1,1
101,6,80,12,1,1
101,7,62,17,1,1
101,8,105,9,1,1
101,9,76,12,1,1
101,10,99,18,1,1
101,11,78,5,1,1
101,12,102,10,1,1
101,13,109,16,1,1
101,14,77,18,1,1
101,15,85,20,1,1
101,16,120,11,1,1
101,17,90,7,1,1
101,18,81,21,1,1
101,19,100,20,1,1
101,20,89,11,1,1
101,21,103,8,1,1
101,22,110,20,1,1
101,23,118,20,1,1
101,24,116,13,1,1
101,25,64,22,1,1
101,26,82,33,1,1
101,27,92,13,1,1
101,28,104,15,1,1
101,29,84,21,1,1
101,30,73,15,1,1
101,31,112,18,1,1
101,32,114,14,1,1
102,1,110,20,1,1
102,2,111,10,1,1
102,3,97,26,1,1
102,4,81,21,1,1
102,5,106,9,1,1
102,6,86,16,1,1
102,7,109,16,1,1
102,8,82,33,1,1
102,9,76,12,1,1
102,10,101,15,1,1
102,11,115,16,1,1
102,12,79,17,1,1
102,13,63,31,1,1
102,14,74,16,1,1
102,15,94,16,1,1
102,16,113,18,1,1
102,17,105,9,1,1
102,18,67,16,1,1
102,19,100,20,1,1
102,20,71,7,1,1
102,21,90,7,1,1
102,22,112,18,1,1
102,23,119,24,1,1
102,24,91,5,1,1
102,25,95,21,1,1
102,26,85,20,1,1
102,27,99,18,1,1
102,28,108,19,1,1
102,29,96,18,1,1
102,30,70,14,1,1
102,31,103,8,1,1
102,32,84,21,1,1
103,1,95,21,1,1
103,2,70,14,1,1
103,3,117,17,1,1
103,4,91,5,1,1
103,5,71,7,1,1
103,6,119,24,1,1
103,7,74,16,1,1
103,8,114,14,1,1
103,9,97,26,1,1
103,10,101,15,1,1
103,11,73,15,1,1
103,12,90,7,1,1
103,13,69,8,1,1
103,14,100,20,1,1
103,15,76,12,1,1
103,16,66,22,1,1
103,17,75,14,1,1
103,18,72,12,1,1
103,19,107,9,1,1
103,20,94,16,1,1
103,21,64,22,1,1
103,22,99,18,1,1
103,23,111,10,1,1
103,24,83,27,1,1
103,25,79,17,1,1
103,26,81,21,1,1
103,27,61,25,1,1
103,28,85,20,1,1
103,29,105,9,1,1
103,30,118,20,1,1
103,31,103,8,1,1
103,32,106,9,1,1
104,1,118,20,1,1
104,2,119,24,1,1
104,3,92,13,1,1
104,4,70,14,1,1
104,5,71,7,1,1
104,6,82,33,1,1
104,7,95,21,1,1
104,8,78,5,1,1
104,9,64,22,1,1
104,10,106,9,1,1
104,11,112,18,1,1
104,12,72,12,1,1
104,13,99,18,1,1
104,14,68,16,1,1
104,15,103,8,1,1
104,16,94,16,1,1
104,17,102,10,1,1
104,18,108,19,1,1
104,19,84,21,1,1
104,20,91,5,1,1
104,21,113,18,1,1
104,22,114,14,1,1
104,23,75,14,1,1
104,24,63,31,1,1
104,25,65,19,1,1
104,26,100,20,1,1
104,27,79,17,1,1
104,28,105,9,1,1
104,29,116,13,1,1
104,30,81,21,1,1
104,31,117,17,1,1
104,32,115,16,1,1
105,1,119,24,1,1
105,2,85,20,1,1
105,3,63,31,1,1
105,4,90,7,1,1
105,5,111,10,1,1
105,6,102,10,1,1
105,7,68,16,1,1
105,8,84,21,1,1
105,9,81,21,1,1
105,10,118,20,1,1
105,11,71,7,1,1
105,12,95,21,1,1
105,13,104,15,1,1
105,14,66,22,1,1
105,15,105,9,1,1
105,16,87,19,1,1
105,17,79,17,1,1
105,18,77,18,1,1
105,19,78,5,1,1
105,20,62,17,1,1
105,21,110,20,1,1
105,22,115,16,1,1
105,23,88,10,1,1
105,24,73,15,1,1
105,25,61,25,1,1
105,26,112,18,1,1
105,27,65,19,1,1
105,28,75,14,1,1
105,29,98,21,1,1
105,30,83,27,1,1
105,31,101,15,1,1
105,32,89,11,1,1
106,1,113,18,1,1
106,2,108,19,1,1
106,3,104,15,1,1
106,4,95,21,1,1
106,5,117,17,1,1
106,6,61,25,1,1
106,7,73,15,1,1
106,8,94,16,1,1
106,9,114,14,1,1
106,10,65,19,1,1
106,11,111,10,1,1
106,12,98,21,1,1
106,13,90,7,1,1
106,14,63,31,1,1
106,15,81,21,1,1
106,16,93,14,1,1
106,17,85,20,1,1
106,18,67,16,1,1
106,19,115,16,1,1
106,20,118,20,1,1
106,21,112,18,1,1
106,22,119,24,1,1
106,23,79,17,1,1
106,24,82,33,1,1
106,25,109,16,1,1
106,26,86,16,1,1
106,27,89,11,1,1
106,28,64,22,1,1
106,29,120,11,1,1
106,30,80,12,1,1
106,31,102,10,1,1
106,32,110,20,1,1
107,1,95,21,1,1
107,2,92,13,1,1
107,3,113,18,1,1
107,4,94,16,1,1
107,5,118,20,1,1
107,6,75,14,1,1
107,7,87,19,1,1
107,8,82,33,1,1
107,9,104,15,1,1
107,10,83,27,1,1
107,11,111,10,1,1
107,12,116,13,1,1
107,13,117,17,1,1
107,14,74,16,1,1
107,15,120,11,1,1
107,16,79,17,1,1
107,17,73,15,1,1
107,18,107,9,1,1
107,19,81,21,1,1
107,20,70,14,1,1
107,21,90,7,1,1
107,22,66,22,1,1
107,23,68,16,1,1
107,24,76,12,1,1
107,25,85,20,1,1
107,26,96,18,1,1
107,27,119,24,1,1
107,28,102,10,1,1
107,29,86,16,1,1
107,30,78,5,1,1
107,31,89,11,1,1
107,32,65,19,1,1
108,1,105,9,1,1
108,2,109,16,1,1
108,3,88,10,1,1
108,4,84,21,1,1
108,5,102,10,1,1
108,6,114,14,1,1
108,7,106,9,1,1
108,8,97,26,1,1
108,9,90,7,1,1
108,10,91,5,1,1
108,11,81,21,1,1
108,12,83,27,1,1
108,13,64,22,1,1
108,14,110,20,1,1
108,15,61,25,1,1
108,16,100,20,1,1
108,17,77,18,1,1
108,18,62,17,1,1
108,19,94,16,1,1
108,20,89,11,1,1
108,21,85,20,1,1
108,22,66,22,1,1
108,23,111,10,1,1
108,24,86,16,1,1
108,25,99,18,1,1
108,26,82,33,1,1
108,27,115,16,1,1
108,28,69,8,1,1
108,29,108,19,1,1
108,30,96,18,1,1
108,31,117,17,1,1
108,32,65,19,1,1
109,1,71,7,1,1
109,2,82,33,1,1
109,3,80,12,1,1
109,4,61,25,1,1
109,5,120,11,1,1
109,6,108,19,1,1
109,7,76,12,1,1
109,8,89,11,1,1
109,9,87,19,1,1
109,10,90,7,1,1
109,11,77,18,1,1
109,12,109,16,1,1
109,13,119,24,1,1
109,14,97,26,1,1
109,15,68,16,1,1
109,16,107,9,1,1
109,17,85,20,1,1
109,18,110,20,1,1
109,19,63,31,1,1
109,20,79,17,1,1
109,21,104,15,1,1
109,22,86,16,1,1
109,23,70,14,1,1
109,24,78,5,1,1
109,25,114,14,1,1
109,26,62,17,1,1
109,27,91,5,1,1
109,28,112,18,1,1
109,29,117,17,1,1
109,30,111,10,1,1
109,31,94,16,1,1
109,32,74,16,1,1
110,1,98,21,1,1
110,2,113,18,1,1
110,3,114,14,1,1
110,4,80,12,1,1
110,5,86,16,1,1
110,6,79,17,1,1
110,7,100,20,1,1
110,8,92,13,1,1
110,9,69,8,1,1
110,10,104,15,1,1
110,11,109,16,1,1
110,12,107,9,1,1
110,13,111,10,1,1
110,14,77,18,1,1
110,15,65,19,1,1
110,16,116,13,1,1
110,17,89,11,1,1
110,18,62,17,1,1
110,19,83,27,1,1
110,20,97,26,1,1
110,21,120,11,1,1
110,22,73,15,1,1
110,23,117,17,1,1
110,24,66,22,1,1
110,25,93,14,1,1
110,26,74,16,1,1
110,27,99,18,1,1
110,28,95,21,1,1
110,29,105,9,1,1
110,30,94,16,1,1
110,31,112,18,1,1
110,32,108,19,1,1
111,1,98,21,1,1
111,2,107,9,1,1
111,3,102,10,1,1
111,4,114,14,1,1
111,5,64,22,1,1
111,6,117,17,1,1
111,7,115,16,1,1
111,8,72,12,1,1
111,9,81,21,1,1
111,10,96,18,1,1
111,11,112,18,1,1
111,12,104,15,1,1
111,13,119,24,1,1
111,14,109,16,1,1
111,15,69,8,1,1
111,16,113,18,1,1
111,17,85,20,1,1
111,18,110,20,1,1
111,19,111,10,1,1
111,20,88,10,1,1
111,21,86,16,1,1
111,22,67,16,1,1
111,23,63,31,1,1
111,24,105,9,1,1
111,25,100,20,1,1
111,26,101,15,1,1
111,27,90,7,1,1
111,28,62,17,1,1
111,29,80,12,1,1
111,30,94,16,1,1
111,31,66,22,1,1
111,32,97,26,1,1
112,1,99,18,1,1
112,2,87,19,1,1
112,3,117,17,1,1
112,4,88,10,1,1
112,5,102,10,1,1
112,6,116,13,1,1
112,7,66,22,1,1
112,8,114,14,1,1
112,9,85,20,1,1
112,10,71,7,1,1
112,11,72,12,1,1
112,12,78,5,1,1
112,13,61,25,1,1
112,14,84,21,1,1
112,15,119,24,1,1
112,16,62,17,1,1
112,17,120,11,1,1
112,18,106,9,1,1
112,19,93,14,1,1
112,20,75,14,1,1
112,21,74,16,1,1
112,22,82,33,1,1
112,23,76,12,1,1
112,24,108,19,1,1
112,25,65,19,1,1
112,26,69,8,1,1
112,27,81,21,1,1
112,28,110,20,1,1
112,29,68,16,1,1
112,30,97,26,1,1
112,31,70,14,1,1
112,32,103,8,1,1
113,1,107,9,1,1
113,2,94,16,1,1
113,3,80,12,1,1
113,4,101,15,1,1
113,5,89,11,1,1
113,6,75,14,1,1
113,7,95,21,1,1
113,8,105,9,1,1
113,9,69,8,1,1
113,10,112,18,1,1
113,11,108,19,1,1
113,12,96,18,1,1
113,13,114,14,1,1
113,14,63,31,1,1
113,15,70,14,1,1
113,16,87,19,1,1
113,17,65,19,1,1
113,18,79,17,1,1
113,19,73,15,1,1
113,20,97,26,1,1
113,21,118,20,1,1
113,22,72,12,1,1
113,23,117,17,1,1
113,24,91,5,1,1
113,25,116,13,1,1
113,26,86,16,1,1
113,27,102,10,1,1
113,28,115,16,1,1
113,29,119,24,1,1
113,30,62,17,1,1
113,31,78,5,1,1
113,32,61,25,1,1
114,1,99,18,1,1
114,2,75,14,1,1
114,3,120,11,1,1
114,4,106,9,1,1
114,5,108,19,1,1
114,6,111,10,1,1
114,7,90,7,1,1
114,8,91,5,1,1
114,9,104,15,1,1
114,10,61,25,1,1
114,11,63,31,1,1
114,12,81,21,1,1
114,13,79,17,1,1
114,14,65,19,1,1
114,15,97,26,1,1
114,16,105,9,1,1
114,17,114,14,1,1
114,18,82,33,1,1
114,19,94,16,1,1
114,20,78,5,1,1
114,21,119,24,1,1
114,22,110,20,1,1
114,23,92,13,1,1
114,24,117,17,1,1
114,25,102,10,1,1
114,26,73,15,1,1
114,27,71,7,1,1
114,28,115,16,1,1
114,29,103,8,1,1
114,30,86,16,1,1
114,31,70,14,1,1
114,32,118,20,1,1
115,1,81,21,1,1
115,2,84,21,1,1
115,3,115,16,1,1
115,4,86,16,1,1
115,5,93,14,1,1
115,6,100,20,1,1
115,7,117,17,1,1
115,8,61,25,1,1
115,9,111,10,1,1
115,10,62,17,1,1
115,11,104,15,1,1
115,12,116,13,1,1
115,13,78,5,1,1
115,14,66,22,1,1
115,15,114,14,1,1
115,16,112,18,1,1
115,17,96,18,1,1
115,18,76,12,1,1
115,19,85,20,1,1
115,20,70,14,1,1
115,21,83,27,1,1
115,22,65,19,1,1
115,23,77,18,1,1
115,24,106,9,1,1
115,25,73,15,1,1
115,26,107,9,1,1
115,27,94,16,1,1
115,28,75,14,1,1
115,29,101,15,1,1
115,30,87,19,1,1
115,31,64,22,1,1
115,32,71,7,1,1
116,1,98,21,1,1
116,2,99,18,1,1
116,3,79,17,1,1
116,4,86,16,1,1
116,5,113,18,1,1
116,6,101,15,1,1
116,7,116,13,1,1
116,8,68,16,1,1
116,9,73,15,1,1
116,10,66,22,1,1
116,11,84,21,1,1
116,12,82,33,1,1
116,13,61,25,1,1
116,14,117,17,1,1
116,15,110,20,1,1
116,16,105,9,1,1
116,17,120,11,1,1
116,18,71,7,1,1
116,19,83,27,1,1
116,20,89,11,1,1
116,21,92,13,1,1
116,22,69,8,1,1
116,23,109,16,1,1
116,24,77,18,1,1
116,25,115,16,1,1
116,26,102,10,1,1
116,27,64,22,1,1
116,28,75,14,1,1
116,29,93,14,1,1
116,30,78,5,1,1
116,31,67,16,1,1
116,32,72,12,1,1
117,1,76,12,1,1
117,2,118,20,1,1
117,3,96,18,1,1
117,4,95,21,1,1
117,5,106,9,1,1
117,6,100,20,1,1
117,7,87,19,1,1
117,8,109,16,1,1
117,9,72,12,1,1
117,10,67,16,1,1
117,11,110,20,1,1
117,12,113,18,1,1
117,13,104,15,1,1
117,14,115,16,1,1
117,15,80,12,1,1
117,16,68,16,1,1
117,17,103,8,1,1
117,18,64,22,1,1
117,19,89,11,1,1
117,20,105,9,1,1
117,21,117,17,1,1
117,22,62,17,1,1
117,23,66,22,1,1
117,24,65,19,1,1
117,25,84,21,1,1
117,26,98,21,1,1
117,27,61,25,1,1
117,28,69,8,1,1
117,29,85,20,1,1
117,30,81,21,1,1
117,31,90,7,1,1
117,32,107,9,1,1
118,1,113,18,1,1
118,2,67,16,1,1
118,3,120,11,1,1
118,4,102,10,1,1
118,5,82,33,1,1
118,6,91,5,1,1
118,7,81,21,1,1
118,8,78,5,1,1
118,9,108,19,1,1
118,10,64,22,1,1
118,11,101,15,1,1
118,12,100,20,1,1
118,13,99,18,1,1
118,14,111,10,1,1
118,15,62,17,1,1
118,16,104,15,1,1
118,17,95,21,1,1
118,18,87,19,1,1
118,19,65,19,1,1
118,20,71,7,1,1
118,21,70,14,1,1
118,22,89,11,1,1
118,23,83,27,1,1
118,24,109,16,1,1
118,25,73,15,1,1
118,26,116,13,1,1
118,27,112,18,1,1
118,28,106,9,1,1
118,29,85,20,1,1
118,30,92,13,1,1
118,31,118,20,1,1
118,32,84,21,1,1
119,1,84,21,1,1
119,2,69,8,1,1
119,3,87,19,1,1
119,4,118,20,1,1
119,5,67,16,1,1
119,6,117,17,1,1
119,7,103,8,1,1
119,8,91,5,1,1
119,9,98,21,1,1
119,10,73,15,1,1
119,11,113,18,1,1
119,12,86,16,1,1
119,13,63,31,1,1
119,14,116,13,1,1
119,15,114,14,1,1
119,16,97,26,1,1
119,17,71,7,1,1
119,18,104,15,1,1
119,19,119,24,1,1
119,20,64,22,1,1
119,21,62,17,1,1
119,22,93,14,1,1
119,23,65,19,1,1
119,24,106,9,1,1
119,25,68,16,1,1
119,26,82,33,1,1
119,27,120,11,1,1
119,28,108,19,1,1
119,29,112,18,1,1
119,30,72,12,1,1
119,31,76,12,1,1
119,32,74,16,1,1
120,1,119,24,1,1
120,2,79,17,1,1
120,3,96,18,1,1
120,4,88,10,1,1
120,5,77,18,1,1
120,6,63,31,1,1
120,7,97,26,1,1
120,8,84,21,1,1
120,9,101,15,1,1
120,10,66,22,1,1
120,11,69,8,1,1
120,12,111,10,1,1
120,13,109,16,1,1
120,14,62,17,1,1
120,15,105,9,1,1
120,16,99,18,1,1
120,17,82,33,1,1
120,18,107,9,1,1
120,19,86,16,1,1
120,20,90,7,1,1
120,21,61,25,1,1
120,22,120,11,1,1
120,23,95,21,1,1
120,24,108,19,1,1
120,25,103,8,1,1
120,26,72,12,1,1
120,27,65,19,1,1
120,28,70,14,1,1
120,29,85,20,1,1
120,30,64,22,1,1
120,31,100,20,1,1
120,32,71,7,1,1
121,1,86,16,1,1
121,2,62,17,1,1
121,3,74,16,1,1
121,4,102,10,1,1
121,5,101,15,1,1
121,6,84,21,1,1
121,7,87,19,1,1
121,8,69,8,1,1
121,9,75,14,1,1
121,10,80,12,1,1
121,11,66,22,1,1
121,12,77,18,1,1
121,13,107,9,1,1
121,14,96,18,1,1
121,15,98,21,1,1
121,16,94,16,1,1
121,17,108,19,1,1
121,18,72,12,1,1
121,19,120,11,1,1
121,20,61,25,1,1
121,21,113,18,1,1
121,22,64,22,1,1
121,23,88,10,1,1
121,24,78,5,1,1
121,25,115,16,1,1
121,26,117,17,1,1
121,27,106,9,1,1
121,28,110,20,1,1
121,29,73,15,1,1
121,30,83,27,1,1
121,31,99,18,1,1
121,32,82,33,1,1
122,1,93,14,1,1
122,2,67,16,1,1
122,3,77,18,1,1
122,4,108,19,1,1
122,5,63,31,1,1
122,6,66,22,1,1
122,7,97,26,1,1
122,8,74,16,1,1
122,9,80,12,1,1
122,10,114,14,1,1
122,11,85,20,1,1
122,12,83,27,1,1
122,13,111,10,1,1
122,14,100,20,1,1
122,15,64,22,1,1
122,16,106,9,1,1
122,17,103,8,1,1
122,18,84,21,1,1
122,19,78,5,1,1
122,20,117,17,1,1
122,21,102,10,1,1
122,22,113,18,1,1
122,23,99,18,1,1
122,24,112,18,1,1
122,25,70,14,1,1
122,26,65,19,1,1
122,27,86,16,1,1
122,28,107,9,1,1
122,29,89,11,1,1
122,30,72,12,1,1
122,31,105,9,1,1
122,32,92,13,1,1
123,1,112,18,1,1
123,2,103,8,1,1
123,3,80,12,1,1
123,4,102,10,1,1
123,5,101,15,1,1
123,6,65,19,1,1
123,7,118,20,1,1
123,8,87,19,1,1
123,9,109,16,1,1
123,10,108,19,1,1
123,11,91,5,1,1
123,12,82,33,1,1
123,13,96,18,1,1
123,14,119,24,1,1
123,15,90,7,1,1
123,16,71,7,1,1
123,17,105,9,1,1
123,18,79,17,1,1
123,19,70,14,1,1
123,20,99,18,1,1
123,21,106,9,1,1
123,22,75,14,1,1
123,23,93,14,1,1
123,24,120,11,1,1
123,25,88,10,1,1
123,26,117,17,1,1
123,27,77,18,1,1
123,28,98,21,1,1
123,29,86,16,1,1
123,30,114,14,1,1
123,31,69,8,1,1
123,32,76,12,1,1
124,1,93,14,1,1
124,2,114,14,1,1
124,3,107,9,1,1
124,4,115,16,1,1
124,5,68,16,1,1
124,6,84,21,1,1
124,7,118,20,1,1
124,8,87,19,1,1
124,9,92,13,1,1
124,10,67,16,1,1
124,11,62,17,1,1
124,12,79,17,1,1
124,13,81,21,1,1
124,14,89,11,1,1
124,15,69,8,1,1
124,16,110,20,1,1
124,17,103,8,1,1
124,18,80,12,1,1
124,19,108,19,1,1
124,20,105,9,1,1
124,21,65,19,1,1
124,22,120,11,1,1
124,23,88,10,1,1
124,24,94,16,1,1
124,25,101,15,1,1
124,26,70,14,1,1
124,27,102,10,1,1
124,28,83,27,1,1
124,29,95,21,1,1
124,30,106,9,1,1
124,31,113,18,1,1
124,32,78,5,1,1
125,1,81,21,1,1
125,2,119,24,1,1
125,3,86,16,1,1
125,4,92,13,1,1
125,5,110,20,1,1
125,6,98,21,1,1
125,7,68,16,1,1
125,8,61,25,1,1
125,9,96,18,1,1
125,10,99,18,1,1
125,11,105,9,1,1
125,12,114,14,1,1
125,13,82,33,1,1
125,14,89,11,1,1
125,15,77,18,1,1
125,16,113,18,1,1
125,17,67,16,1,1
125,18,63,31,1,1
125,19,111,10,1,1
125,20,76,12,1,1
125,21,78,5,1,1
125,22,107,9,1,1
125,23,64,22,1,1
125,24,100,20,1,1
125,25,79,17,1,1
125,26,87,19,1,1
125,27,70,14,1,1
125,28,106,9,1,1
125,29,80,12,1,1
125,30,90,7,1,1
125,31,88,10,1,1
125,32,74,16,1,1
126,1,76,12,1,1
126,2,82,33,1,1
126,3,90,7,1,1
126,4,118,20,1,1
126,5,70,14,1,1
126,6,62,17,1,1
126,7,119,24,1,1
126,8,73,15,1,1
126,9,120,11,1,1
126,10,105,9,1,1
126,11,81,21,1,1
126,12,112,18,1,1
126,13,71,7,1,1
126,14,86,16,1,1
126,15,108,19,1,1
126,16,97,26,1,1
126,17,96,18,1,1
126,18,78,5,1,1
126,19,98,21,1,1
126,20,89,11,1,1
126,21,92,13,1,1
126,22,115,16,1,1
126,23,117,17,1,1
126,24,113,18,1,1
126,25,77,18,1,1
126,26,79,17,1,1
126,27,110,20,1,1
126,28,69,8,1,1
126,29,106,9,1,1
126,30,107,9,1,1
126,31,83,27,1,1
126,32,85,20,1,1
127,1,93,14,1,1
127,2,110,20,1,1
127,3,86,16,1,1
127,4,81,21,1,1
127,5,78,5,1,1
127,6,116,13,1,1
127,7,95,21,1,1
127,8,120,11,1,1
127,9,109,16,1,1
127,10,112,18,1,1
127,11,97,26,1,1
127,12,94,16,1,1
127,13,113,18,1,1
127,14,99,18,1,1
127,15,89,11,1,1
127,16,90,7,1,1
127,17,72,12,1,1
127,18,87,19,1,1
127,19,83,27,1,1
127,20,68,16,1,1
127,21,103,8,1,1
127,22,84,21,1,1
127,23,96,18,1,1
127,24,98,21,1,1
127,25,88,10,1,1
127,26,106,9,1,1
127,27,63,31,1,1
127,28,77,18,1,1
127,29,85,20,1,1
127,30,61,25,1,1
127,31,119,24,1,1
127,32,91,5,1,1
128,1,116,13,1,1
128,2,103,8,1,1
128,3,117,17,1,1
128,4,82,33,1,1
128,5,78,5,1,1
128,6,102,10,1,1
128,7,94,16,1,1
128,8,112,18,1,1
128,9,69,8,1,1
128,10,87,19,1,1
128,11,70,14,1,1
128,12,98,21,1,1
128,13,83,27,1,1
128,14,119,24,1,1
128,15,72,12,1,1
128,16,81,21,1,1
128,17,67,16,1,1
128,18,96,18,1,1
128,19,91,5,1,1
128,20,99,18,1,1
128,21,92,13,1,1
128,22,107,9,1,1
128,23,95,21,1,1
128,24,109,16,1,1
128,25,88,10,1,1
128,26,114,14,1,1
128,27,108,19,1,1
128,28,100,20,1,1
128,29,93,14,1,1
128,30,118,20,1,1
128,31,111,10,1,1
128,32,86,16,1,1
129,1,106,9,1,1
129,2,63,31,1,1
129,3,80,12,1,1
129,4,62,17,1,1
129,5,108,19,1,1
129,6,104,15,1,1
129,7,120,11,1,1
129,8,93,14,1,1
129,9,74,16,1,1
129,10,90,7,1,1
129,11,116,13,1,1
129,12,105,9,1,1
129,13,61,25,1,1
129,14,114,14,1,1
129,15,91,5,1,1
129,16,112,18,1,1
129,17,92,13,1,1
129,18,72,12,1,1
129,19,103,8,1,1
129,20,65,19,1,1
129,21,79,17,1,1
129,22,99,18,1,1
129,23,69,8,1,1
129,24,89,11,1,1
129,25,78,5,1,1
129,26,100,20,1,1
129,27,75,14,1,1
129,28,76,12,1,1
129,29,117,17,1,1
129,30,86,16,1,1
129,31,71,7,1,1
129,32,115,16,1,1
130,1,64,22,1,1
130,2,82,33,1,1
130,3,72,12,1,1
130,4,75,14,1,1
130,5,67,16,1,1
130,6,115,16,1,1
130,7,106,9,1,1
130,8,61,25,1,1
130,9,116,13,1,1
130,10,107,9,1,1
130,11,91,5,1,1
130,12,71,7,1,1
130,13,92,13,1,1
130,14,119,24,1,1
130,15,80,12,1,1
130,16,83,27,1,1
130,17,78,5,1,1
130,18,105,9,1,1
130,19,62,17,1,1
130,20,102,10,1,1
130,21,93,14,1,1
130,22,77,18,1,1
130,23,108,19,1,1
130,24,63,31,1,1
130,25,118,20,1,1
130,26,86,16,1,1
130,27,114,14,1,1
130,28,68,16,1,1
130,29,110,20,1,1
130,30,98,21,1,1
130,31,89,11,1,1
130,32,79,17,1,1
131,1,89,11,1,1
131,2,97,26,1,1
131,3,110,20,1,1
131,4,85,20,1,1
131,5,101,15,1,1
131,6,113,18,1,1
131,7,72,12,1,1
131,8,84,21,1,1
131,9,108,19,1,1
131,10,82,33,1,1
131,11,62,17,1,1
131,12,91,5,1,1
131,13,98,21,1,1
131,14,67,16,1,1
131,15,88,10,1,1
131,16,116,13,1,1
131,17,71,7,1,1
131,18,102,10,1,1
131,19,100,20,1,1
131,20,78,5,1,1
131,21,77,18,1,1
131,22,66,22,1,1
131,23,70,14,1,1
131,24,64,22,1,1
131,25,79,17,1,1
131,26,81,21,1,1
131,27,93,14,1,1
131,28,96,18,1,1
131,29,83,27,1,1
131,30,106,9,1,1
131,31,92,13,1,1
131,32,105,9,1,1
132,1,75,14,1,1
132,2,117,17,1,1
132,3,74,16,1,1
132,4,81,21,1,1
132,5,86,16,1,1
132,6,120,11,1,1
132,7,87,19,1,1
132,8,70,14,1,1
132,9,119,24,1,1
132,10,88,10,1,1
132,11,99,18,1,1
132,12,61,25,1,1
132,13,85,20,1,1
132,14,116,13,1,1
132,15,112,18,1,1
132,16,72,12,1,1
132,17,90,7,1,1
132,18,82,33,1,1
132,19,67,16,1,1
132,20,80,12,1,1
132,21,115,16,1,1
132,22,91,5,1,1
132,23,94,16,1,1
132,24,71,7,1,1
132,25,107,9,1,1
132,26,106,9,1,1
132,27,76,12,1,1
132,28,105,9,1,1
132,29,83,27,1,1
132,30,102,10,1,1
132,31,62,17,1,1
132,32,93,14,1,1
133,1,101,15,1,1
133,2,105,9,1,1
133,3,120,11,1,1
133,4,66,22,1,1
133,5,85,20,1,1
133,6,95,21,1,1
133,7,100,20,1,1
133,8,102,10,1,1
133,9,88,10,1,1
133,10,97,26,1,1
133,11,79,17,1,1
133,12,87,19,1,1
133,13,61,25,1,1
133,14,104,15,1,1
133,15,110,20,1,1
133,16,67,16,1,1
133,17,70,14,1,1
133,18,109,16,1,1
133,19,62,17,1,1
133,20,96,18,1,1
133,21,115,16,1,1
133,22,75,14,1,1
133,23,108,19,1,1
133,24,71,7,1,1
133,25,91,5,1,1
133,26,107,9,1,1
133,27,111,10,1,1
133,28,119,24,1,1
133,29,81,21,1,1
133,30,76,12,1,1
133,31,92,13,1,1
133,32,113,18,1,1
134,1,94,16,1,1
134,2,68,16,1,1
134,3,112,18,1,1
134,4,102,10,1,1
134,5,88,10,1,1
134,6,65,19,1,1
134,7,109,16,1,1
134,8,74,16,1,1
134,9,100,20,1,1
134,10,91,5,1,1
134,11,90,7,1,1
134,12,67,16,1,1
134,13,72,12,1,1
134,14,106,9,1,1
134,15,92,13,1,1
134,16,99,18,1,1
134,17,71,7,1,1
134,18,78,5,1,1
134,19,76,12,1,1
134,20,103,8,1,1
134,21,75,14,1,1
134,22,70,14,1,1
134,23,97,26,1,1
134,24,66,22,1,1
134,25,119,24,1,1
134,26,69,8,1,1
134,27,111,10,1,1
134,28,63,31,1,1
134,29,84,21,1,1
134,30,89,11,1,1
134,31,61,25,1,1
134,32,73,15,1,1
135,1,90,7,1,1
135,2,67,16,1,1
135,3,79,17,1,1
135,4,72,12,1,1
135,5,94,16,1,1
135,6,96,18,1,1
135,7,111,10,1,1
135,8,66,22,1,1
135,9,108,19,1,1
135,10,81,21,1,1
135,11,65,19,1,1
135,12,112,18,1,1
135,13,101,15,1,1
135,14,102,10,1,1
135,15,76,12,1,1
135,16,64,22,1,1
135,17,106,9,1,1
135,18,68,16,1,1
135,19,97,26,1,1
135,20,74,16,1,1
135,21,119,24,1,1
135,22,83,27,1,1
135,23,116,13,1,1
135,24,105,9,1,1
135,25,103,8,1,1
135,26,78,5,1,1
135,27,85,20,1,1
135,28,71,7,1,1
135,29,95,21,1,1
135,30,61,25,1,1
135,31,110,20,1,1
135,32,88,10,1,1
136,1,79,17,1,1
136,2,103,8,1,1
136,3,105,9,1,1
136,4,63,31,1,1
136,5,104,15,1,1
136,6,96,18,1,1
136,7,111,10,1,1
136,8,93,14,1,1
136,9,106,9,1,1
136,10,110,20,1,1
136,11,92,13,1,1
136,12,83,27,1,1
136,13,82,33,1,1
136,14,120,11,1,1
136,15,70,14,1,1
136,16,112,18,1,1
136,17,72,12,1,1
136,18,95,21,1,1
136,19,109,16,1,1
136,20,119,24,1,1
136,21,113,18,1,1
136,22,84,21,1,1
136,23,90,7,1,1
136,24,81,21,1,1
136,25,61,25,1,1
136,26,64,22,1,1
136,27,76,12,1,1
136,28,118,20,1,1
136,29,102,10,1,1
136,30,68,16,1,1
136,31,114,14,1,1
136,32,91,5,1,1
137,1,92,13,1,1
137,2,79,17,1,1
137,3,112,18,1,1
137,4,72,12,1,1
137,5,71,7,1,1
137,6,64,22,1,1
137,7,85,20,1,1
137,8,98,21,1,1
137,9,73,15,1,1
137,10,111,10,1,1
137,11,74,16,1,1
137,12,75,14,1,1
137,13,77,18,1,1
137,14,82,33,1,1
137,15,107,9,1,1
137,16,105,9,1,1
137,17,88,10,1,1
137,18,115,16,1,1
137,19,62,17,1,1
137,20,68,16,1,1
137,21,95,21,1,1
137,22,84,21,1,1
137,23,78,5,1,1
137,24,89,11,1,1
137,25,103,8,1,1
137,26,66,22,1,1
137,27,97,26,1,1
137,28,99,18,1,1
137,29,86,16,1,1
137,30,106,9,1,1
137,31,70,14,1,1
137,32,120,11,1,1
138,1,87,19,1,1
138,2,63,31,1,1
138,3,78,5,1,1
138,4,118,20,1,1
138,5,105,9,1,1
138,6,86,16,1,1
138,7,62,17,1,1
138,8,96,18,1,1
138,9,101,15,1,1
138,10,67,16,1,1
138,11,92,13,1,1
138,12,69,8,1,1
138,13,83,27,1,1
138,14,91,5,1,1
138,15,117,17,1,1
138,16,119,24,1,1
138,17,72,12,1,1
138,18,111,10,1,1
138,19,99,18,1,1
138,20,82,33,1,1
138,21,81,21,1,1
138,22,114,14,1,1
138,23,115,16,1,1
138,24,110,20,1,1
138,25,88,10,1,1
138,26,65,19,1,1
138,27,80,12,1,1
138,28,120,11,1,1
138,29,106,9,1,1
138,30,89,11,1,1
138,31,85,20,1,1
138,32,107,9,1,1
139,1,92,13,1,1
139,2,82,33,1,1
139,3,96,18,1,1
139,4,112,18,1,1
139,5,69,8,1,1
139,6,103,8,1,1
139,7,107,9,1,1
139,8,84,21,1,1
139,9,108,19,1,1
139,10,109,16,1,1
139,11,117,17,1,1
139,12,68,16,1,1
139,13,116,13,1,1
139,14,93,14,1,1
139,15,98,21,1,1
139,16,71,7,1,1
139,17,88,10,1,1
139,18,72,12,1,1
139,19,78,5,1,1
139,20,115,16,1,1
139,21,101,15,1,1
139,22,99,18,1,1
139,23,74,16,1,1
139,24,65,19,1,1
139,25,75,14,1,1
139,26,90,7,1,1
139,27,87,19,1,1
139,28,63,31,1,1
139,29,79,17,1,1
139,30,83,27,1,1
139,31,91,5,1,1
139,32,104,15,1,1
140,1,89,11,1,1
140,2,117,17,1,1
140,3,65,19,1,1
140,4,61,25,1,1
140,5,71,7,1,1
140,6,77,18,1,1
140,7,109,16,1,1
140,8,85,20,1,1
140,9,120,11,1,1
140,10,90,7,1,1
140,11,116,13,1,1
140,12,105,9,1,1
140,13,119,24,1,1
140,14,82,33,1,1
140,15,79,17,1,1
140,16,104,15,1,1
140,17,64,22,1,1
140,18,84,21,1,1
140,19,112,18,1,1
140,20,70,14,1,1
140,21,111,10,1,1
140,22,110,20,1,1
140,23,115,16,1,1
140,24,93,14,1,1
140,25,78,5,1,1
140,26,75,14,1,1
140,27,66,22,1,1
140,28,83,27,1,1
140,29,96,18,1,1
140,30,87,19,1,1
140,31,94,16,1,1
140,32,99,18,1,1
141,1,87,19,1,1
141,2,85,20,1,1
141,3,75,14,1,1
141,4,102,10,1,1
141,5,119,24,1,1
141,6,97,26,1,1
141,7,61,25,1,1
141,8,68,16,1,1
141,9,115,16,1,1
141,10,84,21,1,1
141,11,67,16,1,1
141,12,105,9,1,1
141,13,104,15,1,1
141,14,111,10,1,1
141,15,74,16,1,1
141,16,101,15,1,1
141,17,94,16,1,1
141,18,73,15,1,1
141,19,93,14,1,1
141,20,110,20,1,1
141,21,100,20,1,1
141,22,89,11,1,1
141,23,98,21,1,1
141,24,86,16,1,1
141,25,63,31,1,1
141,26,69,8,1,1
141,27,99,18,1,1
141,28,77,18,1,1
141,29,70,14,1,1
141,30,103,8,1,1
141,31,112,18,1,1
141,32,66,22,1,1
142,1,63,31,1,1
142,2,91,5,1,1
142,3,81,21,1,1
142,4,105,9,1,1
142,5,78,5,1,1
142,6,120,11,1,1
142,7,108,19,1,1
142,8,98,21,1,1
142,9,85,20,1,1
142,10,82,33,1,1
142,11,70,14,1,1
142,12,119,24,1,1
142,13,69,8,1,1
142,14,101,15,1,1
142,15,61,25,1,1
142,16,75,14,1,1
142,17,76,12,1,1
142,18,97,26,1,1
142,19,74,16,1,1
142,20,80,12,1,1
142,21,104,15,1,1
142,22,114,14,1,1
142,23,77,18,1,1
142,24,67,16,1,1
142,25,109,16,1,1
142,26,86,16,1,1
142,27,66,22,1,1
142,28,94,16,1,1
142,29,71,7,1,1
142,30,102,10,1,1
142,31,92,13,1,1
142,32,112,18,1,1
143,1,88,10,1,1
143,2,86,16,1,1
143,3,77,18,1,1
143,4,120,11,1,1
143,5,65,19,1,1
143,6,119,24,1,1
143,7,80,12,1,1
143,8,118,20,1,1
143,9,81,21,1,1
143,10,96,18,1,1
143,11,104,15,1,1
143,12,85,20,1,1
143,13,113,18,1,1
143,14,115,16,1,1
143,15,92,13,1,1
143,16,114,14,1,1
143,17,75,14,1,1
143,18,73,15,1,1
143,19,66,22,1,1
143,20,87,19,1,1
143,21,111,10,1,1
143,22,62,17,1,1
143,23,61,25,1,1
143,24,79,17,1,1
143,25,106,9,1,1
143,26,98,21,1,1
143,27,103,8,1,1
143,28,89,11,1,1
143,29,99,18,1,1
143,30,72,12,1,1
143,31,83,27,1,1
143,32,68,16,1,1
144,1,120,11,1,1
144,2,91,5,1,1
144,3,80,12,1,1
144,4,87,19,1,1
144,5,104,15,1,1
144,6,111,10,1,1
144,7,93,14,1,1
144,8,116,13,1,1
144,9,107,9,1,1
144,10,119,24,1,1
144,11,70,14,1,1
144,12,109,16,1,1
144,13,66,22,1,1
144,14,69,8,1,1
144,15,108,19,1,1
144,16,118,20,1,1
144,17,96,18,1,1
144,18,88,10,1,1
144,19,62,17,1,1
144,20,75,14,1,1
144,21,103,8,1,1
144,22,97,26,1,1
144,23,83,27,1,1
144,24,99,18,1,1
144,25,86,16,1,1
144,26,72,12,1,1
144,27,77,18,1,1
144,28,114,14,1,1
144,29,105,9,1,1
144,30,82,33,1,1
144,31,102,10,1,1
144,32,113,18,1,1
145,1,85,20,1,1
145,2,116,13,1,1
145,3,109,16,1,1
145,4,79,17,1,1
145,5,88,10,1,1
145,6,69,8,1,1
145,7,120,11,1,1
145,8,68,16,1,1
145,9,72,12,1,1
145,10,81,21,1,1
145,11,82,33,1,1
145,12,87,19,1,1
145,13,96,18,1,1
145,14,106,9,1,1
145,15,65,19,1,1
145,16,117,17,1,1
145,17,102,10,1,1
145,18,107,9,1,1
145,19,94,16,1,1
145,20,101,15,1,1
145,21,103,8,1,1
145,22,111,10,1,1
145,23,80,12,1,1
145,24,118,20,1,1
145,25,115,16,1,1
145,26,110,20,1,1
145,27,91,5,1,1
145,28,78,5,1,1
145,29,98,21,1,1
145,30,89,11,1,1
145,31,70,14,1,1
145,32,86,16,1,1
146,1,119,24,1,1
146,2,118,20,1,1
146,3,105,9,1,1
146,4,93,14,1,1
146,5,83,27,1,1
146,6,89,11,1,1
146,7,62,17,1,1
146,8,79,17,1,1
146,9,99,18,1,1
146,10,75,14,1,1
146,11,102,10,1,1
146,12,78,5,1,1
146,13,88,10,1,1
146,14,120,11,1,1
146,15,113,18,1,1
146,16,94,16,1,1
146,17,76,12,1,1
146,18,108,19,1,1
146,19,110,20,1,1
146,20,80,12,1,1
146,21,85,20,1,1
146,22,68,16,1,1
146,23,67,16,1,1
146,24,65,19,1,1
146,25,104,15,1,1
146,26,87,19,1,1
146,27,69,8,1,1
146,28,111,10,1,1
146,29,77,18,1,1
146,30,117,17,1,1
146,31,107,9,1,1
146,32,115,16,1,1
147,1,95,21,1,1
147,2,103,8,1,1
147,3,77,18,1,1
147,4,76,12,1,1
147,5,80,12,1,1
147,6,119,24,1,1
147,7,61,25,1,1
147,8,70,14,1,1
147,9,81,21,1,1
147,10,114,14,1,1
147,11,104,15,1,1
147,12,112,18,1,1
147,13,84,21,1,1
147,14,100,20,1,1
147,15,85,20,1,1
147,16,63,31,1,1
147,17,101,15,1,1
147,18,107,9,1,1
147,19,94,16,1,1
147,20,120,11,1,1
147,21,79,17,1,1
147,22,113,18,1,1
147,23,118,20,1,1
147,24,87,19,1,1
147,25,64,22,1,1
147,26,92,13,1,1
147,27,110,20,1,1
147,28,97,26,1,1
147,29,82,33,1,1
147,30,86,16,1,1
147,31,105,9,1,1
147,32,98,21,1,1
148,1,80,12,1,1
148,2,99,18,1,1
148,3,114,14,1,1
148,4,118,20,1,1
148,5,63,31,1,1
148,6,82,33,1,1
148,7,97,26,1,1
148,8,106,9,1,1
148,9,73,15,1,1
148,10,113,18,1,1
148,11,103,8,1,1
148,12,74,16,1,1
148,13,101,15,1,1
148,14,90,7,1,1
148,15,71,7,1,1
148,16,120,11,1,1
148,17,95,21,1,1
148,18,61,25,1,1
148,19,93,14,1,1
148,20,115,16,1,1
148,21,96,18,1,1
148,22,111,10,1,1
148,23,76,12,1,1
148,24,79,17,1,1
148,25,84,21,1,1
148,26,116,13,1,1
148,27,67,16,1,1
148,28,77,18,1,1
148,29,89,11,1,1
148,30,117,17,1,1
148,31,88,10,1,1
148,32,83,27,1,1
149,1,81,21,1,1
149,2,91,5,1,1
149,3,108,19,1,1
149,4,77,18,1,1
149,5,109,16,1,1
149,6,70,14,1,1
149,7,78,5,1,1
149,8,90,7,1,1
149,9,118,20,1,1
149,10,73,15,1,1
149,11,100,20,1,1
149,12,113,18,1,1
149,13,116,13,1,1
149,14,104,15,1,1
149,15,115,16,1,1
149,16,82,33,1,1
149,17,83,27,1,1
149,18,93,14,1,1
149,19,87,19,1,1
149,20,63,31,1,1
149,21,107,9,1,1
149,22,69,8,1,1
149,23,79,17,1,1
149,24,74,16,1,1
149,25,101,15,1,1
149,26,68,16,1,1
149,27,119,24,1,1
149,28,98,21,1,1
149,29,76,12,1,1
149,30,111,10,1,1
149,31,80,12,1,1
149,32,67,16,1,1
150,1,88,10,1,1
150,2,120,11,1,1
150,3,107,9,1,1
150,4,96,18,1,1
150,5,94,16,1,1
150,6,110,20,1,1
150,7,69,8,1,1
150,8,117,17,1,1
150,9,92,13,1,1
150,10,89,11,1,1
150,11,71,7,1,1
150,12,86,16,1,1
150,13,79,17,1,1
150,14,116,13,1,1
150,15,112,18,1,1
150,16,100,20,1,1
150,17,101,15,1,1
150,18,80,12,1,1
150,19,76,12,1,1
150,20,78,5,1,1
150,21,81,21,1,1
150,22,67,16,1,1
150,23,119,24,1,1
150,24,102,10,1,1
150,25,109,16,1,1
150,26,108,19,1,1
150,27,93,14,1,1
150,28,70,14,1,1
150,29,87,19,1,1
150,30,72,12,1,1
150,31,99,18,1,1
150,32,105,9,1,1
151,1,97,26,1,1
151,2,104,15,1,1
151,3,63,31,1,1
151,4,117,17,1,1
151,5,61,25,1,1
151,6,103,8,1,1
151,7,67,16,1,1
151,8,68,16,1,1
151,9,99,18,1,1
151,10,78,5,1,1
151,11,70,14,1,1
151,12,80,12,1,1
151,13,100,20,1,1
151,14,110,20,1,1
151,15,94,16,1,1
151,16,73,15,1,1
151,17,112,18,1,1
151,18,101,15,1,1
151,19,85,20,1,1
151,20,82,33,1,1
151,21,111,10,1,1
151,22,114,14,1,1
151,23,76,12,1,1
151,24,89,11,1,1
151,25,81,21,1,1
151,26,102,10,1,1
151,27,93,14,1,1
151,28,66,22,1,1
151,29,107,9,1,1
151,30,64,22,1,1
151,31,83,27,1,1
151,32,79,17,1,1
152,1,86,16,1,1
152,2,119,24,1,1
152,3,106,9,1,1
152,4,113,18,1,1
152,5,100,20,1,1
152,6,65,19,1,1
152,7,94,16,1,1
152,8,105,9,1,1
152,9,117,17,1,1
152,10,82,33,1,1
152,11,109,16,1,1
152,12,64,22,1,1
152,13,101,15,1,1
152,14,102,10,1,1
152,15,99,18,1,1
152,16,71,7,1,1
152,17,108,19,1,1
152,18,81,21,1,1
152,19,62,17,1,1
152,20,96,18,1,1
152,21,120,11,1,1
152,22,72,12,1,1
152,23,61,25,1,1
152,24,112,18,1,1
152,25,103,8,1,1
152,26,74,16,1,1
152,27,116,13,1,1
152,28,107,9,1,1
152,29,78,5,1,1
152,30,98,21,1,1
152,31,77,18,1,1
152,32,85,20,1,1
153,1,103,8,1,1
153,2,111,10,1,1
153,3,107,9,1,1
153,4,71,7,1,1
153,5,99,18,1,1
153,6,80,12,1,1
153,7,91,5,1,1
153,8,78,5,1,1
153,9,102,10,1,1
153,10,67,16,1,1
153,11,64,22,1,1
153,12,77,18,1,1
153,13,119,24,1,1
153,14,115,16,1,1
153,15,108,19,1,1
153,16,68,16,1,1
153,17,87,19,1,1
153,18,81,21,1,1
153,19,117,17,1,1
153,20,96,18,1,1
153,21,113,18,1,1
153,22,63,31,1,1
153,23,120,11,1,1
153,24,61,25,1,1
153,25,105,9,1,1
153,26,73,15,1,1
153,27,104,15,1,1
153,28,109,16,1,1
153,29,92,13,1,1
153,30,110,20,1,1
153,31,118,20,1,1
153,32,100,20,1,1
154,1,116,13,1,1
154,2,83,27,1,1
154,3,110,20,1,1
154,4,77,18,1,1
154,5,115,16,1,1
154,6,84,21,1,1
154,7,98,21,1,1
154,8,95,21,1,1
154,9,74,16,1,1
154,10,91,5,1,1
154,11,71,7,1,1
154,12,113,18,1,1
154,13,69,8,1,1
154,14,104,15,1,1
154,15,86,16,1,1
154,16,106,9,1,1
154,17,90,7,1,1
154,18,78,5,1,1
154,19,61,25,1,1
154,20,76,12,1,1
154,21,62,17,1,1
154,22,119,24,1,1
154,23,75,14,1,1
154,24,80,12,1,1
154,25,114,14,1,1
154,26,101,15,1,1
154,27,94,16,1,1
154,28,93,14,1,1
154,29,111,10,1,1
154,30,97,26,1,1
154,31,67,16,1,1
154,32,66,22,1,1
155,1,73,15,1,1
155,2,67,16,1,1
155,3,79,17,1,1
155,4,87,19,1,1
155,5,106,9,1,1
155,6,72,12,1,1
155,7,91,5,1,1
155,8,65,19,1,1
155,9,92,13,1,1
155,10,62,17,1,1
155,11,96,18,1,1
155,12,89,11,1,1
155,13,68,16,1,1
155,14,102,10,1,1
155,15,117,17,1,1
155,16,88,10,1,1
155,17,111,10,1,1
155,18,94,16,1,1
155,19,76,12,1,1
155,20,120,11,1,1
155,21,116,13,1,1
155,22,84,21,1,1
155,23,69,8,1,1
155,24,118,20,1,1
155,25,82,33,1,1
155,26,99,18,1,1
155,27,100,20,1,1
155,28,105,9,1,1
155,29,75,14,1,1
155,30,104,15,1,1
155,31,114,14,1,1
155,32,74,16,1,1
156,1,111,10,1,1
156,2,97,26,1,1
156,3,81,21,1,1
156,4,112,18,1,1
156,5,88,10,1,1
156,6,101,15,1,1
156,7,90,7,1,1
156,8,72,12,1,1
156,9,77,18,1,1
156,10,71,7,1,1
156,11,66,22,1,1
156,12,103,8,1,1
156,13,102,10,1,1
156,14,105,9,1,1
156,15,116,13,1,1
156,16,73,15,1,1
156,17,87,19,1,1
156,18,115,16,1,1
156,19,68,16,1,1
156,20,120,11,1,1
156,21,84,21,1,1
156,22,67,16,1,1
156,23,100,20,1,1
156,24,80,12,1,1
156,25,113,18,1,1
156,26,89,11,1,1
156,27,64,22,1,1
156,28,83,27,1,1
156,29,94,16,1,1
156,30,117,17,1,1
156,31,107,9,1,1
156,32,108,19,1,1
157,1,92,13,1,1
157,2,82,33,1,1
157,3,76,12,1,1
157,4,66,22,1,1
157,5,86,16,1,1
157,6,72,12,1,1
157,7,107,9,1,1
157,8,95,21,1,1
157,9,83,27,1,1
157,10,111,10,1,1
157,11,62,17,1,1
157,12,64,22,1,1
157,13,79,17,1,1
157,14,117,17,1,1
157,15,91,5,1,1
157,16,101,15,1,1
157,17,108,19,1,1
157,18,63,31,1,1
157,19,105,9,1,1
157,20,106,9,1,1
157,21,71,7,1,1
157,22,94,16,1,1
157,23,61,25,1,1
157,24,113,18,1,1
157,25,99,18,1,1
157,26,67,16,1,1
157,27,114,14,1,1
157,28,104,15,1,1
157,29,81,21,1,1
157,30,103,8,1,1
157,31,88,10,1,1
157,32,118,20,1,1
158,1,86,16,1,1
158,2,111,10,1,1
158,3,80,12,1,1
158,4,103,8,1,1
158,5,115,16,1,1
158,6,89,11,1,1
158,7,102,10,1,1
158,8,120,11,1,1
158,9,108,19,1,1
158,10,94,16,1,1
158,11,104,15,1,1
158,12,81,21,1,1
158,13,66,22,1,1
158,14,88,10,1,1
158,15,67,16,1,1
158,16,100,20,1,1
158,17,114,14,1,1
158,18,77,18,1,1
158,19,85,20,1,1
158,20,69,8,1,1
158,21,91,5,1,1
158,22,71,7,1,1
158,23,119,24,1,1
158,24,98,21,1,1
158,25,75,14,1,1
158,26,96,18,1,1
158,27,64,22,1,1
158,28,105,9,1,1
158,29,107,9,1,1
158,30,72,12,1,1
158,31,95,21,1,1
158,32,106,9,1,1
159,1,64,22,1,1
159,2,107,9,1,1
159,3,81,21,1,1
159,4,111,10,1,1
159,5,92,13,1,1
159,6,115,16,1,1
159,7,103,8,1,1
159,8,105,9,1,1
159,9,91,5,1,1
159,10,65,19,1,1
159,11,97,26,1,1
159,12,104,15,1,1
159,13,78,5,1,1
159,14,61,25,1,1
159,15,70,14,1,1
159,16,110,20,1,1
159,17,112,18,1,1
159,18,88,10,1,1
159,19,79,17,1,1
159,20,80,12,1,1
159,21,98,21,1,1
159,22,95,21,1,1
159,23,66,22,1,1
159,24,77,18,1,1
159,25,109,16,1,1
159,26,87,19,1,1
159,27,69,8,1,1
159,28,102,10,1,1
159,29,72,12,1,1
159,30,76,12,1,1
159,31,83,27,1,1
159,32,120,11,1,1
160,1,118,20,1,1
160,2,76,12,1,1
160,3,66,22,1,1
160,4,63,31,1,1
160,5,107,9,1,1
160,6,119,24,1,1
160,7,83,27,1,1
160,8,62,17,1,1
160,9,102,10,1,1
160,10,116,13,1,1
160,11,98,21,1,1
160,12,111,10,1,1
160,13,85,20,1,1
160,14,64,22,1,1
160,15,79,17,1,1
160,16,69,8,1,1
160,17,100,20,1,1
160,18,73,15,1,1
160,19,80,12,1,1
160,20,101,15,1,1
160,21,117,17,1,1
160,22,95,21,1,1
160,23,104,15,1,1
160,24,113,18,1,1
160,25,105,9,1,1
160,26,72,12,1,1
160,27,103,8,1,1
160,28,93,14,1,1
160,29,84,21,1,1
160,30,92,13,1,1
160,31,87,19,1,1
160,32,91,5,1,1
161,1,72,12,1,1
161,2,73,15,1,1
161,3,116,13,1,1
161,4,103,8,1,1
161,5,61,25,1,1
161,6,113,18,1,1
161,7,99,18,1,1
161,8,75,14,1,1
161,9,81,21,1,1
161,10,102,10,1,1
161,11,109,16,1,1
161,12,92,13,1,1
161,13,120,11,1,1
161,14,93,14,1,1
161,15,106,9,1,1
161,16,100,20,1,1
161,17,68,16,1,1
161,18,74,16,1,1
161,19,118,20,1,1
161,20,112,18,1,1
161,21,67,16,1,1
161,22,69,8,1,1
161,23,90,7,1,1
161,24,98,21,1,1
161,25,78,5,1,1
161,26,85,20,1,1
161,27,65,19,1,1
161,28,77,18,1,1
161,29,105,9,1,1
161,30,119,24,1,1
161,31,76,12,1,1
161,32,66,22,1,1
162,1,86,16,1,1
162,2,101,15,1,1
162,3,117,17,1,1
162,4,78,5,1,1
162,5,62,17,1,1
162,6,70,14,1,1
162,7,110,20,1,1
162,8,69,8,1,1
162,9,111,10,1,1
162,10,116,13,1,1
162,11,74,16,1,1
162,12,119,24,1,1
162,13,72,12,1,1
162,14,92,13,1,1
162,15,63,31,1,1
162,16,96,18,1,1
162,17,102,10,1,1
162,18,94,16,1,1
162,19,87,19,1,1
162,20,73,15,1,1
162,21,108,19,1,1
162,22,81,21,1,1
162,23,98,21,1,1
162,24,90,7,1,1
162,25,65,19,1,1
162,26,114,14,1,1
162,27,99,18,1,1
162,28,104,15,1,1
162,29,64,22,1,1
162,30,79,17,1,1
162,31,118,20,1,1
162,32,100,20,1,1
163,1,71,7,1,1
163,2,64,22,1,1
163,3,117,17,1,1
163,4,74,16,1,1
163,5,104,15,1,1
163,6,92,13,1,1
163,7,116,13,1,1
163,8,101,15,1,1
163,9,111,10,1,1
163,10,84,21,1,1
163,11,83,27,1,1
163,12,109,16,1,1
163,13,93,14,1,1
163,14,105,9,1,1
163,15,65,19,1,1
163,16,72,12,1,1
163,17,108,19,1,1
163,18,97,26,1,1
163,19,87,19,1,1
163,20,98,21,1,1
163,21,67,16,1,1
163,22,99,18,1,1
163,23,79,17,1,1
163,24,113,18,1,1
163,25,106,9,1,1
163,26,76,12,1,1
163,27,90,7,1,1
163,28,100,20,1,1
163,29,102,10,1,1
163,30,115,16,1,1
163,31,89,11,1,1
163,32,120,11,1,1
164,1,67,16,1,1
164,2,95,21,1,1
164,3,88,10,1,1
164,4,101,15,1,1
164,5,76,12,1,1
164,6,65,19,1,1
164,7,113,18,1,1
164,8,92,13,1,1
164,9,77,18,1,1
164,10,100,20,1,1
164,11,64,22,1,1
164,12,97,26,1,1
164,13,108,19,1,1
164,14,68,16,1,1
164,15,106,9,1,1
164,16,94,16,1,1
164,17,86,16,1,1
164,18,117,17,1,1
164,19,66,22,1,1
164,20,93,14,1,1
164,21,71,7,1,1
164,22,78,5,1,1
164,23,116,13,1,1
164,24,70,14,1,1
164,25,80,12,1,1
164,26,62,17,1,1
164,27,110,20,1,1
164,28,112,18,1,1
164,29,99,18,1,1
164,30,118,20,1,1
164,31,81,21,1,1
164,32,90,7,1,1
165,1,71,7,1,1
165,2,117,17,1,1
165,3,114,14,1,1
165,4,100,20,1,1
165,5,118,20,1,1
165,6,108,19,1,1
165,7,112,18,1,1
165,8,104,15,1,1
165,9,84,21,1,1
165,10,109,16,1,1
165,11,97,26,1,1
165,12,103,8,1,1
165,13,61,25,1,1
165,14,85,20,1,1
165,15,119,24,1,1
165,16,94,16,1,1
165,17,115,16,1,1
165,18,73,15,1,1
165,19,106,9,1,1
165,20,81,21,1,1
165,21,101,15,1,1
165,22,120,11,1,1
165,23,89,11,1,1
165,24,72,12,1,1
165,25,110,20,1,1
165,26,93,14,1,1
165,27,69,8,1,1
165,28,88,10,1,1
165,29,96,18,1,1
165,30,67,16,1,1
165,31,80,12,1,1
165,32,62,17,1,1
166,1,115,16,1,1
166,2,106,9,1,1
166,3,82,33,1,1
166,4,73,15,1,1
166,5,108,19,1,1
166,6,96,18,1,1
166,7,93,14,1,1
166,8,80,12,1,1
166,9,81,21,1,1
166,10,78,5,1,1
166,11,100,20,1,1
166,12,110,20,1,1
166,13,101,15,1,1
166,14,79,17,1,1
166,15,113,18,1,1
166,16,70,14,1,1
166,17,65,19,1,1
166,18,92,13,1,1
166,19,61,25,1,1
166,20,103,8,1,1
166,21,88,10,1,1
166,22,119,24,1,1
166,23,90,7,1,1
166,24,86,16,1,1
166,25,95,21,1,1
166,26,62,17,1,1
166,27,102,10,1,1
166,28,94,16,1,1
166,29,77,18,1,1
166,30,66,22,1,1
166,31,116,13,1,1
166,32,120,11,1,1
167,1,66,22,1,1
167,2,101,15,1,1
167,3,82,33,1,1
167,4,74,16,1,1
167,5,119,24,1,1
167,6,118,20,1,1
167,7,78,5,1,1
167,8,108,19,1,1
167,9,69,8,1,1
167,10,116,13,1,1
167,11,115,16,1,1
167,12,86,16,1,1
167,13,105,9,1,1
167,14,109,16,1,1
167,15,67,16,1,1
167,16,104,15,1,1
167,17,75,14,1,1
167,18,71,7,1,1
167,19,61,25,1,1
167,20,88,10,1,1
167,21,120,11,1,1
167,22,85,20,1,1
167,23,87,19,1,1
167,24,103,8,1,1
167,25,98,21,1,1
167,26,100,20,1,1
167,27,93,14,1,1
167,28,107,9,1,1
167,29,97,26,1,1
167,30,114,14,1,1
167,31,80,12,1,1
167,32,76,12,1,1
168,1,68,16,1,1
168,2,113,18,1,1
168,3,103,8,1,1
168,4,101,15,1,1
168,5,90,7,1,1
168,6,78,5,1,1
168,7,82,33,1,1
168,8,67,16,1,1
168,9,75,14,1,1
168,10,117,17,1,1
168,11,69,8,1,1
168,12,98,21,1,1
168,13,111,10,1,1
168,14,61,25,1,1
168,15,86,16,1,1
168,16,76,12,1,1
168,17,70,14,1,1
168,18,64,22,1,1
168,19,114,14,1,1
168,20,71,7,1,1
168,21,65,19,1,1
168,22,102,10,1,1
168,23,108,19,1,1
168,24,72,12,1,1
168,25,66,22,1,1
168,26,81,21,1,1
168,27,84,21,1,1
168,28,62,17,1,1
168,29,77,18,1,1
168,30,63,31,1,1
168,31,110,20,1,1
168,32,79,17,1,1
169,1,61,25,1,1
169,2,93,14,1,1
169,3,87,19,1,1
169,4,112,18,1,1
169,5,108,19,1,1
169,6,89,11,1,1
169,7,65,19,1,1
169,8,73,15,1,1
169,9,62,17,1,1
169,10,75,14,1,1
169,11,85,20,1,1
169,12,110,20,1,1
169,13,91,5,1,1
169,14,103,8,1,1
169,15,68,16,1,1
169,16,63,31,1,1
169,17,99,18,1,1
169,18,100,20,1,1
169,19,101,15,1,1
169,20,95,21,1,1
169,21,74,16,1,1
169,22,83,27,1,1
169,23,118,20,1,1
169,24,67,16,1,1
169,25,113,18,1,1
169,26,115,16,1,1
169,27,107,9,1,1
169,28,94,16,1,1
169,29,116,13,1,1
169,30,78,5,1,1
169,31,92,13,1,1
169,32,90,7,1,1
170,1,82,33,1,1
170,2,84,21,1,1
170,3,67,16,1,1
170,4,93,14,1,1
170,5,73,15,1,1
170,6,65,19,1,1
170,7,114,14,1,1
170,8,95,21,1,1
170,9,117,17,1,1
170,10,96,18,1,1
170,11,76,12,1,1
170,12,120,11,1,1
170,13,85,20,1,1
170,14,68,16,1,1
170,15,79,17,1,1
170,16,115,16,1,1
170,17,106,9,1,1
170,18,70,14,1,1
170,19,103,8,1,1
170,20,94,16,1,1
170,21,61,25,1,1
170,22,118,20,1,1
170,23,80,12,1,1
170,24,75,14,1,1
170,25,71,7,1,1
170,26,98,21,1,1
170,27,72,12,1,1
170,28,116,13,1,1
170,29,89,11,1,1
170,30,83,27,1,1
170,31,81,21,1,1
170,32,100,20,1,1
171,1,102,10,1,1
171,2,75,14,1,1
171,3,65,19,1,1
171,4,72,12,1,1
171,5,100,20,1,1
171,6,99,18,1,1
171,7,83,27,1,1
171,8,112,18,1,1
171,9,114,14,1,1
171,10,79,17,1,1
171,11,62,17,1,1
171,12,77,18,1,1
171,13,113,18,1,1
171,14,86,16,1,1
171,15,92,13,1,1
171,16,104,15,1,1
171,17,93,14,1,1
171,18,88,10,1,1
171,19,87,19,1,1
171,20,63,31,1,1
171,21,111,10,1,1
171,22,91,5,1,1
171,23,106,9,1,1
171,24,90,7,1,1
171,25,84,21,1,1
171,26,103,8,1,1
171,27,109,16,1,1
171,28,108,19,1,1
171,29,81,21,1,1
171,30,80,12,1,1
171,31,116,13,1,1
171,32,117,17,1,1
172,1,71,7,1,1
172,2,90,7,1,1
172,3,113,18,1,1
172,4,73,15,1,1
172,5,85,20,1,1
172,6,101,15,1,1
172,7,61,25,1,1
172,8,77,18,1,1
172,9,119,24,1,1
172,10,103,8,1,1
172,11,111,10,1,1
172,12,66,22,1,1
172,13,110,20,1,1
172,14,116,13,1,1
172,15,87,19,1,1
172,16,109,16,1,1
172,17,65,19,1,1
172,18,107,9,1,1
172,19,89,11,1,1
172,20,75,14,1,1
172,21,81,21,1,1
172,22,97,26,1,1
172,23,88,10,1,1
172,24,93,14,1,1
172,25,99,18,1,1
172,26,108,19,1,1
172,27,79,17,1,1
172,28,78,5,1,1
172,29,100,20,1,1
172,30,94,16,1,1
172,31,64,22,1,1
172,32,92,13,1,1
173,1,82,33,1,1
173,2,85,20,1,1
173,3,108,19,1,1
173,4,84,21,1,1
173,5,67,16,1,1
173,6,81,21,1,1
173,7,104,15,1,1
173,8,119,24,1,1
173,9,76,12,1,1
173,10,118,20,1,1
173,11,86,16,1,1
173,12,88,10,1,1
173,13,92,13,1,1
173,14,66,22,1,1
173,15,80,12,1,1
173,16,101,15,1,1
173,17,100,20,1,1
173,18,75,14,1,1
173,19,95,21,1,1
173,20,90,7,1,1
173,21,78,5,1,1
173,22,62,17,1,1
173,23,91,5,1,1
173,24,65,19,1,1
173,25,110,20,1,1
173,26,109,16,1,1
173,27,94,16,1,1
173,28,106,9,1,1
173,29,107,9,1,1
173,30,98,21,1,1
173,31,61,25,1,1
173,32,77,18,1,1
174,1,103,8,1,1
174,2,107,9,1,1
174,3,80,12,1,1
174,4,101,15,1,1
174,5,88,10,1,1
174,6,120,11,1,1
174,7,85,20,1,1
174,8,104,15,1,1
174,9,61,25,1,1
174,10,76,12,1,1
174,11,81,21,1,1
174,12,71,7,1,1
174,13,109,16,1,1
174,14,64,22,1,1
174,15,87,19,1,1
174,16,84,21,1,1
174,17,100,20,1,1
174,18,83,27,1,1
174,19,86,16,1,1
174,20,77,18,1,1
174,21,69,8,1,1
174,22,72,12,1,1
174,23,116,13,1,1
174,24,62,17,1,1
174,25,97,26,1,1
174,26,91,5,1,1
174,27,82,33,1,1
174,28,94,16,1,1
174,29,67,16,1,1
174,30,90,7,1,1
174,31,78,5,1,1
174,32,98,21,1,1
175,1,61,25,1,1
175,2,83,27,1,1
175,3,114,14,1,1
175,4,110,20,1,1
175,5,104,15,1,1
175,6,84,21,1,1
175,7,80,12,1,1
175,8,72,12,1,1
175,9,117,17,1,1
175,10,90,7,1,1
175,11,65,19,1,1
175,12,77,18,1,1
175,13,86,16,1,1
175,14,100,20,1,1
175,15,71,7,1,1
175,16,64,22,1,1
175,17,81,21,1,1
175,18,102,10,1,1
175,19,109,16,1,1
175,20,70,14,1,1
175,21,74,16,1,1
175,22,98,21,1,1
175,23,69,8,1,1
175,24,108,19,1,1
175,25,112,18,1,1
175,26,93,14,1,1
175,27,78,5,1,1
175,28,91,5,1,1
175,29,66,22,1,1
175,30,118,20,1,1
175,31,88,10,1,1
175,32,115,16,1,1
176,1,79,17,1,1
176,2,95,21,1,1
176,3,80,12,1,1
176,4,120,11,1,1
176,5,65,19,1,1
176,6,119,24,1,1
176,7,62,17,1,1
176,8,86,16,1,1
176,9,93,14,1,1
176,10,88,10,1,1
176,11,66,22,1,1
176,12,71,7,1,1
176,13,99,18,1,1
176,14,74,16,1,1
176,15,112,18,1,1
176,16,67,16,1,1
176,17,115,16,1,1
176,18,76,12,1,1
176,19,111,10,1,1
176,20,77,18,1,1
176,21,107,9,1,1
176,22,103,8,1,1
176,23,96,18,1,1
176,24,73,15,1,1
176,25,83,27,1,1
176,26,89,11,1,1
176,27,92,13,1,1
176,28,110,20,1,1
176,29,69,8,1,1
176,30,84,21,1,1
176,31,106,9,1,1
176,32,102,10,1,1
177,1,72,12,1,1
177,2,79,17,1,1
177,3,93,14,1,1
177,4,86,16,1,1
177,5,62,17,1,1
177,6,103,8,1,1
177,7,68,16,1,1
177,8,67,16,1,1
177,9,92,13,1,1
177,10,63,31,1,1
177,11,111,10,1,1
177,12,90,7,1,1
177,13,118,20,1,1
177,14,100,20,1,1
177,15,84,21,1,1
177,16,110,20,1,1
177,17,81,21,1,1
177,18,101,15,1,1
177,19,99,18,1,1
177,20,85,20,1,1
177,21,80,12,1,1
177,22,82,33,1,1
177,23,109,16,1,1
177,24,78,5,1,1
177,25,61,25,1,1
177,26,73,15,1,1
177,27,70,14,1,1
177,28,65,19,1,1
177,29,112,18,1,1
177,30,88,10,1,1
177,31,83,27,1,1
177,32,96,18,1,1
178,1,103,8,1,1
178,2,64,22,1,1
178,3,90,7,1,1
178,4,75,14,1,1
178,5,78,5,1,1
178,6,116,13,1,1
178,7,65,19,1,1
178,8,97,26,1,1
178,9,102,10,1,1
178,10,76,12,1,1
178,11,82,33,1,1
178,12,105,9,1,1
178,13,74,16,1,1
178,14,95,21,1,1
178,15,84,21,1,1
178,16,67,16,1,1
178,17,115,16,1,1
178,18,94,16,1,1
178,19,100,20,1,1
178,20,62,17,1,1
178,21,69,8,1,1
178,22,80,12,1,1
178,23,99,18,1,1
178,24,104,15,1,1
178,25,91,5,1,1
178,26,101,15,1,1
178,27,112,18,1,1
178,28,73,15,1,1
178,29,85,20,1,1
178,30,88,10,1,1
178,31,110,20,1,1
178,32,63,31,1,1
179,1,97,26,1,1
179,2,115,16,1,1
179,3,62,17,1,1
179,4,107,9,1,1
179,5,96,18,1,1
179,6,117,17,1,1
179,7,82,33,1,1
179,8,102,10,1,1
179,9,105,9,1,1
179,10,114,14,1,1
179,11,79,17,1,1
179,12,85,20,1,1
179,13,75,14,1,1
179,14,71,7,1,1
179,15,89,11,1,1
179,16,65,19,1,1
179,17,94,16,1,1
179,18,78,5,1,1
179,19,63,31,1,1
179,20,106,9,1,1
179,21,70,14,1,1
179,22,88,10,1,1
179,23,61,25,1,1
179,24,104,15,1,1
179,25,108,19,1,1
179,26,76,12,1,1
179,27,93,14,1,1
179,28,95,21,1,1
179,29,64,22,1,1
179,30,110,20,1,1
179,31,101,15,1,1
179,32,68,16,1,1
180,1,107,9,1,1
180,2,100,20,1,1
180,3,89,11,1,1
180,4,97,26,1,1
180,5,64,22,1,1
180,6,96,18,1,1
180,7,81,21,1,1
180,8,63,31,1,1
180,9,70,14,1,1
180,10,120,11,1,1
180,11,77,18,1,1
180,12,98,21,1,1
180,13,72,12,1,1
180,14,95,21,1,1
180,15,102,10,1,1
180,16,99,18,1,1
180,17,103,8,1,1
180,18,94,16,1,1
180,19,61,25,1,1
180,20,86,16,1,1
180,21,87,19,1,1
180,22,106,9,1,1
180,23,115,16,1,1
180,24,110,20,1,1
180,25,104,15,1,1
180,26,112,18,1,1
180,27,73,15,1,1
180,28,83,27,1,1
180,29,69,8,1,1
180,30,90,7,1,1
180,31,84,21,1,1
180,32,85,20,1,1
181,1,81,21,1,1
181,2,114,14,1,1
181,3,71,7,1,1
181,4,111,10,1,1
181,5,97,26,1,1
181,6,101,15,1,1
181,7,107,9,1,1
181,8,69,8,1,1
181,9,66,22,1,1
181,10,74,16,1,1
181,11,85,20,1,1
181,12,104,15,1,1
181,13,67,16,1,1
181,14,92,13,1,1
181,15,68,16,1,1
181,16,76,12,1,1
181,17,116,13,1,1
181,18,106,9,1,1
181,19,62,17,1,1
181,20,95,21,1,1
181,21,82,33,1,1
181,22,100,20,1,1
181,23,89,11,1,1
181,24,110,20,1,1
181,25,88,10,1,1
181,26,86,16,1,1
181,27,115,16,1,1
181,28,73,15,1,1
181,29,112,18,1,1
181,30,87,19,1,1
181,31,94,16,1,1
181,32,64,22,1,1
182,1,69,8,1,1
182,2,106,9,1,1
182,3,64,22,1,1
182,4,99,18,1,1
182,5,92,13,1,1
182,6,117,17,1,1
182,7,65,19,1,1
182,8,97,26,1,1
182,9,91,5,1,1
182,10,107,9,1,1
182,11,88,10,1,1
182,12,75,14,1,1
182,13,71,7,1,1
182,14,115,16,1,1
182,15,111,10,1,1
182,16,61,25,1,1
182,17,81,21,1,1
182,18,103,8,1,1
182,19,86,16,1,1
182,20,94,16,1,1
182,21,105,9,1,1
182,22,101,15,1,1
182,23,104,15,1,1
182,24,85,20,1,1
182,25,74,16,1,1
182,26,112,18,1,1
182,27,116,13,1,1
182,28,110,20,1,1
182,29,84,21,1,1
182,30,66,22,1,1
182,31,113,18,1,1
182,32,100,20,1,1
183,1,87,19,1,1
183,2,63,31,1,1
183,3,111,10,1,1
183,4,102,10,1,1
183,5,110,20,1,1
183,6,72,12,1,1
183,7,104,15,1,1
183,8,103,8,1,1
183,9,100,20,1,1
183,10,113,18,1,1
183,11,61,25,1,1
183,12,119,24,1,1
183,13,94,16,1,1
183,14,97,26,1,1
183,15,64,22,1,1
183,16,65,19,1,1
183,17,96,18,1,1
183,18,89,11,1,1
183,19,86,16,1,1
183,20,101,15,1,1
183,21,82,33,1,1
183,22,74,16,1,1
183,23,84,21,1,1
183,24,79,17,1,1
183,25,62,17,1,1
183,26,85,20,1,1
183,27,95,21,1,1
183,28,88,10,1,1
183,29,83,27,1,1
183,30,116,13,1,1
183,31,105,9,1,1
183,32,118,20,1,1
184,1,90,7,1,1
184,2,115,16,1,1
184,3,69,8,1,1
184,4,66,22,1,1
184,5,109,16,1,1
184,6,67,16,1,1
184,7,105,9,1,1
184,8,71,7,1,1
184,9,120,11,1,1
184,10,83,27,1,1
184,11,108,19,1,1
184,12,102,10,1,1
184,13,113,18,1,1
184,14,70,14,1,1
184,15,118,20,1,1
184,16,92,13,1,1
184,17,100,20,1,1
184,18,89,11,1,1
184,19,65,19,1,1
184,20,64,22,1,1
184,21,106,9,1,1
184,22,81,21,1,1
184,23,82,33,1,1
184,24,93,14,1,1
184,25,86,16,1,1
184,26,98,21,1,1
184,27,73,15,1,1
184,28,96,18,1,1
184,29,79,17,1,1
184,30,117,17,1,1
184,31,107,9,1,1
184,32,119,24,1,1
185,1,84,21,1,1
185,2,112,18,1,1
185,3,97,26,1,1
185,4,66,22,1,1
185,5,85,20,1,1
185,6,88,10,1,1
185,7,86,16,1,1
185,8,92,13,1,1
185,9,61,25,1,1
185,10,104,15,1,1
185,11,113,18,1,1
185,12,68,16,1,1
185,13,65,19,1,1
185,14,98,21,1,1
185,15,106,9,1,1
185,16,111,10,1,1
185,17,62,17,1,1
185,18,82,33,1,1
185,19,78,5,1,1
185,20,93,14,1,1
185,21,108,19,1,1
185,22,118,20,1,1
185,23,71,7,1,1
185,24,72,12,1,1
185,25,115,16,1,1
185,26,109,16,1,1
185,27,75,14,1,1
185,28,74,16,1,1
185,29,73,15,1,1
185,30,67,16,1,1
185,31,103,8,1,1
185,32,63,31,1,1
186,1,71,7,1,1
186,2,102,10,1,1
186,3,108,19,1,1
186,4,103,8,1,1
186,5,93,14,1,1
186,6,87,19,1,1
186,7,117,17,1,1
186,8,98,21,1,1
186,9,112,18,1,1
186,10,63,31,1,1
186,11,84,21,1,1
186,12,104,15,1,1
186,13,90,7,1,1
186,14,65,19,1,1
186,15,75,14,1,1
186,16,95,21,1,1
186,17,69,8,1,1
186,18,92,13,1,1
186,19,97,26,1,1
186,20,77,18,1,1
186,21,107,9,1,1
186,22,91,5,1,1
186,23,106,9,1,1
186,24,80,12,1,1
186,25,111,10,1,1
186,26,105,9,1,1
186,27,72,12,1,1
186,28,82,33,1,1
186,29,67,16,1,1
186,30,101,15,1,1
186,31,61,25,1,1
186,32,68,16,1,1
187,1,77,18,1,1
187,2,83,27,1,1
187,3,89,11,1,1
187,4,109,16,1,1
187,5,71,7,1,1
187,6,110,20,1,1
187,7,95,21,1,1
187,8,76,12,1,1
187,9,103,8,1,1
187,10,65,19,1,1
187,11,63,31,1,1
187,12,73,15,1,1
187,13,100,20,1,1
187,14,69,8,1,1
187,15,118,20,1,1
187,16,94,16,1,1
187,17,61,25,1,1
187,18,105,9,1,1
187,19,81,21,1,1
187,20,88,10,1,1
187,21,106,9,1,1
187,22,82,33,1,1
187,23,91,5,1,1
187,24,70,14,1,1
187,25,107,9,1,1
187,26,115,16,1,1
187,27,119,24,1,1
187,28,67,16,1,1
187,29,114,14,1,1
187,30,74,16,1,1
187,31,104,15,1,1
187,32,80,12,1,1
188,1,90,7,1,1
188,2,80,12,1,1
188,3,62,17,1,1
188,4,97,26,1,1
188,5,63,31,1,1
188,6,93,14,1,1
188,7,95,21,1,1
188,8,71,7,1,1
188,9,103,8,1,1
188,10,92,13,1,1
188,11,86,16,1,1
188,12,101,15,1,1
188,13,73,15,1,1
188,14,100,20,1,1
188,15,77,18,1,1
188,16,96,18,1,1
188,17,91,5,1,1
188,18,104,15,1,1
188,19,84,21,1,1
188,20,69,8,1,1
188,21,94,16,1,1
188,22,109,16,1,1
188,23,112,18,1,1
188,24,74,16,1,1
188,25,88,10,1,1
188,26,87,19,1,1
188,27,76,12,1,1
188,28,82,33,1,1
188,29,68,16,1,1
188,30,111,10,1,1
188,31,108,19,1,1
188,32,75,14,1,1
189,1,118,20,1,1
189,2,110,20,1,1
189,3,117,17,1,1
189,4,103,8,1,1
189,5,111,10,1,1
189,6,119,24,1,1
189,7,62,17,1,1
189,8,73,15,1,1
189,9,97,26,1,1
189,10,92,13,1,1
189,11,96,18,1,1
189,12,83,27,1,1
189,13,112,18,1,1
189,14,89,11,1,1
189,15,78,5,1,1
189,16,66,22,1,1
189,17,77,18,1,1
189,18,84,21,1,1
189,19,90,7,1,1
189,20,95,21,1,1
189,21,94,16,1,1
189,22,106,9,1,1
189,23,99,18,1,1
189,24,109,16,1,1
189,25,61,25,1,1
189,26,70,14,1,1
189,27,98,21,1,1
189,28,67,16,1,1
189,29,114,14,1,1
189,30,102,10,1,1
189,31,80,12,1,1
189,32,72,12,1,1
190,1,88,10,1,1
190,2,110,20,1,1
190,3,96,18,1,1
190,4,84,21,1,1
190,5,106,9,1,1
190,6,89,11,1,1
190,7,116,13,1,1
190,8,102,10,1,1
190,9,80,12,1,1
190,10,104,15,1,1
190,11,99,18,1,1
190,12,93,14,1,1
190,13,67,16,1,1
190,14,71,7,1,1
190,15,66,22,1,1
190,16,108,19,1,1
190,17,85,20,1,1
190,18,82,33,1,1
190,19,90,7,1,1
190,20,68,16,1,1
190,21,92,13,1,1
190,22,72,12,1,1
190,23,107,9,1,1
190,24,115,16,1,1
190,25,113,18,1,1
190,26,103,8,1,1
190,27,117,17,1,1
190,28,98,21,1,1
190,29,119,24,1,1
190,30,81,21,1,1
190,31,64,22,1,1
190,32,97,26,1,1
