"V1","V2","V3","V4","V5","V6","V7","V8","V9","V10","V11","V12","V13","V14","V15","V16","V17","V18","V19","V20","V21","V22","V23","V24","V25","V26","V27","V28","V29","V30","V31","V32","V33","V34","V35","V36","V37","V38","V39","V40","V41","V42","V43","V44","V45","V46","V47","V48","V49","V50","V51","V52","V53","V54","V55","V56","V57","V58","V59","V60","V61","V62","V63","V64","V65","V66","V67","V68","V69","V70","V71","V72","V73","V74","V75","V76","V77","V78","V79","V80","V81","V82","V83","V84","V85","V86","V87","V88","V89","V90","V91"
256.585221485923,27.5770715676725,7.49535566014012,1.9387451196354,1.63046580012618,0.671644688546909,0.32517299131746,0.302951677951442,NA,80.6552982138828,NA,NA,1.35252563908541,2.92911207886486,0.063923693163069,0.0686412299307374,2.32630579002275,1.16239693092804,0.16649604750758,3.68736170604023,11.6992118865246,8.70932112406649,7.56182908268572,3.84603583084716,1.70067326942759,13.3441711658554,11.6181603056279,4.59906481161217,2.99926100278163,2.2535003881901,2.34442288651253,1.86531810465658,0.852678526539852,2.29343107041392,2.95989089764585,20.6590154936887,9.69381446901218,10.0736326380515,5.64690519871558,7.53776631691748,5.01476612905696,10.9577159210606,8.65361850104088,42.8856651922207,95.707208983779,11.1711007842043,12.1973873260067,5.55335279927525,1.88543708451412,5.09757205785331,4.09081407246324,28.2101255359477,96.7484933563233,34.7441988452265,8.25831889400356,36.7381160894087,NA,26.9788180606205,1.07355813399278,2.94271635743154,6.18737722029868,6.61989818059789,3.67233339539455,4.37890748127189,3.65705435865527,1.32501656184637,16.7782554057401,36.3074187849818,0.848963957353479,1.89085452968169,4.20272994793863,11.6734361466982,11.1763555305952,8.0109730414891,7.14910749557223,5.38761355239541,27.3143700574321,3.05092710889649,9.84868151513132,18.3371214887495,138.479985374743,NA,21.1383626148287,3.6985382730996,3.55059407491752,1.81500401033075,4.49078311607788,3.24142529034692,1.01503582723228,0.0957334026177356,11.3156895879941
248.486847529778,22.9568868980849,5.98323367360098,0.604611494684555,1.10292242668085,0.458515926429653,0.277405497521446,0.163918639563657,NA,82.0281147431151,NA,NA,3.55894019641306,3.90548505018836,0.226563333863465,0.083341205063301,0.949531387789404,0.537941705026485,0.0435672730366761,3.37700385235349,9.05061243327992,6.39248788182315,6.16407631036506,1.59466545711664,3.98548070629645,13.6427561774584,11.072718719104,3.82501825493351,2.3112770310017,1.47113728678134,1.45296537841859,1.37427035235082,0.722595217567985,2.8115898518938,0.705724460541663,19.9747570041935,7.90245706330519,11.4577771716662,5.72646300474039,6.8549420833682,4.33805208605856,10.0556567770811,8.14682189054886,42.1418316442271,108.839128397866,15.5721383418483,9.07608836704031,4.29001862414952,1.38459426213233,3.62004266566888,3.95846528044107,24.3623694731601,89.1985255502228,34.8304329619822,8.74593614316018,38.9719562206692,NA,25.7090945317458,0.209508408438773,2.06956152034236,3.9549833346497,4.0861382924936,2.69157214009812,3.35132282484588,2.57728540579067,0.751299266260733,14.1875780348354,35.984270856315,0.720952258233203,0.67617404767573,3.64265385043531,12.763744666419,11.6188879551926,7.79735636881992,7.20134683463117,5.10245323538982,24.8381945796987,3.44389821327052,9.79157040984006,19.3376441766336,136.522164157565,NA,22.8772366595309,4.25311823745961,3.92756115499485,1.46016948025917,3.6523729832475,2.8683761327713,1.01556964486735,0.245322713901358,4.21708205502826
247.176235065867,19.3625893102773,4.87872439174579,1.34983358478523,1.28082146568114,0.212557693229692,0.0980517558696138,0.324190350373393,NA,84.9993847901983,NA,NA,4.91859433644148,3.37637673205375,0.308535217481296,0.0411688172515672,1.63166664456978,0.214339477020984,0.044635002584848,4.81706065949059,12.2904047698744,7.64826224264155,5.42613370063845,3.48555105473979,0.187274113110733,14.4180192502861,11.6970055486086,4.24256869948326,2.68547420982146,2.50413857212832,1.81059156697452,1.65930032778511,0.773750945793049,1.20451224209617,9.13741861788135,26.2180763182397,10.0287073367144,10.061038114058,5.24912534748303,7.29543902268291,4.76307428974453,10.4322306271337,8.3392818097464,43.0467333505038,117.496115034875,18.133909653936,8.78617402249257,4.50733168801141,0.761463455924828,3.23629402661134,4.91082148824488,27.4502882271378,95.3886281546017,35.7135312419759,8.62006456912688,37.9200084300311,NA,28.4407496171034,0.582268807093311,2.14346958269985,4.71518028999228,4.16431502472718,4.0560008675632,3.77898779422929,3.0063838779939,1.04580155761174,15.2283570005952,36.0974417140883,0.0132948610170682,0.472555486994273,1.02770837772552,11.227307038157,12.0041273267105,7.71924287641578,7.37168219360423,5.13376413056364,26.3544619822243,2.03772758435581,8.45298101917138,17.8593811071892,140.54326359186,NA,19.6454682972436,3.11802579749144,3.81835816128095,1.578509281367,3.83677244722143,2.87355842893452,0.29323045397318,0.254937428670925,1.82655732969903
242.686984040074,29.5995664907507,9.35991800291586,3.37990239661694,2.26535541147182,0.25588986323913,0.102884343094312,0.267233975168884,NA,85.5751522296333,NA,NA,4.31160000142247,3.41845336149769,0.170776243245875,0.0125805523565548,1.90118572638425,1.19667830030932,0.0992378898793494,2.64670943527331,10.3526898081722,6.88376124614491,6.62165327580679,1.3961614325239,7.22381310064766,11.7059714112618,10.3071136601054,4.89799130484095,3.49528710808554,2.78390063022598,2.18356236724603,2.10391423004964,1.62101736152363,0.123878150501457,0.705967670800081,8.21235013668588,7.66497887745657,9.67458475271454,5.40285680807944,7.61688296198464,5.39819457648333,11.6251983299318,9.13858732168104,43.2528111159715,110.131685988855,9.79230840850958,12.0817916041214,5.0269916465973,1.00573478857444,4.72177260901644,5.0183453663078,29.1736312024453,96.1905204379799,35.1066160638337,8.34939703192684,36.0468787518143,NA,31.1951427120096,0.116022996247108,1.74412540169479,7.2797305509441,5.64039422419694,3.74010509491885,5.07879889704859,4.10249913469973,1.49413280837948,14.8811375185607,41.1282473988028,2.41555817952306,4.01001995802482,3.33553527685654,13.1342420791021,12.1672684248137,8.66824403196555,7.73923841509738,5.61794484638893,28.8445956166395,2.83575427280097,9.75720364140871,19.4607252940719,143.689537373309,NA,20.6399960622789,3.16622161964189,3.74795367395942,1.86469206559909,3.99405923019609,3.14738260850214,1.29294092620569,0.246500936662486,8.35797669272544
265.190427727849,28.0830460632197,8.32210169286089,2.28159273408627,1.61690968780038,0.347627492293799,0.156243151342859,0.212274191028024,NA,87.913494689604,NA,NA,6.22719249485357,3.65763152978961,0.220505335727409,0.0218302969336787,2.60712276937274,0.988803764676289,0.0334230891432588,4.62910557572546,10.4571005849429,8.1250985965789,7.41476934925896,1.93227966581769,6.60482537605756,13.7376027442018,13.3594259255154,5.19940041864529,2.97251704959487,2.36826927598658,2.23106754983068,2.18186506706532,1.77764643064788,0.0768073351674258,1.64341767318156,6.07682758460869,5.99225966254073,9.86658124283938,5.57315330184596,7.71295524400428,5.13225076825388,11.3145764683341,8.89208051553486,43.3622576928178,107.276693374988,8.10783292386806,13.9056835601597,8.970907414176,1.26307959026511,4.33913343580102,4.68452550089305,28.4836955991119,96.396145651222,35.4923418378292,8.32659861437913,36.3680514779432,NA,33.31602784777,1.89057778122129,3.14175577536071,6.92723935992676,6.779792627773,4.00189867032545,4.57705461823052,4.25645314622496,1.81494236854383,15.1286209835021,38.3797301195321,0.583666357042262,9.73481413602273,9.07663882959439,11.8797933699278,12.3378507201248,8.45970831187007,7.72974779944155,5.73844758902994,29.0362406413572,2.37579141896037,10.1589572717208,19.5439464786426,146.87669134555,NA,20.1371737234897,3.46424903395484,3.66660295002677,1.75158885036559,4.54291802831422,3.4955718092128,1.50411934511376,0.662867247596744,9.82365044610467
NA,NA,0.0153732518052866,0.0763545315880995,0.0493314615904047,0.157607515731113,0.0526786614905462,0.997938433681772,2.63411839295145,0.339490033745531,0.0572468575095083,10.7309448352964,0.0586429052036607,0.167656144475371,0.474262585817438,0.181612279662941,0.434460787976872,0.220655864620191,0.0692922614245415,0.345607547586595,1.61632375463343,1.0569953327999,0.684537488549611,0.0025796429090375,0.267583885458126,5.02117374776653,0.0837984732832916,0.151363863151106,0.10175308844597,0.0446220037805062,0.0771857520644079,0.051813091803762,0.12792966241778,1.37414594445757,3.31636054035208,7.53405976366158,4.74926821259724,0.00455810707020044,0.0277592229137364,0.492842806269115,0.364563912370606,0.894972897213222,0.380612453981178,2.53571624339541,3.28646309624657,20.6804319459072,19.3016665719518,34.0426738076106,5.54367150756719,1.117227706704,0.306763963863203,3.09218939981905,9.62552909278971,4.56003495684831,2.51546465681898,4.76436428165745,0.00576888984842302,218.813443021293,0.30617326992241,2.51449981509594,2.18528767449497,2.31128828558357,0.414460462339495,1.5672142380787,1.43667627641479,1.44583851587319,7.64568098719829,12.1465103873078,3.41483381584314,16.6575762007576,8.26936533713863,2.30464056281969,1.4947954402915,0.868995278784829,0.359701782963581,0.179529129451254,1.85638320271562,0.333364678076792,0.0223949163978642,0.127790207394903,3.11825535594246,0.862649325361522,0.302889022839849,0.0354263354009674,0.235700430274279,0.13459439733522,0.563329337818594,0.930508568249898,1.24722567635984,0.958083592860842,2.06737741097328
98.1114085133641,0.829278806183856,0.659630213387824,0.474962360657999,0.00831821835429371,0.00638093125194179,0.0853218231954375,0.138285505835543,0.00707839565328794,0.27377748904358,0.830613702702311,6.99872071464778,2.73634816621998,1.05635125833288,0.124360235429396,0.0365537537465692,0.0125468499507887,0.484798325908133,0.3040167090719,0.85359233113499,0.402019851231506,0.453488433376326,2.0561883225867,3.78086007776798,1.7981314163003,3.92067651006781,1.23642727299794,0.773400955261619,0.333124165064567,0.150092707864269,0.00516698973699563,0.127826594628112,0.184920396298532,0.0360662875728882,1.93469173660694,0.269569924204381,0.348103977020939,0.0160675625615793,0.179280911543875,0.695708278004721,0.573732638975208,1.41913715433312,0.466478868581149,2.02147329587254,56.1478291906427,14.8775944224891,6.64081034111367,26.8374147334115,5.93816954482989,2.48847620023189,2.12185378093213,1.95155855102307,22.3697403207815,0.44069332458484,1.96698769866485,2.95014380247854,0.410989862012631,0.0303319487004522,0.0488670197238267,0.861196660665805,3.0149270236157,2.07145552208443,0.932190203731379,2.5844118312164,2.11012177890378,0.703511102305799,13.8634391339497,11.167264580443,0.71551757164047,9.17511554235646,9.00012626560236,2.66659723938512,1.24889809190727,0.311171096644086,0.279409401355997,0.331643520943392,0.454720516821567,0.000825563089853815,0.403222228180279,0.300715737954279,0.507109650721544,0.0286639684637572,2.92721273212996,0.447983211774892,0.0836616931581548,0.00324017517049659,0.297519139102157,0.467428312650826,1.8300464922572,2.78553306197594,15.4349581348752
122.772090359174,29.7316685586463,2.21396122458597,2.55939610579918,1.22890717272675,0.146446685601451,0.0226622384879021,0.0197849281839117,10.2036745497672,40.4670472499082,8.65642266537296,15.5649949712068,0.0121075340105762,0.370721875069006,0.105071575764027,0.226537789949371,0.0219634748411422,0.892690927231552,0.12275882615427,0.103700717224798,2.83053877183226,3.24979283260107,2.80434573437391,4.53259560901151,0.931820274592588,19.138166105295,2.34662287761765,1.41330687635306,0.814056746387154,1.01262730117467,0.267568035595115,0.360204813175213,0.319281215169434,0.231803311817779,0.178757934993509,0.893090396328038,0.795161919246578,0.0781343438926414,0.217682102802733,0.000471231455901222,0.102285845634038,0.2141256450335,1.02724264939644,15.5221962708867,50.1496951243825,16.4750190294254,26.5654323741987,27.0971521531322,2.50132190919814,2.65763570652527,0.281557500389501,3.4454559529493,32.6041360089037,3.22804798228052,3.80529936809063,5.19434968618561,0.145085682957856,4.25168053599293,2.73212749868114,0.216210822772597,0.0175277586935981,0.000365572673057311,0.223543466704582,0.00166282017583716,0.169180229792024,0.12520835507633,1.24690412615422,7.51264431460692,14.7875926610841,37.6776648933164,18.4781747804769,5.20310652293791,3.39243028198283,1.77736120314387,0.326467753874637,0.115054768449574,0.103342343390018,0.467146023937487,0.134994439388475,8.87810022612294,1.2884773229263,5.69076216647257,7.63461066607257,0.3711865154162,0.427904166561012,0.374242735430563,1.32247419774085,1.87258228560326,4.75950317238875,5.00141077582205,35.5718749060854
10.5230640395972,0.854847201505989,2.46215696244276,0.14613250705578,0.445479511120441,0.0742400551791188,0.030538090742483,0.0189892654770781,0.204517351914768,0.115044820898752,2.51964920320955,1.76925222590747,0.681642003853958,0.0855579874690034,0.00287076598578335,0.0116054986134162,0.101840377190551,0.785683965641982,0.441966595608519,0.768609752727738,2.20609672312836,2.24822142085497,3.02483496505053,2.04670680022249,0.124677704553051,2.07578892069149,1.23425852453634,0.770417288594337,0.49580700540864,0.212779105317047,0.142880332735559,0.0606787176389109,0.00907148403829205,7.54359035840257e-05,0.1075643340647,0.13154271005742,0.0942691094600996,0.0573077826946783,0.0671119070572419,0.0400120829303218,0.175670538570236,0.488359050206622,0.170000583692509,2.55850975290316,61.5866022015607,18.0312794846293,11.756395023266,27.3535201855723,3.15423689786908,0.58715680379868,0.746928215417009,0.0933552339443868,0.111854244043218,0.0327827054114234,0.01376195630581,0.431073975127838,0.375037380843322,0.23632737321667,0.121515778211726,0.0745607110771444,0.338651549119599,1.58361863188203,0.0223763867173456,0.266076175149999,0.44087144450376,1.2768579116268,0.333210946939204,11.3302956067024,8.95132070759553,32.5439892254977,15.3979703228732,5.9103248566088,1.85649282498469,0.243380872633008,0.168440536036695,0.0537584086911448,0.356484781781095,0.243874327453253,0.172965624615315,0.0057039590328757,1.61510275604686,2.16621955367441,1.22632511841274,0.0159270500358586,0.0932957847326057,0.341937268926869,0.600307787826762,0.795638217926399,1.99292566407177,1.16619265673038,11.676394211579
70.6862454563692,1.41022595747828,0.850577501212461,2.6702232815985,0.484092545699353,0.0112419477417886,0.00184552454786268,0.000494121660470309,6.7031816383095,19.7418261115836,1.89342854670637,0.0155218535326957,1.35107612601426,2.80450127552451,0.116581402097951,0.00201442364550756,0.362030783836942,0.459654950442696,0.0752549596693231,0.219562062609399,2.13352833882849,1.86690041894202,1.45843813218679,2.14414311305857,0.165278910313013,0.679498018970588,0.972087168052524,0.466343183126879,0.11869040509573,0.00794509027636471,0.0412368179156519,0.0408083471862614,0.0951844738095457,0.0170151052440521,0.059459747837443,0.998395881300202,0.286403994351405,0.0103992728117623,0.0477966021834037,0.0088938539607498,0.0324520164777295,0.146865908611608,0.12342663900157,5.66357626017254,NA,9.887629236916,3.90548891871052,5.18793824000801,0.175513857393542,0.79538327701462,4.40516206608032,0.000668012709305956,0.252813975753701,0.54803990023994,7.43515979661464,0.959615651053199,7.53305815395728,0.081061025768392,2.11916178448981,0.110405657501825,2.40565332132199,4.53646494845645,1.95966034199604,0.931138270399889,0.0601536152607,0.00102500658455204,5.59857280514784,10.9497695541106,5.57544001131843,19.5915729377597,8.47664071127255,1.99868953091455,0.640296183904682,0.22709603489765,0.00267425447509201,0.000101392895397467,0.953542173685474,1.10430322969383,1.29913631685942,0.399102691641158,2.83401955069636,4.2654283856538,0.295769437292164,0.0322027072557901,0.0962348713257196,0.0943153554348287,0.259979724390972,0.22728475236737,1.18025321385585,1.4954069553729,6.3959670231153
NA,NA,2.48893907817429,1.40863341581837,0.157163702419574,0.466869591367915,0.42021924691893,0.89629044140199,7.55895393817567,25.6726009488396,143.654190052457,97.3130176042688,8.92066788938735,0.0496797463182828,0.720977382024905,0.603633803585581,0.0683011934517635,0.0913159328187073,0.277442722546091,0.128443460461228,2.823636504427,0.19469439177348,0.038267733165471,0.525172293945025,0.0408823631039364,6.74397758372969,7.3561458570542,7.2437354471191,0.879719831564797,0.537864231541112,0.320207703685158,0.326357794806718,0.581969604527471,1.07207183010314,0.474128406863481,1.43485754440079,0.110341052653536,0.287659879486043,0.968284942619209,0.576217581515984,0.338933764182755,0.0630350645796765,0.0784673035257,0.332854811694814,25.2861215636414,2.73254037980608,0.307654733383938,7.49612794227803,0.361867204903162,0.0124052477292714,0.628463867405539,9.42178226536859,2.77303323490132,3.02626636979982,7.05673973849725,0.0147864719651221,1.09675794162073,4.4317173422446,0.142120308986484,0.940841032075892,0.215698745110848,0.179186388343251,1.16429650140601,0.0549724237311154,0.114153120352891,0.0868516492984995,3.53145401830589,9.32253595348143,1.65047526089453,10.5982764771762,4.81832065954448,1.31064870045738,0.202529352116633,0.00475398055626769,0.0102991133466818,0.144976967256542,0.135391914173184,0.0111023194862201,0.000519501090187474,0.235768161210142,0.0714120109680996,9.52040971018722e-05,0.0174240289043058,0.28193370353297,0.00389387914259656,0.000675475305258241,0.114102205689954,0.119812415631662,0.218970650319993,0.136080396391094,2.98518559113786
NA,NA,0.696057542807558,0.00779865359518483,0.0653661444981995,0.000612485327176943,0.00990880381649103,6.10540146458438e-05,1.13962880051931,0.344205065822679,0.57693724634058,29.1311901947744,3.3749390475575,0.196167914704589,0.00304925045646221,0.0157617050903049,0.00876506687391317,0.0104585321591814,0.0406366241240592,0.0232683473886105,0.107756005051625,0.565753118624626,0.304522771198857,4.46742319364788e-06,0.438335366739126,0.39847213531782,1.02476636451235,1.8728230952869,0.124086625279705,0.00368518679935532,0.0854404640218817,0.112723994572313,0.11587753351693,0.0508036441163004,0.952960077596471,2.728587063039,0.373210320605941,0.178839126433129,0.218036655286023,0.157563263956316,0.0954151750552454,0.241062190863593,0.113145313956697,5.33889033624146,45.8218569640716,3.63235243557386,0.933860961523981,9.28347114382142,0.88475442547991,0.115062690410203,0.299565506469746,14.0740139522347,2.11920749555279,0.137512506322836,0.518286751560404,0.316706987051574,0.254496369955924,0.0132435136494332,0.0689010662020859,0.0585792681471832,1.08891831547243,2.26979436283156,0.00621558122572369,0.0366124587982157,0.197361301105391,0.220217799375821,4.73077323262344,8.89706902550179,4.52864376074002,21.9251107640415,9.98759282037378,3.29930912703245,1.26626909380739,0.239971578213611,0.282752052836432,0.330625800370602,2.2785857900092,1.20911425447246,0.558393077672494,0.70033674052412,4.17025135271635,0.901281093556542,1.07483061898026,0.137843875156887,0.241405908131693,0.0339894250696469,0.179916590391277,0.0659398454641685,0.733821163820084,0.521240135857848,1.84789613263516
NA,NA,1.25247633025997,0.238090698705288,0.103795663407716,0.0130739688502334,0.0512209563793753,0.0481067619108225,0.796553412188036,1.91741985465619,3.19079053534915,8.01848285327339,1.21145788811802,0.332663841974393,0.0397138060888175,0.000635024711422867,0.0152512147151929,0.0016358055060835,0.0355964495561366,0.0172943581335648,0.321385164525335,0.528083875032116,0.0961674035663586,0.145776122870224,0.0271773056582668,0.372886178295207,0.563660056088262,1.13177074441569,0.110829138008243,0.000642201593462345,0.135979053283349,0.202711669907643,0.107824769860854,0.0410206482494763,0.750842956791932,1.55207574633657,0.35367265492456,0.172758019867477,0.114966992660451,0.373854627948548,0.303403248393886,0.856759818560099,0.32092602985997,5.79716762020349,43.8690833606685,3.59139826722675,1.80884517108656,11.3515191763918,1.20264660818242,0.341418631381358,0.155708630429689,0.386891711342232,7.31014542520883,0.025065866849778,0.477640689675051,0.196239858764531,1.14257936365702,0.0517715703170611,0.0189057008133282,0.244746271387074,1.15209415315873,2.4528388938074,0.000644365396869896,0.107098222006638,0.342619941950539,0.331998364449049,3.82268418285992,9.59374857454226,4.45858523508477,21.2978686886988,9.54729409721399,3.92197778442682,1.37512935683257,0.263494853473068,0.372119304096153,0.467710471394557,2.53346483635152,0.792431001311346,0.499346052471414,0.849340675098843,5.32056152333882,0.930555675351386,2.44977663539275,0.233962478863857,0.275592840673959,0.0246127791406076,0.185145994604267,0.0293516842426306,0.542047050891346,0.55236960310061,0.0810763929648414
NA,NA,0.588410529094622,0.125070720926333,0.0798395593438961,0.00318847561862511,0.00725705267695223,0.00594899877783939,1.29409461275159,2.56839129930163,1.97763367123391,13.3512964662369,1.56870844366079,0.107368552881289,0.00851565566977793,0.00843150771912631,0.00679142182496858,0.000156173925778339,0.123280414811483,0.00508533419705868,0.079792886182002,0.26379548119928,0.101867557090857,0.00675013585021992,0.22202028615094,0.286737898477902,0.199570722913474,0.749037815596017,0.0840768672860505,0.00582123266476431,0.0733396423270249,0.038264480436975,0.0131927801439826,0.00290088098803892,0.76746843512792,2.40879249658255,0.0875900902419457,0.253976546333126,0.221248155530108,0.271634770336845,0.132360224469768,0.455469290034134,0.218105549465515,6.43549335986151,37.3458290897147,3.79663160051412,0.408399740108606,8.29604808376296,0.881504359580736,0.0895246109876611,0.0366759716141345,2.90628554893695,5.22053403025428,0.0967092271475119,0.342207364611448,0.822724984089736,1.16843020263443,2.12050496231837,24.4116292031272,0.0242261979860768,1.55908137065616,2.16228015156378,1.57397182922932e-07,0.0245115211369166,0.208074939055928,0.265196487229181,4.61195382012012,10.3099691543028,4.13538323646441,21.0539201195702,9.4596764917771,3.54253812296764,1.35223968148818,0.330373242060031,0.233652498596855,0.29286863877057,2.45479899963088,2.27754068463928,1.07634045482985,0.528743155098146,5.08338029277314,3.17896176033772,1.70222599312886,0.13266573100013,0.243622914515449,0.0559913290658565,0.141033590694591,0.0214029551226898,0.577213792345853,0.494098481251979,0.711033131191704
29.4172660478401,4.45400827380213,7.23245537369376,1.20041368034111,1.60050082710547,0.23869772419607,0.0890907533769835,1.01831111577364,0.0281258813104719,55.2051352700936,210.278210139667,35.2938067343677,32.9134477569526,9.03021758342306,4.35822192130244,1.61491246302901,3.48867972685618,8.1981919898913,10.8092685368564,15.4348729890744,15.5999921540821,11.9726994212124,7.25624273051377,8.91117839969085,3.02874131759893,0.406869697076477,3.4993909386065,2.96957173151474,2.47342614331296,1.47343629562847,1.04806527132328,0.289210310549927,0.000652117006441264,5.04881872238264,0.988692702351004,NA,9.40490229010114,3.89963810151755,0.429090135491451,1.04997236710173,1.67433885937469,2.22188532154375,2.46081282382684,27.8014321372658,70.1009281274083,NA,NA,NA,NA,NA,NA,NA,33.6078782414091,3.44688524199834,0.000712490106375453,18.7201020273768,15.7809641973215,11.0185490715762,16.8940837477036,1.35093003409574,1.78591700349346,4.26865522937202,0.328319924565967,3.7449451365099,2.28768988847144,5.15045372520233,14.9676669379152,37.8692998085659,33.256080764821,91.9704691616727,52.0070419665674,26.311126569751,17.075586920258,7.50473420413711,5.47892943484022,2.30672848273602,7.07364808725653,2.65113439402082,4.71144246089607,13.1946575409161,137.388246938267,54.0788837342288,50.9924296006232,6.73219531716785,11.2511505570374,11.6992105212704,13.2346993737638,8.41075048023902,12.1392828565714,8.03003169846892,36.1322220241734
41.123663914445,1.6928979742169,4.97608156328886,2.74540034064666,2.37068194172407,0.452639460326873,0.0972028914894782,1.10143424566054,0.0809896200129653,53.8047394089504,209.600060309237,35.7926883491254,31.4092914318214,8.94446415996125,4.58909230856492,2.01190669705688,4.3082602941557,9.18519355511139,11.4960884385469,21.4658280009478,16.5677409017739,18.214761563418,8.08045263360419,9.68529309323252,6.23599814940809,8.78993936310688,5.92778378753568,3.80758762857826,2.22712931553331,1.71767859198292,1.59326948823151,0.559328167640484,0.0758927616837399,3.39289492044574,0.264730247289321,NA,9.62103453240786,4.93943018096146,0.226635585976249,1.10079154836884,1.99987011865587,2.89887341062961,3.90314357454875,37.5092791484002,93.9388549299807,NA,NA,NA,NA,NA,NA,NA,38.4154350313518,2.95028778617395,0.0330220423807484,18.6199146344815,15.4604707749778,9.48261876958665,15.1498446245477,1.1915473803977,2.0843435504415,4.52602795580011,0.373622417095277,2.75083118635637,2.87939117337305,6.64148528182188,14.6232576108833,39.3877917986569,39.0945003070153,103.29541978138,59.1395710643565,29.4474730038108,20.9169123101998,9.82687987464959,6.84608161906334,2.49655081561512,7.57613087386111,1.39967348161843,4.83783757997135,14.4335998192996,140.948971349526,54.0480330529453,56.3358155184689,7.43248751068753,13.3312707598219,14.3701857661036,17.7560292834633,11.1276304768501,18.4480414127145,11.5510670834487,63.5838947099165
46.865582904694,3.2912041504372,8.23505486234049,2.44702520208856,2.83940092500623,0.853749735415362,0.336558316070462,0.393980418243997,0.000233612378817194,45.5490243874759,178.284377322807,43.8873324978025,34.4462326574123,8.2138168494119,4.68043564794596,2.57873920921842,5.64906008148175,9.31337436859202,11.1053627976535,19.6912235952951,16.5493271136527,15.7449122596426,9.3030736408037,9.52684569226809,4.60148480387233,1.65166087098028,5.8496975882113,3.03114354175582,2.95313973057524,1.72873430687339,1.67364557021043,0.656542788341343,0.0382773692538061,3.26784144548639,0.445618186152967,NA,9.11744361170558,5.29260858327931,0.369241316701741,1.1335193231595,2.22225444706737,2.92157372379237,3.41422042892439,38.5429213093322,118.926332286305,NA,NA,NA,NA,NA,NA,NA,34.0491161295471,2.47681470571045,0.0442468467454681,16.3956163372821,11.5710101715615,9.76370633125091,13.9770299427597,1.92396944413344,3.65171252132201,5.10961953196372,0.325592323250712,4.79526997815956,3.30021571760098,6.25053706521832,14.3407501071521,35.7748097218942,36.5756433335668,100.417833225901,58.8257027991475,29.8887534483429,20.7848381395644,9.75918160236914,6.6749815893006,2.34050199998008,6.46437157856215,1.2990738129942,4.08801070314113,13.6268476714909,142.219148862261,50.0221611995467,54.4328472897158,6.76333179408504,12.6272168765915,13.9599193719859,16.8454021220455,10.9260255237881,17.5273276557415,10.5933058575632,49.3582349782594
1.63833953893701,1.36739985922574,4.15077308563757,5.41851663392364,1.21938973932087,0.000605973851979257,0.808607569473366,13.403600388283,NA,NA,NA,NA,0.111088461538992,2.24510528590097,2.45781378181373,0.267737543876602,1.00880176405117,0.391114568100792,0.0154102693515294,0.503336781508859,3.56981270882886,2.91635325897992,1.32763110581972,1.89732801802419,4.87921932858219,7.23705926576581,1.63554745473044,3.1547655782225,1.85341453261483,5.23555202021822,2.45891260420079,3.32249690826789,0.832111827188098,0.0573338465824639,0.868335557281187,12.0398323130611,15.6816419977322,0.0660768606502501,0.0185462543263887,0.776878261115398,0.670575895384318,1.55533742146937,0.0278449452475341,0.278796414014955,42.5225109254252,NA,NA,NA,NA,48.4417267980895,3.33894734799128,5.12242777850634,54.2522792382299,12.7949795885196,5.96352315484137,18.0464859616449,NA,13.6358490003768,15.4924922919461,20.636276149787,24.4866587248155,15.8633623962768,6.63075755701286,8.07391273291924,8.55229591073374,8.5680086022604,18.7160882929798,21.4498701240438,9.29172349176333,20.9650862765015,7.4031100627608,5.2070292687498,1.6415764425973,0.978091113537004,0.503443493471475,0.0286379364049963,0.464632210520137,3.70088430161846,2.5996485882252,0.534938840881845,NA,NA,4.47026238110492,1.03353708291648,0.000352417475968549,0.36582337566142,1.42328777569958,2.06055481116938,2.22147801408604,2.16207260755008,6.38707996685687
6.37378001806011,9.09765834458798,7.83325818542883,4.13428035073675,0.562753983475143,0.0679077897895847,0.747228356884691,12.8816198944418,NA,NA,NA,NA,1.082953021853,2.49196880642939,2.18276117530043,0.396736789700911,1.63463436417164,0.146369037605037,0.0795315175684287,0.155523219380915,3.39525285087611,0.91225446834269,1.82317007418808,1.9083665496659,1.41554361296472,6.49276463009383,2.73136791790781,3.8975240120493,2.54577101289878,5.26084116173145,1.96318867958763,2.94413979696783,0.779761938012285,0.0469802899851549,1.48389613574966,20.4353371383157,22.2744836628078,0.221431548119306,0.00663896154599022,0.614361928630408,0.519082163223863,1.15841017131892,0.0876052285345887,1.39008424034186,48.9479219187467,NA,NA,NA,NA,51.5990358255494,1.63272618019598,8.33624666816549,56.062115803487,10.9167368539888,5.75657976100415,15.7783414794518,NA,13.3699565821422,11.7921437489483,19.5720989330073,23.2959660653353,14.6442799685385,7.51561390218398,8.21239234157439,8.30775315150276,7.34715903156268,13.1447986538645,15.4094173516512,6.98542311782261,20.6587121025787,7.00513802038024,4.84043648799765,1.01043218322677,0.372064582066376,0.156349663346503,0.000117876877502489,0.291926190431122,2.57475158720033,4.29543752742945,0.865666697328624,NA,NA,6.47497258619358,1.35315579852284,0.205010606508385,0.317439903400127,1.21461594224773,2.00196819918427,2.04967755964101,1.89911059181657,2.88148692171215
412.410691475826,82.9644929939882,52.4083080938724,36.6251834675776,17.9797099021929,11.0086257764668,4.73339917230813,4.025264410895,11.1194588404553,34.1774026075283,301.461129872611,57.4143016203292,51.5019408576303,10.8631943056709,9.09815860817886,6.94149809264425,17.5775649165216,31.7501349774184,11.5427761210643,25.5932714951856,36.558896522542,32.4298027097918,21.9063594704618,17.5405543526579,5.35840705020866,35.0521049509478,28.9078185711395,15.2641966467175,11.0696945961106,14.216873153787,10.8283812079884,16.0960293222325,9.15127367868143,13.4255603054621,14.560919887631,5.67593030452641,NA,11.1570814259203,6.76152489518357,8.99449733995148,8.38071117021151,13.2609290742496,12.7469933497289,51.0606686586183,NA,NA,NA,NA,2.63060237280152,3.5380109862461,4.63157421513188,35.3521660378568,96.5699319525805,30.6444250998756,15.7340271562732,31.9696357580298,76.7824731942802,20.4791526813875,50.6366681548632,37.9633932127773,35.1849632331614,19.8223913993691,10.5530257230176,9.84446925865684,9.71707029086405,9.38909711118421,27.4972442714647,22.7165536999602,18.9766638692242,30.5017639125423,21.0725518055707,18.422999948063,21.9436521715504,15.5244115921556,12.0909762615453,5.76409378137549,17.5541154094435,10.0619186307783,12.1807398096073,24.6644268393122,199.448106616682,44.9274058697802,43.3956325928343,8.83088848532135,13.7894357885866,10.7330033259349,12.6446200872092,9.848872818893,11.0286249060894,7.75176044099343,40.0963506331893
237.46928234218,20.2279395896382,4.76650712366884,1.12999118996966,0.887881253242164,0.101184056184038,0.0661738997944334,0.42454193344388,NA,85.9567216093505,NA,NA,4.79808316006075,3.07183868598536,0.1381119267732,0.00633992584160128,1.71750211810495,0.120832998810014,0.000634859097586685,2.66485508994803,7.65142329457929,5.17532551923356,3.4934827930034,0.305569430662915,6.10066217199587,10.8367806217943,7.82411336793187,3.10455297981934,2.07077943624893,1.597949923074,1.25215770747609,1.07764110246883,0.450125820152353,2.31840961313592,6.38560580638074,46.195057196603,13.9522263507321,10.1586096393482,4.86540121219946,6.39754508061683,3.87272691639939,8.99184492899762,6.70663153880419,38.3809625196563,108.039565778133,11.5007940759945,7.83817623772398,2.84262198437014,0.408154434427186,2.90610655578662,3.30778805642041,23.8902411234158,92.5941895265238,33.4954738539581,7.82177564180158,36.2101637363951,NA,29.7678196974538,0.300829158553047,1.34032027957454,4.1408395706659,3.93568634173549,3.14833795712534,3.02729026835292,2.36368003411744,0.478813496199317,13.4245283068072,30.3622274380982,3.87226747488148,1.16984964882141,0.674727076345907,9.02491224624972,9.64808956468253,6.14070149395993,5.80600142995258,4.27753712068603,23.7115189288534,1.13940796562358,7.64823873650245,14.0955301877998,111.714461778018,NA,17.9288634268952,2.76832141128133,2.58544218578129,0.841372514543817,2.94480191990094,1.81914303207707,0.0741568141376435,0.105587439573722,0.857611925664488
233.832103095548,17.5891766830783,3.95506071885141,1.44376598877969,1.3687499718105,0.0773106032263094,0.163079676576988,0.386739108680571,NA,83.4709215545645,NA,NA,20.9520627918145,2.36751482751867,0.00983873057118296,0.00706837093595386,0.659776855181849,0.156960352480211,0.346236502368696,2.75193512403672,8.77613419354086,5.93144018180278,6.48994413744327,3.81960560898756,0.146058101086927,13.8769042869828,10.3721330299673,3.56092002709133,2.29793219122618,1.5200473558823,1.22161872589857,1.23406731015395,1.03710608318701,0.571127626856171,0.48263994129082,23.5805005715534,14.70416779972,8.5079086151327,4.24804929147777,6.33038769271571,4.24120043715845,10.3856281241399,8.19331247877116,41.9518093318267,108.17405172591,16.2236563172745,10.8347096656649,6.34207245686759,1.25851796191808,4.18950049199276,4.03921604362585,25.5641142318516,92.6302401285138,32.5791070370799,7.62782964315878,37.5578251635193,NA,31.930477862252,0.770598540576502,3.0978359320097,2.39724059068974,3.31470009056336,4.45991106421033,3.75970975417241,3.26035079250287,0.859224606256241,15.9759890174434,35.23871376094,0.711251302408502,0.0256965477547711,2.41010968162388,10.1831675512044,10.3876751202802,7.68581994088078,6.91181258716036,4.77038661531238,26.1379889396319,1.50838831532266,7.92671024074922,18.0063175421162,143.675639080112,NA,17.6891391782509,3.07750364447732,3.74762895733094,1.61409503109434,3.16468482112514,2.07987992357774,0.495054134964478,0.0698657299985489,16.9632451311266
NA,NA,0.052080982386741,0.459002902988596,0.0816851647379315,0.0150258132619083,0.0376396109401357,0.0638472523437556,4.12369410993941,13.7207068499388,6.29849605405741,17.8495426546903,3.5155110200497,0.884075558522444,0.00023078963543213,0.00184024599577387,0.000796673279856074,0.235567967150645,0.365061761875522,0.177702966293725,0.434388092416143,0.380491697462561,0.702757244363081,0.0532047957756719,0.137590310043499,6.66330069080507,1.40987596511087,0.199540359648061,0.0132780498019105,0.0084088975265574,0.095269471196263,0.186825772404892,0.121693660672914,0.0881627636730124,1.83389096832839,6.6171003147516,1.10814312210553,0.495575663276617,0.366033362158142,0.399483303207736,0.434860109723979,1.08990284897317,0.706781725727844,7.04243814097999,47.588235446686,6.57352514019417,2.06955476935552,23.5030132130021,3.636388659396,1.10734629088051,0.520384219069872,4.97476790567124,1.47861899800317,0.00477439669651551,0.974677615174531,0.414505877353413,0.0813922897721106,0.480133557728875,0.0184665134008373,0.485130166466394,1.21423994504014,2.54363070340824,0.0371353667749705,0.427108099565147,0.859237473108488,2.39331105506114,6.37268888141939,11.4328781953936,6.88363909077458,27.9507677938945,13.3891131632181,7.73412888672699,2.8295752746734,0.644641862911528,0.585923327881936,0.514550183688527,2.78164906296797,1.31722915762611,0.777672197215982,0.953730696608745,5.43916249502018,2.53016994232227,2.00104597332548,0.25995904483649,0.533947861662155,0.234836452987969,0.85058841759308,0.608727222773231,1.63656990129728,1.93536741265518,6.06450096121755
NA,0.404129198269455,2.03581664115381,0.00966059095037114,0.0680198980336325,0.00042517821689954,0.000414255412258043,0.0275330207404716,0.314624750053114,0.750162948965564,0.278836223702354,14.196171199864,3.50566578823744,0.598779648938294,0.00783680434538611,0.00929791328908511,0.0105655028157083,0.0199405681486075,0.147203658623396,0.118995409595694,0.615127622321875,0.835355710081569,0.764787722257974,0.484071948216662,0.804850388305495,1.19026633036182,0.1033295687485,0.42757387943251,0.0120976559831425,0.010054062575757,0.0125845077462895,1.9291416710246e-05,0.00451003624935001,0.0152803566607379,0.961839797902983,2.43492981154273,0.222645554539411,0.0113578707221969,0.0751482614485228,0.0306589220645288,0.0803191583140675,0.310925084597621,0.24797877851911,6.87864466626206,28.0185916882118,4.84347960017324,2.71829584815418,7.323810733527,0.559726511747438,0.0769705493665706,0.0726454853919452,0.484119773798966,0.247740829713512,0.005633872485903,0.144235511241483,0.286241777919886,1.44757393539674,0.018161573775507,0.474712531812991,0.0021071491506574,0.00165323274812852,1.00380427079378,0.261799066278397,0.0264831268199705,0.174180385955153,0.230943318437876,3.04902350722907,8.98486377150532,5.83512820252218,20.5822094429911,10.2320912573967,3.84477830365232,1.45432276124876,0.561772252908712,0.235528023982998,0.144584648587096,1.10366263961243,1.36060437781563,0.224089768656647,0.00299870246946305,0.335634215591082,2.21076605599129,0.373136924644477,0.00354361515996819,0.339290301585507,0.0509366604466357,0.323058731180009,0.320253387101517,0.847248754500781,0.379103053697965,4.06976981616942
NA,0.144081296945348,1.71530072292212,0.084994233585066,0.21524657300381,0.0237532884656412,0.0224811736118309,0.0617251031910879,0.153770978626648,0.0209185504296273,0.159848073306636,3.91039158994866,1.76185664224573,0.575646916801928,0.0787059993225264,0.0195210975900048,0.0693366735067319,0.178637340798344,0.27189729571253,0.0393406527475653,0.379513559286827,1.13737406852842,0.965364456167165,0.421559651459493,0.835700460107154,2.05720468375728,0.0205353458124758,0.128708411539811,0.065933417898778,0.0148314691588667,0.0783695010757193,0.043863658899867,0.0277798505743529,0.0324348255393009,0.685687824453163,0.991762973662693,0.12243189880558,0.0280211698881333,0.0154937354461878,0.000217912474060993,0.0581970678862777,0.241526336518419,0.30938437814302,8.19293904902144,42.2092652869851,5.92838893612311,4.74573843036388,5.72233289862624,0.233469705163341,0.0430079722787246,0.0769160631559988,0.0302464395006601,0.0755137024258742,0.0191895965740595,0.0825465516607137,0.278923040881162,0.0219966408181918,0.0314689898469867,0.122034578131419,0.00451307754473645,0.0576950461607204,0.787800202689278,0.0819354565464148,0.0284837098890264,0.270202438320668,0.195075248380951,1.33130421113214,7.00872187148514,4.46230212263987,21.9931364597286,10.2207337454051,4.376140659802,1.59114447056902,0.52209291483177,0.170099213595848,0.0795794253902956,0.23652187876423,0.0159716731152811,0.334451246951191,0.256207336713608,2.19761355452785,1.17010205723032,1.5393044130574,0.213227014732715,0.329663150456738,0.0834631307202862,0.249960102575673,0.161139626311076,0.88338845395455,0.638660533881895,2.29346982366143
NA,0.359330067535407,0.213692976776998,0.281163833779246,0.310313468777624,0.0383629981976157,0.0424654465289492,0.0970037994408694,0.266887813183927,0.339403150106021,0.140132961236962,12.7557528082777,1.82316114524457,0.330069676986553,0.0297918697425226,0.0050700900329888,0.086093971989432,0.156026440907522,0.119562912550383,0.667926327342997,2.27166265132168,0.745237003661796,0.581911558082442,0.140119453912227,0.814545884080081,1.1852358509932,0.136281778810443,0.262725849040892,0.11282467107926,0.0753010073956311,0.202049809349909,0.135809455330022,0.0814830430802163,0.056228399730648,1.17831188638808,1.83526527188486,0.266571313672748,0.0725433029075949,0.0957778755829594,0.100587802059941,0.192820871025496,0.359765716417587,0.266106115705061,6.44688121743493,35.587812183963,4.99373848591913,2.78861734653962,6.37332173908209,0.574464912406015,0.159908778851523,0.52551071951155,0.112230592538818,0.0712874544215136,0.428123447972604,0.378078010624151,0.0798723238636652,0.697291877136395,0.000135081296189996,0.100040682650668,0.299716669597996,0.45432180259544,2.04843536062655,0.000833120337339841,0.112838514587692,0.491190311774193,0.457875425374031,6.58458603126212,10.7081798790004,4.90577938779573,21.9845259431425,11.4065104905872,5.66145876407705,1.90150201114005,0.398854366797372,0.236528623947266,0.171515494582459,0.704280256894374,0.307254845808318,0.333693171512309,0.274418617447086,2.29820538732542,0.432294414388646,0.975957965874831,0.0850456334897877,0.228106302168881,0.134273771209921,0.576316785475966,0.661438952280625,1.21375365522088,0.854860326722115,4.29408763829675
27.6683432104088,6.0596113274679,5.83146201610163,2.25599966811123,1.79514281878433,0.399545104662281,0.13124072138608,0.505712690374601,0.00266813256333056,47.1350339456403,222.530621184638,35.4315091528567,29.7690455970643,9.06309092231151,4.60318488162763,1.65415317781662,3.78690654296342,8.13796124087034,9.27617813486059,16.394797685073,14.5395715404808,12.5120987280838,7.18707727233259,7.76736833424472,4.31732670916044,1.94029377642206,5.23451792176154,4.65637859703692,2.27913788534342,1.26341963284061,1.10440027914048,0.318215331727856,0.149407250703898,2.75496209241414,0.0249143703258147,NA,3.26431946879086,1.84848002107555,0.552901454508269,1.03059909778661,1.59726380685679,2.59212928807174,2.27389627551563,31.1768225985186,88.1286848446732,NA,NA,NA,NA,NA,NA,NA,31.4369270944792,9.08952666449077,0.00186893502830459,16.3464776758394,15.4388646645025,13.1542458503015,21.0646488888129,1.20921244557107,2.76737020258236,2.70757205976919,0.731239319221102,3.5000750078028,3.14157419493498,4.76402194908574,13.3156296445724,36.3818095760671,39.1074103328537,90.4811231680779,51.6780498403465,26.6710745508941,17.3793867461186,7.88053184451686,5.38971619557513,2.30519448002842,7.1768775950825,1.70642611073213,4.12878397524312,11.336651318658,117.968509044493,54.4375997363357,47.7706881133323,6.26659944613297,10.5662357888314,11.1477255233773,14.0809491007948,8.69580074627854,13.4940255085386,7.95520913586811,47.8337092647028
