"","V1","V2","V3","V4","V5","V6","V7","V8","V9","V10","V11","V12","V13","V14","V15","V16","V17","V18","V19","V20","V21","V22","V23","V24","V25","V26","V27","V28","V29","V30","V31","V32","V33","V34","V35","V36","V37","V38","V39","V40","V41","V42","V43","V44","V45","V46","V47","V48","V49","V50","V51","V52","V53","V54","V55","V56","V57","V58","V59","V60","V61","V62","V63","V64","V65","V66","V67","V68","V69","V70","V71","V72"
"1",8,9,10,11,12,13,14,27,28,29,30,31,32,33,34,35,36,37,38,39,40,41,42,43,59,60,61,62,63,64,65,66,67,68,69,70,71,72,73,74,75,76,77,90,91,92,93,101,102,103,104,105,106,107,108,109,110,111,112,113,114,130,131,132,133,134,135,136,137,138,139,140
"2",9,10,11,12,13,14,15,28,29,30,31,32,33,34,35,36,37,38,39,40,41,42,43,44,56,57,58,59,60,61,62,63,64,65,66,67,68,69,70,71,72,73,74,89,90,91,92,99,100,101,102,103,104,105,106,107,108,109,110,111,112,128,129,130,131,132,133,134,135,136,137,138
"3",9,10,11,12,13,14,15,28,29,30,31,32,33,34,35,36,37,38,39,40,41,42,43,44,58,59,60,61,62,63,64,65,66,67,68,69,70,71,72,73,74,75,76,94,95,96,97,104,105,106,107,108,109,110,111,112,113,114,115,116,117,133,134,135,136,137,138,139,140,141,142,143
"4",18,19,20,21,22,23,24,37,38,39,40,41,42,43,44,45,46,47,48,49,50,51,52,53,68,69,70,71,72,73,74,75,76,77,78,79,80,81,82,83,84,85,86,101,102,103,104,111,112,113,114,115,116,117,118,119,120,121,122,123,124,140,141,142,143,144,145,146,147,148,149,150
"5",18,19,20,21,22,23,24,37,38,39,40,41,42,43,44,45,46,47,48,49,50,51,52,53,68,69,70,71,72,73,74,75,76,77,78,79,80,81,82,83,84,85,86,101,102,103,104,111,112,113,114,115,116,117,118,119,120,121,122,123,124,140,141,142,143,144,145,146,147,148,149,150
"6",8,9,10,11,12,13,14,27,28,29,30,31,32,33,34,35,36,37,38,39,40,41,42,43,59,60,61,62,63,64,65,66,67,68,69,70,71,72,73,74,75,76,77,90,91,92,93,101,102,103,104,105,106,107,108,109,110,111,112,113,114,130,131,132,133,134,135,136,137,138,139,140
"7",8,9,10,11,12,13,14,27,28,29,30,31,32,33,34,35,36,37,38,39,40,41,42,43,59,60,61,62,63,64,65,66,67,68,69,70,71,72,73,74,75,76,77,90,91,92,93,101,102,103,104,105,106,107,108,109,110,111,112,113,114,130,131,132,133,134,135,136,137,138,139,140
"8",8,9,10,11,12,13,14,27,28,29,30,31,32,33,34,35,36,37,38,39,40,41,42,43,59,60,61,62,63,64,65,66,67,68,69,70,71,72,73,74,75,76,77,90,91,92,93,101,102,103,104,105,106,107,108,109,110,111,112,113,114,130,131,132,133,134,135,136,137,138,139,140
"9",8,9,10,11,12,13,14,27,28,29,30,31,32,33,34,35,36,37,38,39,40,41,42,43,59,60,61,62,63,64,65,66,67,68,69,70,71,72,73,74,75,76,77,90,91,92,93,101,102,103,104,105,106,107,108,109,110,111,112,113,114,130,131,132,133,134,135,136,137,138,139,140
"10",8,9,10,11,12,13,14,27,28,29,30,31,32,33,34,35,36,37,38,39,40,41,42,43,59,60,61,62,63,64,65,66,67,68,69,70,71,72,73,74,75,76,77,90,91,92,93,101,102,103,104,105,106,107,108,109,110,111,112,113,114,130,131,132,133,134,135,136,137,138,139,140
"11",8,9,10,11,12,13,14,27,28,29,30,31,32,33,34,35,36,37,38,39,40,41,42,43,59,60,61,62,63,64,65,66,67,68,69,70,71,72,73,74,75,76,77,90,91,92,93,101,102,103,104,105,106,107,108,109,110,111,112,113,114,130,131,132,133,134,135,136,137,138,139,140
"12",4,5,6,7,8,9,10,23,24,25,26,27,28,29,30,31,32,33,34,35,36,37,38,39,54,55,56,57,58,59,60,61,62,63,64,65,66,67,68,69,70,71,72,85,86,87,88,96,97,98,99,100,101,102,103,104,105,106,107,108,109,123,124,125,126,127,128,129,130,131,132,133
"13",9,10,11,12,13,14,15,26,27,28,29,30,31,32,33,34,35,36,37,38,39,40,41,42,58,59,60,61,62,63,64,65,66,67,68,69,70,71,72,73,74,75,76,89,90,91,92,100,101,102,103,104,105,106,107,108,109,110,111,112,113,129,130,131,132,133,134,135,136,137,138,139
"14",9,10,11,12,13,14,15,26,27,28,29,30,31,32,33,34,35,36,37,38,39,40,41,42,58,59,60,61,62,63,64,65,66,67,68,69,70,71,72,73,74,75,76,89,90,91,92,100,101,102,103,104,105,106,107,108,109,110,111,112,113,129,130,131,132,133,134,135,136,137,138,139
"15",8,9,10,11,12,13,14,25,26,27,28,29,30,31,32,33,34,35,36,37,38,39,40,41,57,58,59,60,61,62,63,64,65,66,67,68,69,70,71,72,73,74,75,88,89,90,91,99,100,101,102,103,104,105,106,107,108,109,110,111,112,128,129,130,131,132,133,134,135,136,137,138
"16",9,10,11,12,13,14,15,26,27,28,29,30,31,32,33,34,35,36,37,38,39,40,41,42,58,59,60,61,62,63,64,65,66,67,68,69,70,71,72,73,74,75,76,89,90,91,92,100,101,102,103,104,105,106,107,108,109,110,111,112,113,129,130,131,132,133,134,135,136,137,138,139
"17",8,9,10,11,12,13,14,25,26,27,28,29,30,31,32,33,34,35,36,37,38,39,40,41,57,58,59,60,61,62,63,64,65,66,67,68,69,70,71,72,73,74,75,88,89,90,91,99,100,101,102,103,104,105,106,107,108,109,110,111,112,128,129,130,131,132,133,134,135,136,137,138
"18",9,10,11,12,13,14,15,26,27,28,29,30,31,32,33,34,35,36,37,38,39,40,41,42,58,59,60,61,62,63,64,65,66,67,68,69,70,71,72,73,74,75,76,89,90,91,92,100,101,102,103,104,105,106,107,108,109,110,111,112,113,129,130,131,132,133,134,135,136,137,138,139
"19",9,10,11,12,13,14,15,26,27,28,29,30,31,32,33,34,35,36,37,38,39,40,41,42,58,59,60,61,62,63,64,65,66,67,68,69,70,71,72,73,74,75,76,89,90,91,92,100,101,102,103,104,105,106,107,108,109,110,111,112,113,130,131,132,133,134,135,136,137,138,139,140
"20",9,10,11,12,13,14,15,26,27,28,29,30,31,32,33,34,35,36,37,38,39,40,41,42,58,59,60,61,62,63,64,65,66,67,68,69,70,71,72,73,74,75,76,89,90,91,92,100,101,102,103,104,105,106,107,108,109,110,111,112,113,129,130,131,132,133,134,135,136,137,138,139
"21",9,10,11,12,13,14,15,26,27,28,29,30,31,32,33,34,35,36,37,38,39,40,41,42,58,59,60,61,62,63,64,65,66,67,68,69,70,71,72,73,74,75,76,89,90,91,92,100,101,102,103,104,105,106,107,108,109,110,111,112,113,129,130,131,132,133,134,135,136,137,138,139
"22",8,9,10,11,12,13,14,27,28,29,30,31,32,33,34,35,36,37,38,39,40,41,42,43,55,56,57,58,59,60,61,62,63,64,65,66,67,68,69,70,71,72,73,86,87,88,89,97,98,99,100,101,102,103,104,105,106,107,108,109,110,126,127,128,129,130,131,132,133,134,135,136
"23",8,9,10,11,12,13,14,27,28,29,30,31,32,33,34,35,36,37,38,39,40,41,42,43,54,55,56,57,58,59,60,61,62,63,64,65,66,67,68,69,70,71,72,85,86,87,88,96,97,98,99,100,101,102,103,104,105,106,107,108,109,125,126,127,128,129,130,131,132,133,134,135
"24",8,9,10,11,12,13,14,27,28,29,30,31,32,33,34,35,36,37,38,39,40,41,42,43,53,54,55,56,57,58,59,60,61,62,63,64,65,66,67,68,69,70,71,84,85,86,87,95,96,97,98,99,100,101,102,103,104,105,106,107,108,124,125,126,127,128,129,130,131,132,133,134
"25",8,9,10,11,12,13,14,27,28,29,30,31,32,33,34,35,36,37,38,39,40,41,42,43,53,54,55,56,57,58,59,60,61,62,63,64,65,66,67,68,69,70,71,84,85,86,87,95,96,97,98,99,100,101,102,103,104,105,106,107,108,124,125,126,127,128,129,130,131,132,133,134
"26",8,9,10,11,12,13,14,27,28,29,30,31,32,33,34,35,36,37,38,39,40,41,42,43,53,54,55,56,57,58,59,60,61,62,63,64,65,66,67,68,69,70,71,84,85,86,87,95,96,97,98,99,100,101,102,103,104,105,106,107,108,124,125,126,127,128,129,130,131,132,133,134
"27",8,9,10,11,12,13,14,27,28,29,30,31,32,33,34,35,36,37,38,39,40,41,42,43,53,54,55,56,57,58,59,60,61,62,63,64,65,66,67,68,69,70,71,84,85,86,87,95,96,97,98,99,100,101,102,103,104,105,106,107,108,124,125,126,127,128,129,130,131,132,133,134
"28",8,9,10,11,12,13,14,27,28,29,30,31,32,33,34,35,36,37,38,39,40,41,42,43,53,54,55,56,57,58,59,60,61,62,63,64,65,66,67,68,69,70,71,84,85,86,87,95,96,97,98,99,100,101,102,103,104,105,106,107,108,124,125,126,127,128,129,130,131,132,133,134
"29",8,9,10,11,12,13,14,27,28,29,30,31,32,33,34,35,36,37,38,39,40,41,42,43,54,55,56,57,58,59,60,61,62,63,64,65,66,67,68,69,70,71,72,85,86,87,88,96,97,98,99,100,101,102,103,104,105,106,107,108,109,125,126,127,128,129,130,131,132,133,134,135
"30",17,18,19,20,21,22,23,36,37,38,39,40,41,42,43,44,45,46,47,48,49,50,51,52,68,69,70,71,72,73,74,75,76,77,78,79,80,81,82,83,84,85,86,102,103,104,105,113,114,115,116,117,118,119,120,121,122,123,124,125,126,133,134,135,136,137,138,139,140,141,142,143
"31",8,9,10,11,12,13,14,28,29,30,31,32,33,34,35,36,37,38,39,40,41,42,43,44,59,60,61,62,63,64,65,66,67,68,69,70,71,72,73,74,75,76,77,91,92,93,94,101,102,103,104,105,106,107,108,109,110,111,112,113,114,128,129,130,131,132,133,134,135,136,137,138
"32",7,8,9,10,11,12,13,22,23,24,25,26,27,28,29,30,31,32,33,34,35,36,37,38,53,54,55,56,57,58,59,60,61,62,63,64,65,66,67,68,69,70,71,84,85,86,87,94,95,96,97,98,99,100,101,102,103,104,105,106,107,120,121,122,123,124,125,126,127,128,129,130
"33",8,9,10,11,12,13,14,27,28,29,30,31,32,33,34,35,36,37,38,39,40,41,42,43,53,54,55,56,57,58,59,60,61,62,63,64,65,66,67,68,69,70,71,84,85,86,87,95,96,97,98,99,100,101,102,103,104,105,106,107,108,124,125,126,127,128,129,130,131,132,133,134
"34",9,10,11,12,13,14,15,26,27,28,29,30,31,32,33,34,35,36,37,38,39,40,41,42,58,59,60,61,62,63,64,65,66,67,68,69,70,71,72,73,74,75,76,89,90,91,92,100,101,102,103,104,105,106,107,108,109,110,111,112,113,129,130,131,132,133,134,135,136,137,138,139
"35",9,10,11,12,13,14,15,26,27,28,29,30,31,32,33,34,35,36,37,38,39,40,41,42,58,59,60,61,62,63,64,65,66,67,68,69,70,71,72,73,74,75,76,89,90,91,92,100,101,102,103,104,105,106,107,108,109,110,111,112,113,129,130,131,132,133,134,135,136,137,138,139
"36",8,9,10,11,12,13,14,27,28,29,30,31,32,33,34,35,36,37,38,39,40,41,42,43,53,54,55,56,57,58,59,60,61,62,63,64,65,66,67,68,69,70,71,84,85,86,87,95,96,97,98,99,100,101,102,103,104,105,106,107,108,124,125,126,127,128,129,130,131,132,133,134
"37",8,9,10,11,12,13,14,27,28,29,30,31,32,33,34,35,36,37,38,39,40,41,42,43,54,55,56,57,58,59,60,61,62,63,64,65,66,67,68,69,70,71,72,85,86,87,88,96,97,98,99,100,101,102,103,104,105,106,107,108,109,124,125,126,127,128,129,130,131,132,133,134
"38",9,10,11,12,13,14,15,26,27,28,29,30,31,32,33,34,35,36,37,38,39,40,41,42,54,55,56,57,58,59,60,61,62,63,64,65,66,67,68,69,70,71,72,85,86,87,88,95,96,97,98,99,100,101,102,103,104,105,106,107,108,124,125,126,127,128,129,130,131,132,133,134
