"""site"",""rate.strong"",""rate.medium"",""rate.r4s"",""z.strong"",""z.medium"",""z.r4s"""
1,1.66502260657775,1.30285786856365,0.748547604801881,1.67432754865658,1.6891897216719,-0.363962264241157
2,1.05632646185877,1.05426063165821,0.348972860606609,0.141813144208463,0.302638665863853,-0.942322746814043
3,1.70714327386152,1.30375286294707,0.595513752977913,1.78037476104224,1.69418155272647,-0.585469588406879
4,1.73544383575901,1.28397963109173,1.837388782734,1.85162709135213,1.58389635468066,1.21207005076996
5,1.57324854853081,1.25225575329147,2.60869904714373,1.44326798448516,1.40695643046497,2.32849540852336
6,0.682187759414943,0.881214379388621,0.249161054628322,-0.800155941239607,-0.662526783176468,-1.08679435096493
7,0.620300480320599,0.811469288709582,0.540735985792127,-0.955969556106463,-1.05153001717151,-0.66475712177599
8,1.08486500853626,1.05875217799339,2.30656158688132,0.213664648846218,0.327690264951483,1.89116955182378
9,0.672631894641967,0.846099365485538,2.13625104017513,-0.824214743876355,-0.85838076855505,1.64465524777632
10,0.354446354811684,0.663770815607691,0.606403802358645,-1.6253105406998,-1.87531823127205,-0.569706894926921
11,0.819058804157139,0.926992941321755,2.31720599605045,-0.455555684709116,-0.407196860077185,1.90657669582675
12,1.21654966411996,1.11477456542339,2.05518977034863,0.54520713236233,0.64015512339841,1.52732392036912
13,0.62514290220306,0.810025143570032,1.98559171039659,-0.943777789571269,-1.05958473649546,1.42658490188818
14,0.61157552153988,0.832370333693407,0.359862909987341,-0.977936386561486,-0.934954441551431,-0.926560053334086
15,1.45245386260641,1.19887383990675,2.65045788311495,1.13914317974306,1.10921881565478,2.38893881961192
16,1.17206039462142,1.08782169412197,0.585770024584627,0.433196489710127,0.489825487296082,-0.59957305099421
17,0.673075814526994,0.861901082972621,0.771146504268663,-0.823097086693658,-0.77024669137048,-0.331251712357936
18,1.09383161073852,1.04201395791423,1.30516832427718,0.236239864991664,0.234332844684072,0.441712850621648
19,1.67091025676981,1.28525842866053,2.71432433812977,1.68915088671443,1.59102884795076,2.48138168362972
20,1.54901883935078,1.24608419363795,1.18234821847945,1.3822648408705,1.37253455731753,0.263938112125883
21,0.635549101199813,0.828142526595185,1.91681245114986,-0.917578100290437,-0.95853503508,1.32703104833055
22,0.561440747790112,0.770653752323707,2.64472627817772,-1.10416071638822,-1.27917866594042,2.38064266514878
23,1.08683760307041,1.05835380668979,2.67747830639045,0.21863105049661,0.325468349058606,2.42804926208099
24,0.609847509883712,0.819804736668034,1.82756317427018,-0.98228700185141,-1.00503905729081,1.1978480716903
25,0.462122395013722,0.737116733290243,0.0847458730004317,-1.3542145528983,-1.46623138514337,-1.3247754675646
26,0.522650977745317,0.755647291416144,1.33382634896332,-1.20182172813378,-1.36287719965838,0.483193622937326
27,0.698103935139328,0.860677477844347,1.15369019379332,-0.760083782457314,-0.777071348810839,0.222457339810205
28,0.516626899194757,0.777421824060806,0.704659886996827,-1.21698855189693,-1.24142974672605,-0.42748710413031
29,0.454674359514049,0.737655282538539,0.379923527267636,-1.37296647335503,-1.46322762678256,-0.897523512713111
30,0.515125965504052,0.770931101068764,1.26422828901127,-1.2207674529481,-1.27763175335171,0.382454604456393
31,0.671976111598004,0.868501865775682,0.285188285662322,-0.825865808976382,-0.733430826163474,-1.03464709433951
32,0.615874930907989,0.842181926451327,0.617211971668845,-0.967111762741521,-0.880230284247837,-0.554062717939294
33,0.516063676648464,0.768464454130495,0.347253379125441,-1.21840657741359,-1.29138947632216,-0.944811593152984
34,0.978445670490509,1.00009927053847,1.56964095209495,-0.0542673396868106,0.000553681415098278,0.824521120849194
35,1.10984415498131,1.05972332201336,1.09064253948382,0.276554650811873,0.333106820593834,0.131199640715713
36,1.16408185288435,1.10054352503038,0.869566349047908,0.413108913594154,0.560781497497342,-0.188794888576663
37,1.33945768743941,1.13127587196751,0.135511516730159,0.854652687083671,0.732191158455663,-1.25129524231968
38,1.29698463124209,1.14390908784462,0.60755012334609,0.747718265060377,0.802652918331644,-0.568047664034294
39,0.621151853432288,0.836804013532773,0.139277999974623,-0.953826053854078,-0.910225592836487,-1.24584348367248
40,0.63891929077806,0.808647631792448,0.53549566127809,-0.909092973319953,-1.0672678082519,-0.672342177285143
41,1.1934102405383,1.09921011184874,0.458528394978181,0.486949001015223,0.553344385653897,-0.783747680075822
42,1.00202945565055,1.01038995167456,0.658479527216881,0.00510956089444835,0.0579499540843061,-0.494330405804717
43,1.20093478377306,1.08448995288592,0.0855646737057499,0.505893545011787,0.471242700994704,-1.32359030264129
44,2.09121449776571,1.41377907884493,1.40424320962068,2.7473509577437,2.30785275727721,0.585117806341564
45,1.46006532211768,1.18855422267891,1.170885008605,1.15830655286624,1.0516611519377,0.247345803199612
46,1.04196318645933,1.03903153488956,0.287071527284554,0.105650722882681,0.217698380660271,-1.03192121501591
47,1.06892854711257,1.04640293694344,0.725621185052972,0.173541416754766,0.258812374636322,-0.397146882093699
48,1.39719867034496,1.21387452914107,0.778188190334399,1.00002717121252,1.19288515786602,-0.321059294017512
49,0.879779948201948,0.983072715952934,1.02022567882645,-0.302678048288073,-0.0944119245233155,0.0292754573114743
50,1.40639452996005,1.19203410032775,0.656268765312522,1.02317958879178,1.07107016906174,-0.497530351097641
51,1.41239393844676,1.19378186280733,1.52296931189182,1.03828430073027,1.08081831405935,0.756966720220803
52,1.40039858323518,1.20809047743785,2.485878941346,1.00808359253174,1.16062461025983,2.1507206700276
53,1.70849816814807,1.30784188116797,2.089579399972,1.78378597865659,1.7169880513102,1.57710084714793
54,1.5751823611117,1.22339787229088,0.488824021074954,1.44813674480414,1.24600160301863,-0.739896577913533
55,0.576312047303903,0.789722673054653,1.02513848305836,-1.06671924264885,-1.17282176309733,0.0363864468513049
56,0.994454860608902,1.00718842149865,1.54262052881945,-0.0139609985462524,0.0400934199535746,0.785410678380125
57,1.29944256325024,1.16821698315336,2.08139139291882,0.753906600965455,0.938230201186225,1.56524919791488
58,1.25655324388039,1.13923364792135,0.217391587261977,0.645924153070019,0.776575652780843,-1.13277874998917
59,1.3980890387727,1.20973568783309,2.07975379150818,1.00226885197988,1.16980077102066,1.56287886806827
60,1.43583628524865,1.19528441882772,1.33136994684736,1.09730510192911,1.08919882006341,0.479638128167411
61,0.605129194029885,0.819620049165895,0.599034596010781,-0.994166306613665,-1.00606915180945,-0.580373379236667
62,0.615706605596322,0.847853459198324,1.27651029959104,-0.967535555412136,-0.848597311105059,0.400232078305969
63,1.19299116444405,1.10237129961696,0.93179520265209,0.485893893049498,0.570975910011102,-0.0987223544054763
64,0.613049686179254,0.84120801948995,0.107017252185086,-0.974224881956159,-0.885662250195508,-1.2925389816507
65,0.341542304941968,0.64662523827611,0.180873075804786,-1.65779906961958,-1.97094768656075,-1.18563710556858
66,0.684967838781943,0.861335593503676,1.94465167513068,-0.793156534865177,-0.773400708808381,1.36732665572293
67,0.822233949153703,0.921118444477067,0.337509650732154,-0.447561621520675,-0.439961865447864,-0.958915055740315
68,0.740404345677825,0.89434910125855,0.23868040560025,-0.653584030443533,-0.589267873692202,-1.10196446198324
69,0.503791274671875,0.769557211262441,1.224925855156,-1.24930480630739,-1.28529462356392,0.325566688137748
70,1.01366859344206,1.00383156389718,1.76124031713941,0.0344134204237142,0.0213705471274007,1.10184971290259
71,0.938998140894784,0.983565058767207,0.47826149197635,-0.153584392784383,-0.0916658825421316,-0.755185205424169
72,0.757104879756096,0.893043305325123,0.792025922254277,-0.611537092477887,-0.596550950337386,-0.301030006813656
73,0.984832961150603,1.04067633907536,1.05625290986045,-0.0381860567233536,0.226872275788003,0.0814227139368985
74,1.45563008995837,1.17943408489019,2.66273989369472,1.1471399679779,1.00079358463294,2.4067162934615
75,0.764945187433966,0.901045688433697,0.365922035206695,-0.591797548280201,-0.55191765961262,-0.917789832901628
76,0.753265644072881,0.888268871800238,0.80750125558479,-0.621203136920002,-0.623180352688034,-0.27863038976319
77,1.19883187061316,1.105111669401,1.31008112850909,0.500599040131442,0.586260322117471,0.448823840161478
78,1.38655056933928,1.18768758109155,0.788996359644599,0.97321844519578,1.04682745859934,-0.305415117029885
79,0.755341487429079,0.887754525049226,1.08081693102,-0.615976785689833,-0.626049121623461,0.116977661636051
80,1.11162038114014,1.03798875113271,0.574061174498577,0.281026655764727,0.211882254394961,-0.616520909397473
81,1.55158903428105,1.24157729584049,1.34856476165904,1.38873582115687,1.34739733545104,0.504526591556818
82,1.1052026220263,1.07498765842298,0.789815160349917,0.264868662369211,0.418243654890262,-0.30422995210658
83,1.45342327077348,1.18862049308775,0.943258412526545,1.14158385887782,1.05203077513421,-0.0821300454792049
84,1.86599778936933,1.3306575125973,2.03226335059973,2.18032280628531,1.84424223257575,1.49413930251657
85,1.20660239885749,1.12668104085067,0.797020606556717,0.520162900635442,0.706563488511993,-0.293800500781495
86,0.836252776281453,0.928020993110475,0.974372839328635,-0.41226641767695,-0.401462901362203,-0.0370937783936113
87,1.34329170407193,1.15194031974072,1.10538095217954,0.864305591520813,0.847447113165004,0.152532609335204
88,1.59288957789448,1.24809554586933,2.13133823594323,1.49271820801484,1.38375287412077,1.63754425823649
89,0.754035386192045,0.890535598163609,0.265537068734686,-0.619265157033711,-0.610537686697517,-1.06309105249883
90,0.370787596283934,0.638336634842184,0.135757156941754,-1.58416819379969,-2.01717737111213,-1.25093969284269
91,0.897082203779813,0.984753323153371,0.790633961055236,-0.259116155983394,-0.0850383380861915,-0.303044787183275
92,0.818491163309547,0.939456067920673,0.709736451369799,-0.456984834183834,-0.337683773127746,-0.420139081605818
93,0.554396316895901,0.77930189889803,0.066699505455219,-1.12189648144962,-1.23094362957124,-1.35089650247424
94,0.508383550659245,0.74566614894266,0.291656811234336,-1.23774283214194,-1.41854702047801,-1.0252842914454
95,1.16927792429812,1.10251503133707,1.10456215147423,0.426191063624561,0.571777573660964,0.151347444411899
96,1.69685739654448,1.30650878948564,0.821257107434135,1.75447800567833,1.70955273262915,-0.258719619051664
97,0.86977391888131,0.96056146925384,0.230901798899727,-0.327870230295875,-0.21996839999636,-1.11322352875464
98,0.997678733299767,1.04436884487705,0.270204232755,-0.00584425363218855,0.24746722640628,-1.05633561243599
99,0.573377408928492,0.799375299713063,0.171784387975754,-1.07410778226946,-1.11898423919262,-1.19879243621727
100,1.08962960709243,1.05935160215268,0.282977523757963,0.225660479577357,0.331033553120296,-1.03784703963243
101,0.89976680988985,0.970372407278561,0.512814881740777,-0.252357122646982,-0.165247894467098,-0.705171245660694
102,1.58863472270851,1.23687160511819,0.846639929298999,1.4820057582681,1.32115134607267,-0.221979506429206
103,0.845896933716877,0.94038645720698,0.19184500525605,-0.387985320586419,-0.332494527006989,-1.16975589559629
104,0.562512631778972,0.801999025483116,0.152788211612373,-1.10146203385658,-1.10435040905878,-1.22628826243794
105,1.09212555142867,1.06292472524983,1.33955795390054,0.231944519128403,0.350962646719862,0.491489777400462
106,1.01488398696477,1.00376593232445,0.656268765312522,0.0374734169372235,0.0210044870392366,-0.497530351097641
107,0.52771279742198,0.775705638471788,0.155981534363113,-1.18907758372855,-1.25100177162075,-1.22166611923705
108,0.697356133282009,0.850722993072264,0.752395968116877,-0.761966523342002,-0.832592486304446,-0.358391989101623
109,0.822597182540266,0.945154233600417,0.834357918719226,-0.446647108751183,-0.305902254806109,-0.239756980278783
110,0.681036391210354,0.852982457872305,1.24375827137832,-0.803054741196966,-0.819990321682439,0.352825481373765
111,0.555637599832059,0.775828470755137,1.08163573172532,-1.11877130315473,-1.2503166745767,0.118162826559356
112,0.810834042930229,0.935531577789487,0.914600387840408,-0.476263167683575,-0.359572616312971,-0.123610817794883
113,1.0580549011843,1.05971599970846,1.59666137537045,0.146164836241605,0.33306598043926,0.863631563318262
114,0.812904188705126,0.946919806564184,0.469500324429445,-0.471051161254978,-0.296054771835297,-0.767866470103533
115,0.567889491571024,0.789519379164159,0.99484285696159,-1.08792471289027,-1.17395563474454,-0.00746465531098371
116,0.824267084046653,0.94090423567533,0.821257107434135,-0.442442797396906,-0.329606617668566,-0.258719619051664
117,1.66884631310943,1.29521987540456,1.84312038767123,1.6839544953508,1.64658881584193,1.2203662052331
118,1.08960358706486,1.04030342917214,0.847458730004317,0.225594968948779,0.224792370852322,-0.220794341505901
119,1.16252081957306,1.10615776209406,1.27651029959104,0.409178699716297,0.592094903974042,0.400232078305969
120,1.17713242700409,1.11201795854519,1.52788211612373,0.445966346647314,0.624780148901523,0.764077709760634
121,1.72719793614459,1.2703988659389,2.57512821822568,1.83086638825526,1.50814963884531,2.27990364666785
122,0.836009184276686,0.928635947999353,1.56227174574709,-0.41287970931573,-0.398032990551193,0.813854636539448
123,0.609843181658483,0.827037445399627,0.393433738905386,-0.982297899024928,-0.96469862530139,-0.877968291478577
124,1.39991298187315,1.21263990399759,0.840089523656454,1.00686099388613,1.1859990362923,-0.231460825815647
125,1.58226993864397,1.25100331307815,0.793663523664913,1.46598114016473,1.39997094534162,-0.298659676967046
126,1.20730359425117,1.09292883524223,2.15098945287086,0.52192830041738,0.518310566215705,1.66598821639581
127,0.475778651829723,0.731038114321269,1.65233982333209,-1.31983219240048,-1.50013488163513,0.944222778103008
128,0.62949122197795,0.82375049779536,0.36297435266755,-0.932830024010438,-0.983031575127439,-0.922056426625526
129,0.957160403737802,1.01631118163676,1.05297770703918,-0.107857260017427,0.090975613411714,0.076682054243678
130,0.628513128630635,0.829454189674753,0.489233421427613,-0.935292569825226,-0.951219234427996,-0.73930399545188
131,0.391958785658158,0.670739900832347,1.8644092060095,-1.53086548610754,-1.83644815935754,1.25118049323903
132,0.913904848737979,0.971400773585007,1.22083185162941,-0.216761779431185,-0.159512181529537,0.319640863521223
133,0.882066204101854,0.97316686588371,0.232866920592491,-0.296921941354822,-0.149661801968187,-1.11037913293871
134,0.58079322557966,0.77624988155456,0.475313809437204,-1.055436979214,-1.24796625589891,-0.759451799148067
135,0.570046635112244,0.784124682193693,0.713584814684795,-1.08249367216813,-1.2040445563805,-0.414568806466284
136,1.06639227610313,1.06152529170335,1.69573626071395,0.167155846730583,0.343157306300325,1.00703651903818
137,1.00779970648327,1.0229935520883,1.54753333305136,0.0196373225619652,0.128246533717261,0.792521667919956
138,0.707020743804348,0.865518214055065,0.434291894100763,-0.737633931510485,-0.750072143238768,-0.818828561805653
139,0.743471800951302,0.902571780110167,0.580857220352718,-0.645861097692293,-0.543405883489886,-0.60668404053404
140,1.32292038164143,1.13169907653321,1.48694208085782,0.813016708991731,0.734551581864602,0.704819463595379
141,0.827517669164469,0.927701964658384,0.348154059901291,-0.434258798600202,-0.403242282511349,-0.943507911737348
142,0.623125727164424,0.837096827528929,0.694179237968754,-0.948856431566661,-0.908592422811834,-0.442657215148615
143,0.76556669481304,0.913025244476259,0.947352416053135,-0.590232779028472,-0.485101687377001,-0.0762042208626794
144,1.27516660320961,1.12882812512171,0.966184832275454,0.692787011549863,0.718538850748456,-0.0489454276266622
145,0.827785297204639,0.91206700033737,1.04642730139664,-0.433584991430315,-0.490446293934325,0.0672007348572373
146,0.738133548543392,0.909933567455196,0.121018744246027,-0.659301216839884,-0.502345515551176,-1.27227266146218
147,1.57219262449591,1.21972749850711,0.256939661328845,1.44060948433278,1.22553009372738,-1.07553528419354
148,2.04148689216669,1.41538059309403,0.336690850026836,2.62215175525096,2.31678520278877,-0.96010022066362
149,1.41974520019078,1.19213904065185,1.17170380931032,1.05679257388316,1.07165547370546,0.248530968122917
150,1.86156749086817,1.35259079163518,0.309752306821868,2.16916864286907,1.96657509349514,-0.999092146640358
151,1.00186375525476,0.997142120275097,0.633342345563613,0.00469237697505472,-0.0159398237859112,-0.530714968950184
